# Blender 5.0.1
# www.blender.org
mtllib car.mtl
o car
v -3.927550 -0.000000 4.806386
v 4.190579 -0.000000 4.806386
v -3.927550 0.000000 -4.806386
v 4.190579 0.000000 -4.806386
v 0.000000 3.093125 -1.923335
v 0.924443 3.060314 -1.822866
v 0.670016 3.081066 -1.871802
v 0.327827 3.090759 -1.905173
v 0.933252 2.604614 -2.072692
v 0.000000 2.444273 -2.281385
v 0.349067 2.434884 -2.263570
v 0.324429 3.202930 -1.822067
v 0.000000 3.212296 -1.834100
v 0.662932 3.190494 -1.791365
v 0.915647 3.154398 -1.755522
v 0.809970 3.183331 -1.760285
v 0.969368 3.099324 -1.772869
v 0.978363 3.049310 -1.804307
v 1.002684 2.595260 -2.053260
v 0.985503 2.910402 -1.880592
v 0.704432 2.434107 -2.224828
v 0.906010 2.433155 -2.174412
v 0.936231 2.450517 -2.157171
v 0.985509 2.477774 -2.127230
v -0.000000 3.392099 0.847644
v 1.147447 3.275175 0.705124
v 0.851657 3.327869 0.770220
v 0.437678 3.366427 0.819140
v 1.251400 3.248599 0.678455
v 0.473998 2.425341 1.323223
v 0.000000 2.460325 1.348320
v 0.949773 2.365170 1.276052
v 0.000000 3.457152 0.792738
v 0.429628 3.431431 0.768450
v 0.840154 3.396221 0.721794
v 1.135509 3.345840 0.658872
v 1.316264 2.285582 1.202066
v 1.236038 3.324201 0.628768
v 1.283682 3.285895 0.626393
v 1.310817 3.219880 0.656405
v 1.407724 2.269521 1.172336
v 1.443304 2.279965 1.145396
v 1.461688 2.354171 1.090048
v -0.924443 3.060314 -1.822866
v -0.670016 3.081066 -1.871802
v -0.327827 3.090759 -1.905173
v -0.933252 2.604614 -2.072692
v -0.349067 2.434884 -2.263570
v -0.324429 3.202930 -1.822067
v -0.662932 3.190494 -1.791365
v -0.915647 3.154398 -1.755522
v -0.809970 3.183331 -1.760285
v -0.969368 3.099324 -1.772869
v -0.978363 3.049310 -1.804307
v -1.002684 2.595260 -2.053260
v -0.985503 2.910402 -1.880592
v -0.704432 2.434107 -2.224828
v -0.906010 2.433155 -2.174412
v -0.936231 2.450517 -2.157171
v -0.985509 2.477774 -2.127230
v -1.147447 3.275175 0.705124
v -0.851657 3.327869 0.770220
v -0.437678 3.366427 0.819140
v -1.251400 3.248599 0.678455
v -0.473998 2.425341 1.323223
v -0.949773 2.365170 1.276052
v -0.429628 3.431431 0.768450
v -0.840154 3.396221 0.721794
v -1.135509 3.345840 0.658872
v -1.316264 2.285582 1.202066
v -1.236038 3.324201 0.628768
v -1.283682 3.285895 0.626393
v -1.310817 3.219880 0.656405
v -1.407724 2.269521 1.172336
v -1.443304 2.279965 1.145396
v -1.461688 2.354171 1.090048
v 1.379962 3.068914 -0.375183
v 1.406967 2.914549 -0.309267
v 1.404193 2.976651 0.117445
v 1.357644 3.247470 -0.329526
v 1.353960 3.218809 -0.617495
v 1.358838 3.262072 0.002789
v 1.522882 2.214996 -0.211112
v 1.528439 2.238942 0.355912
v 1.362822 3.234993 0.159553
v 1.373712 3.175215 0.300293
v 1.402082 3.023690 0.440655
v 1.532876 2.258083 0.809246
v 1.516760 2.188671 -0.834124
v 1.410318 2.838877 -0.829217
v 1.355735 3.185054 -0.826704
v 1.387776 2.975775 -0.828181
v 1.392960 2.913997 -1.128653
v 1.412434 2.791079 -1.157644
v 1.366450 3.085818 -1.127644
v 1.378764 2.997402 -1.208481
v 1.395579 2.882562 -1.281541
v 1.357597 3.150665 -1.022796
v 1.389924 2.950173 -0.952703
v 1.354879 3.176652 -0.947315
v 1.413597 2.764632 -1.339356
v 1.515443 2.182663 -0.971160
v 1.411133 2.820451 -0.955823
v 1.511284 2.171931 -1.325451
v 1.486150 2.306328 -1.506289
v 1.503632 2.199948 -1.506839
v 1.509554 2.167492 -1.471954
v -1.379962 3.068914 -0.375183
v -1.406967 2.914549 -0.309267
v -1.404193 2.976651 0.117445
v -1.357644 3.247470 -0.329526
v -1.353960 3.218809 -0.617495
v -1.358838 3.262072 0.002789
v -1.522882 2.214996 -0.211112
v -1.528439 2.238942 0.355912
v -1.362822 3.234993 0.159553
v -1.373712 3.175215 0.300293
v -1.402082 3.023690 0.440655
v -1.532876 2.258083 0.809246
v -1.516760 2.188671 -0.834124
v -1.410318 2.838877 -0.829217
v -1.355735 3.185054 -0.826704
v -1.387776 2.975775 -0.828181
v -1.392960 2.913997 -1.128653
v -1.412434 2.791079 -1.157644
v -1.366450 3.085818 -1.127644
v -1.378764 2.997402 -1.208481
v -1.395579 2.882562 -1.281541
v -1.357597 3.150665 -1.022796
v -1.389924 2.950173 -0.952703
v -1.354879 3.176652 -0.947315
v -1.413597 2.764632 -1.339356
v -1.515443 2.182663 -0.971160
v -1.411133 2.820451 -0.955823
v -1.511284 2.171931 -1.325451
v -1.486150 2.306328 -1.506289
v -1.503632 2.199948 -1.506839
v -1.509554 2.167492 -1.471954
v 1.545280 0.038213 1.659916
v 1.621194 0.002883 1.861733
v 1.700823 0.025554 2.064819
v 1.772045 0.140661 2.238255
v 1.824017 0.320822 2.355637
v 1.848826 0.536306 2.399097
v 1.842697 0.754308 2.362015
v 1.806561 0.941640 2.250038
v 1.745920 1.069781 2.080215
v 1.670006 1.119223 1.878397
v 1.590377 1.082440 1.675311
v 1.519155 0.965031 1.501875
v 1.467183 0.784870 1.384493
v 1.442373 0.569386 1.341034
v 1.448503 0.351384 1.378116
v 1.484639 0.164052 1.490093
v 1.219430 0.050408 1.785472
v 1.295343 0.015077 1.987289
v 1.374972 0.037748 2.190375
v 1.446195 0.152856 2.363811
v 1.498166 0.333016 2.481194
v 1.522976 0.548500 2.524653
v 1.516846 0.766503 2.487571
v 1.480710 0.953834 2.375595
v 1.420070 1.081975 2.205770
v 1.344156 1.131418 2.003953
v 1.264527 1.094634 1.800868
v 1.193305 0.977225 1.627431
v 1.141333 0.797065 1.510049
v 1.116523 0.581580 1.466590
v 1.122653 0.363578 1.503672
v 1.158789 0.176247 1.615649
v 1.618627 0.156772 1.690126
v 1.676700 0.126169 1.844514
v 1.737616 0.147087 1.999872
v 1.792100 0.235667 2.132549
v 1.831858 0.373487 2.222345
v 1.850837 0.538330 2.255590
v 1.846148 0.705100 2.227224
v 1.818504 0.848406 2.141563
v 1.772115 0.946433 2.011649
v 1.714041 0.984256 1.857261
v 1.653126 0.956117 1.701903
v 1.598642 0.866300 1.569226
v 1.558884 0.728479 1.479430
v 1.539905 0.563636 1.446185
v 1.544594 0.396867 1.474552
v 1.572238 0.253561 1.560213
v 1.193235 0.172691 1.854037
v 1.251308 0.142089 2.008425
v 1.312223 0.163007 2.163784
v 1.366707 0.251586 2.296460
v 1.406465 0.389407 2.386257
v 1.425444 0.554250 2.419502
v 1.420755 0.721019 2.391135
v 1.393111 0.864326 2.305474
v 1.346722 0.962352 2.175561
v 1.288649 1.000175 2.021173
v 1.227733 0.972036 1.865815
v 1.173249 0.882220 1.733139
v 1.133491 0.744399 1.643342
v 1.114512 0.579556 1.610096
v 1.119202 0.412786 1.638463
v 1.146845 0.269480 1.724124
v 1.587215 0.242884 1.743391
v 1.632729 0.215165 1.864391
v 1.680471 0.235294 1.986151
v 1.723172 0.305654 2.090135
v 1.754332 0.413669 2.160511
v 1.769207 0.542863 2.186568
v 1.765531 0.673567 2.164335
v 1.743866 0.785882 2.097200
v 1.707509 0.862709 1.995381
v 1.661995 0.892352 1.874382
v 1.614253 0.870299 1.752622
v 1.571551 0.799906 1.648638
v 1.540392 0.691890 1.578261
v 1.525517 0.562697 1.552205
v 1.529192 0.431993 1.574437
v 1.550858 0.319678 1.641573
v 1.314273 0.380845 1.909619
v 1.341158 0.363336 1.981091
v 1.320972 0.564995 1.995150
v 1.369358 0.376362 2.053013
v 1.394581 0.417942 2.114435
v 1.412987 0.481745 2.156006
v 1.421773 0.558058 2.171396
v 1.419602 0.635263 2.158264
v 1.406804 0.701605 2.118608
v 1.385329 0.746986 2.058466
v 1.358444 0.764496 1.986993
v 1.330244 0.751469 1.915071
v 1.305021 0.709890 1.853649
v 1.286615 0.646086 1.812078
v 1.277829 0.569774 1.796688
v 1.280000 0.492569 1.809820
v 1.292797 0.426226 1.849476
v 1.312272 0.157341 1.541775
v 1.274931 0.350918 1.426066
v 1.268597 0.576187 1.387748
v 1.294234 0.798854 1.432655
v 1.347938 0.985020 1.553950
v 1.421534 1.106344 1.733168
v 1.503818 1.144353 1.943024
v 1.582262 1.093263 2.151568
v 1.644925 0.960850 2.327054
v 1.682265 0.767274 2.442762
v 1.688599 0.542004 2.481080
v 1.662963 0.319337 2.436172
v 1.609258 0.133171 2.314877
v 1.535662 0.013718 2.135660
v 1.453378 -0.009747 1.925804
v 1.374934 0.026799 1.717260
v 1.623193 0.253858 1.735431
v 1.666906 0.226511 1.851643
v 1.712759 0.246569 1.968584
v 1.753770 0.314176 2.068453
v 1.783697 0.417917 2.136045
v 1.797983 0.541999 2.161070
v 1.794453 0.667530 2.139717
v 1.773645 0.775400 2.075238
v 1.738727 0.849187 1.977449
v 1.695014 0.877657 1.861238
v 1.649161 0.856476 1.744296
v 1.608150 0.788869 1.644427
v 1.578223 0.685128 1.576836
v 1.563937 0.561047 1.551811
v 1.567467 0.435515 1.573164
v 1.588275 0.327646 1.637643
v 1.587866 0.321649 1.780804
v 1.621888 0.299491 1.871253
v 1.657576 0.315975 1.962270
v 1.689496 0.368595 2.039999
v 1.712787 0.449338 2.092606
v 1.723907 0.545911 2.112083
v 1.721159 0.643613 2.095464
v 1.704964 0.727570 2.045280
v 1.677787 0.784999 1.969170
v 1.643765 0.807157 1.878721
v 1.608077 0.790672 1.787704
v 1.576158 0.738053 1.709976
v 1.552865 0.657310 1.657368
v 1.541747 0.560737 1.637892
v 1.544494 0.463035 1.654510
v 1.560689 0.379079 1.704695
v 1.649312 0.412397 1.801589
v 1.669768 0.399074 1.855973
v 1.691226 0.408985 1.910699
v 1.710418 0.440624 1.957435
v 1.724423 0.489172 1.989066
v 1.731108 0.547238 2.000777
v 1.729457 0.605984 1.990785
v 1.719719 0.656464 1.960610
v 1.703378 0.690994 1.914848
v 1.682921 0.704317 1.860463
v 1.661464 0.694405 1.805738
v 1.642272 0.662767 1.759002
v 1.628267 0.614219 1.727371
v 1.621581 0.556153 1.715661
v 1.623234 0.497407 1.725652
v 1.632971 0.446927 1.755827
v 1.708357 0.550498 1.845884
v -1.712230 0.038213 1.767488
v -1.633095 0.002883 1.968063
v -1.555863 0.025554 2.172073
v -1.492292 0.140661 2.348457
v -1.452062 0.320822 2.470364
v -1.441295 0.536306 2.519233
v -1.461632 0.754308 2.487627
v -1.509977 0.941640 2.380354
v -1.578969 1.069781 2.213748
v -1.658105 1.119223 2.013172
v -1.735337 1.082440 1.809163
v -1.798907 0.965031 1.632778
v -1.839138 0.784870 1.510872
v -1.849904 0.569386 1.462002
v -1.829567 0.351384 1.493609
v -1.781222 0.164052 1.600882
v -1.386380 0.050408 1.641932
v -1.307245 0.015077 1.842507
v -1.230012 0.037748 2.046516
v -1.166442 0.152856 2.222901
v -1.126211 0.333016 2.344808
v -1.115445 0.548500 2.393677
v -1.135782 0.766503 2.362070
v -1.184127 0.953834 2.254798
v -1.253119 1.081975 2.088192
v -1.332255 1.131418 1.887616
v -1.409487 1.094634 1.683607
v -1.473057 0.977225 1.507222
v -1.513288 0.797065 1.385316
v -1.524054 0.581580 1.336446
v -1.503717 0.363578 1.368053
v -1.455372 0.176247 1.475326
v -1.746342 0.156772 1.839103
v -1.685805 0.126169 1.992542
v -1.626723 0.147087 2.148606
v -1.578092 0.235667 2.283538
v -1.547316 0.373487 2.376796
v -1.539080 0.538330 2.414181
v -1.554638 0.705100 2.390002
v -1.591621 0.848406 2.307939
v -1.644399 0.946433 2.180488
v -1.704937 0.984256 2.027049
v -1.764019 0.956117 1.870985
v -1.812649 0.866300 1.736053
v -1.843425 0.728479 1.642795
v -1.851661 0.563636 1.605411
v -1.836103 0.396867 1.629590
v -1.799121 0.253561 1.711652
v -1.320950 0.172692 1.675192
v -1.260412 0.142089 1.828630
v -1.201330 0.163007 1.984695
v -1.152700 0.251586 2.119627
v -1.121924 0.389407 2.212884
v -1.113688 0.554250 2.250269
v -1.129245 0.721019 2.226090
v -1.166228 0.864326 2.144027
v -1.219006 0.962352 2.016576
v -1.279545 1.000175 1.863137
v -1.338626 0.972036 1.707073
v -1.387256 0.882220 1.572141
v -1.418033 0.744399 1.478884
v -1.426269 0.579556 1.441499
v -1.410711 0.412786 1.465678
v -1.373728 0.269480 1.547740
v -1.687310 0.242884 1.857519
v -1.639864 0.215165 1.977774
v -1.593560 0.235294 2.100088
v -1.555446 0.305654 2.205840
v -1.531326 0.413669 2.278929
v -1.524871 0.542864 2.308229
v -1.537064 0.673567 2.289279
v -1.566049 0.785882 2.224964
v -1.607413 0.862709 2.125075
v -1.654859 0.892352 2.004819
v -1.701164 0.870299 1.882505
v -1.739277 0.799906 1.776754
v -1.763398 0.691890 1.703665
v -1.769853 0.562697 1.674365
v -1.757659 0.431993 1.693315
v -1.728674 0.319678 1.757630
v -1.373397 0.380845 1.797621
v -1.345372 0.363336 1.868654
v -1.320972 0.564995 1.865533
v -1.318021 0.376362 1.940902
v -1.295507 0.417942 2.003368
v -1.281260 0.481745 2.046541
v -1.277447 0.558058 2.063848
v -1.284650 0.635263 2.052655
v -1.301770 0.701606 2.014665
v -1.326204 0.746986 1.955662
v -1.354229 0.764496 1.884628
v -1.381581 0.751470 1.812379
v -1.404094 0.709889 1.749913
v -1.418341 0.646086 1.706741
v -1.422154 0.569774 1.689434
v -1.414952 0.492569 1.700628
v -1.397831 0.426226 1.738617
v -1.618741 0.157341 1.523541
v -1.668698 0.350918 1.412693
v -1.689713 0.576187 1.380032
v -1.678588 0.798854 1.430530
v -1.637016 0.985020 1.556501
v -1.571327 1.106344 1.738765
v -1.491520 1.144353 1.949575
v -1.409746 1.093263 2.156837
v -1.338454 0.960850 2.328997
v -1.288499 0.767274 2.439845
v -1.267483 0.542004 2.472506
v -1.278608 0.319337 2.422007
v -1.320180 0.133171 2.296036
v -1.385870 0.013718 2.113772
v -1.465676 -0.009747 1.902962
v -1.547450 0.026799 1.695701
v -1.719327 0.253859 1.875759
v -1.673759 0.226511 1.991256
v -1.629287 0.246569 2.108729
v -1.592681 0.314176 2.210295
v -1.569515 0.417917 2.280492
v -1.563316 0.541999 2.308633
v -1.575027 0.667530 2.290433
v -1.602865 0.775400 2.228662
v -1.642592 0.849187 2.132727
v -1.688160 0.877657 2.017230
v -1.732632 0.856476 1.899757
v -1.769238 0.788869 1.798190
v -1.792404 0.685128 1.727993
v -1.798603 0.561047 1.699853
v -1.786892 0.435515 1.718053
v -1.759054 0.327646 1.779823
v -1.662689 0.321649 1.885696
v -1.627222 0.299491 1.975588
v -1.592609 0.315975 2.067018
v -1.564119 0.368595 2.146069
v -1.546088 0.449338 2.200704
v -1.541263 0.545911 2.222606
v -1.550378 0.643613 2.208441
v -1.572044 0.727570 2.160364
v -1.602964 0.784999 2.085696
v -1.638431 0.807157 1.995804
v -1.673044 0.790672 1.904374
v -1.701534 0.738053 1.825324
v -1.719564 0.657310 1.770688
v -1.724389 0.560737 1.748786
v -1.715275 0.463034 1.762952
v -1.693608 0.379079 1.811028
v -1.694300 0.412397 1.942338
v -1.672975 0.399074 1.996387
v -1.652163 0.408985 2.051361
v -1.635033 0.440624 2.098892
v -1.624192 0.489172 2.131742
v -1.621291 0.547238 2.144910
v -1.626771 0.605984 2.136394
v -1.639799 0.656464 2.107487
v -1.658390 0.690994 2.062592
v -1.679715 0.704317 2.008542
v -1.700526 0.694405 1.953568
v -1.717657 0.662767 1.906038
v -1.728498 0.614219 1.873187
v -1.731399 0.556153 1.860018
v -1.725919 0.497407 1.868535
v -1.712891 0.446927 1.897442
v -1.708357 0.550498 2.014800
v -1.638759 0.038213 -2.088079
v -1.637032 0.002883 -1.872465
v -1.638317 0.025554 -1.654329
v -1.642417 0.140661 -1.466884
v -1.648708 0.320822 -1.338665
v -1.656233 0.536306 -1.289192
v -1.663846 0.754309 -1.325997
v -1.670388 0.941640 -1.443478
v -1.674863 1.069781 -1.623749
v -1.676589 1.119224 -1.839365
v -1.675305 1.082440 -2.057500
v -1.671204 0.965031 -2.244945
v -1.664913 0.784870 -2.373164
v -1.657389 0.569386 -2.422637
v -1.649776 0.351384 -2.385831
v -1.643234 0.164052 -2.268350
v -1.289556 0.050408 -2.088079
v -1.287829 0.015078 -1.872465
v -1.289114 0.037748 -1.654329
v -1.293214 0.152856 -1.466884
v -1.299505 0.333016 -1.338664
v -1.307030 0.548501 -1.289192
v -1.314643 0.766503 -1.325997
v -1.321185 0.953834 -1.443478
v -1.325660 1.081975 -1.623749
v -1.327386 1.131418 -1.839365
v -1.326102 1.094635 -2.057500
v -1.322002 0.977225 -2.244945
v -1.315710 0.797065 -2.373164
v -1.308185 0.581581 -2.422637
v -1.300573 0.363578 -2.385831
v -1.294031 0.176247 -2.268350
v -1.696339 0.156772 -2.033519
v -1.695019 0.126169 -1.868575
v -1.696001 0.147088 -1.701704
v -1.699138 0.235667 -1.558310
v -1.703951 0.373487 -1.460224
v -1.709707 0.538331 -1.422378
v -1.715531 0.705100 -1.450534
v -1.720535 0.848406 -1.540406
v -1.723958 0.946433 -1.678310
v -1.725279 0.984256 -1.843254
v -1.724297 0.956117 -2.010125
v -1.721160 0.866300 -2.153519
v -1.716347 0.728480 -2.251605
v -1.710591 0.563636 -2.289451
v -1.704767 0.396867 -2.261295
v -1.699763 0.253561 -2.171423
v -1.240460 0.172692 -2.033519
v -1.239139 0.142089 -1.868575
v -1.240122 0.163008 -1.701704
v -1.243258 0.251587 -1.558310
v -1.248071 0.389407 -1.460224
v -1.253828 0.554250 -1.422378
v -1.259651 0.721020 -1.450534
v -1.264655 0.864326 -1.540406
v -1.268079 0.962352 -1.678310
v -1.269400 1.000175 -1.843254
v -1.268417 0.972037 -2.010125
v -1.265280 0.882220 -2.153518
v -1.260468 0.744399 -2.251605
v -1.254711 0.579556 -2.289450
v -1.248888 0.412787 -2.261295
v -1.243883 0.269480 -2.171423
v -1.647876 0.242884 -1.995110
v -1.646841 0.215165 -1.865837
v -1.647611 0.235294 -1.735054
v -1.650069 0.305654 -1.622671
v -1.653841 0.413670 -1.545797
v -1.658353 0.542864 -1.516135
v -1.662917 0.673567 -1.538202
v -1.666839 0.785882 -1.608638
v -1.669522 0.862709 -1.716719
v -1.670557 0.892352 -1.845992
v -1.669787 0.870299 -1.976775
v -1.667329 0.799906 -2.089158
v -1.663557 0.691891 -2.166032
v -1.659045 0.562697 -2.195694
v -1.654481 0.431993 -2.173626
v -1.650559 0.319679 -2.103190
v -1.333420 0.380846 -1.938134
v -1.332808 0.363336 -1.861775
v -1.308918 0.564995 -1.855915
v -1.333263 0.376362 -1.784524
v -1.334715 0.417942 -1.718140
v -1.336943 0.481745 -1.672732
v -1.339608 0.558059 -1.655211
v -1.342304 0.635263 -1.668246
v -1.344621 0.701606 -1.709852
v -1.346206 0.746987 -1.773694
v -1.346817 0.764497 -1.850053
v -1.346362 0.751470 -1.927305
v -1.344910 0.709890 -1.993688
v -1.342682 0.646086 -2.039096
v -1.340017 0.569774 -2.056617
v -1.337321 0.492569 -2.043582
v -1.335004 0.426226 -2.001977
v -1.463811 0.157341 -2.282099
v -1.470571 0.350918 -2.403496
v -1.478437 0.576187 -2.441529
v -1.486213 0.798854 -2.390407
v -1.492714 0.985021 -2.257913
v -1.496951 1.106344 -2.064220
v -1.498278 1.144353 -1.838813
v -1.496494 1.093263 -1.616009
v -1.491870 0.960850 -1.429730
v -1.485110 0.767274 -1.308333
v -1.477244 0.542004 -1.270300
v -1.469468 0.319337 -1.321422
v -1.462967 0.133171 -1.453916
v -1.458730 0.013718 -1.647609
v -1.457403 -0.009747 -1.873016
v -1.459187 0.026799 -2.095819
v -1.684310 0.253859 -1.989601
v -1.683316 0.226511 -1.865444
v -1.684056 0.246569 -1.739837
v -1.686417 0.314177 -1.631901
v -1.690039 0.417917 -1.558069
v -1.694372 0.541999 -1.529581
v -1.698756 0.667530 -1.550775
v -1.702523 0.775400 -1.618424
v -1.705100 0.849187 -1.722227
v -1.706094 0.877657 -1.846384
v -1.705354 0.856476 -1.971992
v -1.702993 0.788869 -2.079928
v -1.699370 0.685128 -2.153760
v -1.695037 0.561047 -2.182247
v -1.690654 0.435516 -2.161053
v -1.686887 0.327646 -2.093405
v -1.635032 0.321650 -1.959964
v -1.634258 0.299491 -1.863331
v -1.634834 0.315976 -1.765570
v -1.636671 0.368596 -1.681562
v -1.639491 0.449338 -1.624098
v -1.642863 0.545911 -1.601927
v -1.646275 0.643613 -1.618421
v -1.649207 0.727570 -1.671073
v -1.651212 0.784999 -1.751865
v -1.651986 0.807157 -1.848497
v -1.651410 0.790672 -1.946259
v -1.649573 0.738053 -2.030266
v -1.646753 0.657310 -2.087730
v -1.643381 0.560737 -2.109902
v -1.639970 0.463035 -2.093407
v -1.637037 0.379079 -2.040755
v -1.684896 0.412397 -1.918476
v -1.684430 0.399074 -1.860374
v -1.684776 0.408986 -1.801593
v -1.685881 0.440624 -1.751082
v -1.687576 0.489172 -1.716530
v -1.689604 0.547238 -1.703200
v -1.691655 0.605984 -1.713117
v -1.693418 0.656464 -1.744775
v -1.694624 0.690994 -1.793352
v -1.695089 0.704317 -1.851455
v -1.694743 0.694406 -1.910235
v -1.693638 0.662767 -1.960747
v -1.691943 0.614219 -1.995298
v -1.689915 0.556153 -2.008629
v -1.687864 0.497407 -1.998711
v -1.686101 0.446927 -1.967054
v -1.724066 0.550498 -1.855914
v 1.638759 0.038213 -2.088080
v 1.637032 0.002883 -1.872465
v 1.638317 0.025554 -1.654329
v 1.642417 0.140661 -1.466884
v 1.648708 0.320822 -1.338664
v 1.656233 0.536306 -1.289192
v 1.663846 0.754309 -1.325998
v 1.670388 0.941640 -1.443478
v 1.674863 1.069781 -1.623748
v 1.676589 1.119224 -1.839365
v 1.675305 1.082440 -2.057500
v 1.671204 0.965031 -2.244946
v 1.664913 0.784870 -2.373164
v 1.657389 0.569386 -2.422637
v 1.649776 0.351384 -2.385831
v 1.643234 0.164052 -2.268350
v 1.289556 0.050408 -2.088080
v 1.287830 0.015077 -1.872465
v 1.289114 0.037748 -1.654329
v 1.293214 0.152856 -1.466884
v 1.299505 0.333016 -1.338664
v 1.307030 0.548501 -1.289192
v 1.314643 0.766503 -1.325997
v 1.321185 0.953834 -1.443478
v 1.325660 1.081975 -1.623749
v 1.327386 1.131418 -1.839365
v 1.326102 1.094635 -2.057500
v 1.322002 0.977225 -2.244946
v 1.315710 0.797065 -2.373164
v 1.308186 0.581581 -2.422637
v 1.300573 0.363578 -2.385831
v 1.294031 0.176247 -2.268350
v 1.696339 0.156772 -2.033518
v 1.695019 0.126169 -1.868575
v 1.696001 0.147088 -1.701704
v 1.699138 0.235667 -1.558310
v 1.703951 0.373487 -1.460224
v 1.709707 0.538331 -1.422378
v 1.715531 0.705100 -1.450534
v 1.720535 0.848406 -1.540406
v 1.723958 0.946433 -1.678310
v 1.725279 0.984256 -1.843254
v 1.724297 0.956117 -2.010125
v 1.721160 0.866300 -2.153518
v 1.716347 0.728480 -2.251605
v 1.710591 0.563636 -2.289450
v 1.704767 0.396867 -2.261295
v 1.699763 0.253561 -2.171423
v 1.240460 0.172692 -2.033518
v 1.239139 0.142089 -1.868575
v 1.240122 0.163008 -1.701704
v 1.243259 0.251587 -1.558310
v 1.248071 0.389407 -1.460224
v 1.253828 0.554250 -1.422378
v 1.259652 0.721020 -1.450534
v 1.264655 0.864326 -1.540406
v 1.268079 0.962352 -1.678310
v 1.269400 1.000175 -1.843254
v 1.268417 0.972037 -2.010125
v 1.265280 0.882220 -2.153518
v 1.260468 0.744399 -2.251605
v 1.254712 0.579556 -2.289451
v 1.248888 0.412787 -2.261295
v 1.243883 0.269480 -2.171423
v 1.647876 0.242884 -1.995110
v 1.646841 0.215165 -1.865837
v 1.647611 0.235294 -1.735054
v 1.650069 0.305654 -1.622671
v 1.653841 0.413669 -1.545797
v 1.658353 0.542864 -1.516135
v 1.662917 0.673567 -1.538202
v 1.666839 0.785882 -1.608638
v 1.669522 0.862709 -1.716719
v 1.670557 0.892352 -1.845992
v 1.669787 0.870299 -1.976775
v 1.667329 0.799906 -2.089158
v 1.663557 0.691890 -2.166032
v 1.659046 0.562697 -2.195693
v 1.654481 0.431993 -2.173626
v 1.650559 0.319679 -2.103190
v 1.333420 0.380846 -1.938134
v 1.332808 0.363336 -1.861775
v 1.308918 0.564995 -1.855914
v 1.333264 0.376362 -1.784524
v 1.334715 0.417942 -1.718140
v 1.336944 0.481745 -1.672732
v 1.339608 0.558059 -1.655211
v 1.342305 0.635263 -1.668246
v 1.344621 0.701606 -1.709852
v 1.346206 0.746987 -1.773694
v 1.346817 0.764497 -1.850053
v 1.346362 0.751470 -1.927305
v 1.344910 0.709890 -1.993688
v 1.342682 0.646086 -2.039096
v 1.340018 0.569774 -2.056617
v 1.337321 0.492569 -2.043582
v 1.335005 0.426226 -2.001977
v 1.463811 0.157341 -2.282099
v 1.470571 0.350918 -2.403496
v 1.478438 0.576187 -2.441528
v 1.486213 0.798854 -2.390408
v 1.492714 0.985021 -2.257914
v 1.496951 1.106344 -2.064219
v 1.498278 1.144353 -1.838813
v 1.496494 1.093263 -1.616009
v 1.491870 0.960850 -1.429730
v 1.485110 0.767274 -1.308333
v 1.477244 0.542004 -1.270300
v 1.469468 0.319337 -1.321422
v 1.462967 0.133171 -1.453916
v 1.458730 0.013718 -1.647609
v 1.457403 -0.009747 -1.873016
v 1.459187 0.026799 -2.095819
v 1.684311 0.253859 -1.989601
v 1.683316 0.226511 -1.865444
v 1.684056 0.246569 -1.739837
v 1.686417 0.314177 -1.631901
v 1.690040 0.417917 -1.558069
v 1.694373 0.541999 -1.529581
v 1.698756 0.667530 -1.550775
v 1.702523 0.775400 -1.618423
v 1.705100 0.849187 -1.722227
v 1.706094 0.877657 -1.846384
v 1.705354 0.856476 -1.971992
v 1.702994 0.788869 -2.079928
v 1.699371 0.685128 -2.153759
v 1.695038 0.561047 -2.182247
v 1.690654 0.435516 -2.161054
v 1.686887 0.327646 -2.093405
v 1.635032 0.321650 -1.959964
v 1.634258 0.299491 -1.863331
v 1.634834 0.315976 -1.765570
v 1.636671 0.368596 -1.681562
v 1.639491 0.449338 -1.624098
v 1.642863 0.545911 -1.601926
v 1.646275 0.643613 -1.618421
v 1.649207 0.727570 -1.671073
v 1.651213 0.784999 -1.751865
v 1.651986 0.807157 -1.848497
v 1.651411 0.790672 -1.946259
v 1.649573 0.738053 -2.030266
v 1.646753 0.657310 -2.087730
v 1.643381 0.560737 -2.109902
v 1.639969 0.463035 -2.093407
v 1.637037 0.379079 -2.040755
v 1.684896 0.412397 -1.918476
v 1.684430 0.399074 -1.860374
v 1.684776 0.408986 -1.801593
v 1.685881 0.440624 -1.751082
v 1.687576 0.489172 -1.716530
v 1.689604 0.547238 -1.703200
v 1.691655 0.605984 -1.713117
v 1.693418 0.656464 -1.744775
v 1.694624 0.690994 -1.793352
v 1.695089 0.704317 -1.851455
v 1.694743 0.694406 -1.910235
v 1.693638 0.662767 -1.960746
v 1.691943 0.614219 -1.995298
v 1.689915 0.556153 -2.008629
v 1.687864 0.497407 -1.998711
v 1.686101 0.446927 -1.967054
v 1.724066 0.550498 -1.855914
v 1.420952 1.644758 -3.450930
v 1.488711 1.699271 -3.457455
v 1.557718 1.647176 -3.451272
v 1.587548 1.567237 -3.439840
v 1.394132 1.566807 -3.439766
v 1.490330 1.536075 -3.435780
v 1.490700 1.807014 -3.195566
v 1.605626 1.731391 -3.195220
v 1.372338 1.726648 -3.195269
v 1.328586 1.606363 -3.194892
v 1.608056 1.340471 -3.408593
v 1.489996 1.342638 -3.409046
v 1.662784 1.564908 -3.194631
v 1.373550 1.344703 -3.409170
v 1.304948 1.353857 -3.194298
v 1.672213 1.348512 -3.193923
v 1.458422 1.170414 3.004905
v 1.398078 1.198642 3.004905
v 1.337735 1.170414 3.004905
v 1.312741 1.102265 3.004905
v 1.337735 1.034117 3.004905
v 1.398078 1.005889 3.004905
v 1.458422 1.034117 3.004905
v 1.483416 1.102265 3.004905
v 1.398078 1.102266 3.024543
v 1.485048 1.200484 2.889056
v 1.398078 1.241168 2.889056
v 1.311109 1.200484 2.889056
v 1.275086 1.102266 2.889056
v 1.311109 1.004047 2.889056
v 1.398078 0.963364 2.889056
v 1.485048 1.004047 2.889056
v 1.521071 1.102266 2.889056
v -1.458422 1.170414 3.004905
v -1.398078 1.198642 3.004905
v -1.337735 1.170414 3.004905
v -1.312741 1.102265 3.004905
v -1.337735 1.034117 3.004905
v -1.398078 1.005889 3.004905
v -1.458422 1.034117 3.004905
v -1.483416 1.102265 3.004905
v -1.398078 1.102266 3.024543
v -1.485048 1.200484 2.889056
v -1.398078 1.241168 2.889056
v -1.311109 1.200484 2.889056
v -1.275086 1.102266 2.889056
v -1.311109 1.004047 2.889056
v -1.398078 0.963364 2.889056
v -1.485048 1.004047 2.889056
v -1.521071 1.102266 2.889056
v -1.420952 1.644758 -3.450930
v -1.488711 1.699271 -3.457455
v -1.557718 1.647176 -3.451272
v -1.587548 1.567237 -3.439840
v -1.394132 1.566807 -3.439766
v -1.490330 1.536075 -3.435780
v -1.605626 1.731391 -3.195220
v -1.490700 1.807014 -3.195566
v -1.372338 1.726648 -3.195269
v -1.328586 1.606363 -3.194892
v -1.376669 1.334971 -3.407830
v -1.489981 1.333770 -3.407821
v -1.305353 1.362791 -3.194318
v -1.607292 1.336535 -3.408051
v -1.662784 1.564908 -3.194631
v -1.671479 1.365345 -3.193978
v -1.778690 0.873590 -1.199819
v -1.765933 0.847200 -2.483622
v -1.849015 1.155559 -2.281803
v -1.882661 1.187964 -1.412692
v -1.885794 1.297332 -1.861343
v -1.584889 0.521782 2.641816
v -1.674708 0.412550 1.189705
v -1.496619 0.446980 -3.047574
v -1.675896 0.412658 -1.136581
v -1.657815 0.502513 -2.568896
v -1.838635 1.049166 1.397295
v -1.793047 1.061612 2.514549
v -1.882192 1.280386 1.757745
v -1.866683 1.290939 2.214296
v -1.765500 0.750558 1.270116
v -1.717755 0.801843 2.624616
v 0.000000 0.437417 -1.136581
v 0.000000 0.427555 -2.569304
v 0.000000 0.446980 -3.211686
v 0.000000 0.434269 1.189705
v -0.966675 0.440657 2.660457
v -0.999470 0.434269 1.189705
v -1.020619 0.437417 -1.136581
v -1.002779 0.427555 -2.569304
v -0.979145 0.434269 1.985869
v -0.000000 0.434269 1.985869
v 0.000000 0.461767 2.730804
v -1.017935 0.801843 2.624616
v -1.093522 1.061612 2.514549
v -1.185246 1.290939 2.214296
v -1.217192 1.280386 1.757745
v -1.173635 1.049166 1.397295
v -1.100500 0.750558 1.270116
v -1.135913 0.873590 -1.199819
v -1.239884 1.187964 -1.412692
v -1.243016 1.297332 -1.861343
v -1.206238 1.155559 -2.281803
v -1.123156 0.847200 -2.483622
v -0.996274 0.446980 -3.083187
v -1.020619 0.437417 -1.851394
v 0.000000 0.437417 -1.851394
v -0.548221 0.446980 -3.186415
v -1.322466 0.455152 2.649729
v 1.778690 0.873590 -1.199819
v 1.765933 0.847200 -2.483622
v 1.849015 1.155559 -2.281803
v 1.882661 1.187964 -1.412692
v 1.885794 1.297332 -1.861343
v 1.584889 0.521782 2.641816
v 1.674708 0.412550 1.189705
v 1.496619 0.446980 -3.047574
v 1.675896 0.412658 -1.136581
v 1.657815 0.502513 -2.568896
v 1.838635 1.049166 1.397295
v 1.793047 1.061612 2.514549
v 1.882192 1.280386 1.757745
v 1.866683 1.290939 2.214296
v 1.765500 0.750558 1.270116
v 1.717755 0.801843 2.624616
v 0.966675 0.440657 2.660457
v 0.999470 0.434269 1.189705
v 1.020619 0.437417 -1.136581
v 1.002779 0.427555 -2.569304
v 0.979145 0.434269 1.985869
v 1.017935 0.801843 2.624616
v 1.093522 1.061612 2.514549
v 1.185246 1.290939 2.214296
v 1.217192 1.280386 1.757745
v 1.173635 1.049166 1.397295
v 1.100500 0.750558 1.270116
v 1.135913 0.873590 -1.199819
v 1.239884 1.187964 -1.412692
v 1.243016 1.297332 -1.861343
v 1.206238 1.155559 -2.281803
v 1.123156 0.847200 -2.483622
v 0.996274 0.446980 -3.083187
v 1.020619 0.437417 -1.851394
v 0.548221 0.446980 -3.186415
v 1.322466 0.455152 2.649729
v 1.347844 3.196884 0.640098
v 0.000000 3.255862 -1.801479
v 0.322920 3.252720 -1.785179
v 0.659910 3.237174 -1.757052
v 0.909511 3.220028 -1.708545
v 0.000000 2.233262 1.470329
v 0.000000 3.596784 0.674887
v 0.000000 3.624128 -1.212132
v 0.000000 3.534174 -1.451731
v 0.000000 3.438514 -1.626076
v 0.000000 1.917059 -2.572313
v 1.529344 2.093041 1.206677
v 1.421739 1.906569 -2.222243
v 1.288531 3.505025 0.332303
v 1.273242 3.351705 -1.313592
v 1.302759 2.948986 -1.690184
v 1.071802 3.589857 0.383944
v 1.350971 2.082132 1.304233
v 1.023150 1.842652 -2.471420
v 0.908304 3.475339 -1.378444
v 1.460132 2.093381 1.250764
v 1.588510 2.074343 1.148431
v 1.536608 1.916788 -2.022309
v 1.264139 3.448703 -1.089806
v 1.274099 3.242462 -1.471680
v 1.352199 3.276868 -1.273211
v 1.398496 2.882802 -1.581196
v 1.285009 3.551683 0.065568
v 1.304008 3.428640 0.490313
v 1.351421 3.444565 0.293982
v 1.408474 3.157484 0.619467
v 1.246795 1.841791 -2.391245
v 1.124622 3.019460 -1.753966
v 1.117097 3.422451 -1.344798
v 1.203064 3.550740 0.358262
v 1.111215 3.489637 0.564752
v 1.027645 3.644458 0.094658
v 0.920698 3.550848 -1.135176
v 0.900486 3.395399 -1.536109
v 1.368315 3.158074 -1.406154
v 1.344080 3.377366 -1.063566
v 1.348600 3.489311 0.042907
v 1.365807 3.372122 0.446485
v 1.122866 3.505975 -1.107013
v 1.112991 3.328060 -1.513464
v 1.226936 3.459077 0.531176
v 1.176853 3.601192 0.080231
v 1.114284 3.165883 -1.656540
v 0.970984 2.157051 1.385404
v 0.816387 3.537436 0.621745
v 0.793093 3.633320 0.437844
v 0.760734 3.691270 0.126317
v 0.676916 3.588228 -1.177400
v 0.669067 3.503724 -1.413183
v 0.660965 3.421533 -1.580270
v 0.732238 1.911393 -2.510057
v 0.482431 2.206816 1.440274
v 0.412031 3.573519 0.657651
v 0.402092 3.659940 0.484309
v 0.385782 3.719558 0.153327
v 0.341666 3.612200 -1.200241
v 0.338106 3.523215 -1.435770
v 0.328150 3.435015 -1.608955
v 0.365877 1.915822 -2.547206
v 1.288376 3.092078 -1.594293
v 1.383418 3.020131 -1.503690
v 0.000000 3.675376 0.499390
v 0.000000 3.731810 0.154433
v 1.348051 3.487266 -0.305922
v 1.282030 3.550075 -0.298569
v 1.158480 3.600886 -0.295267
v 0.993175 3.645842 -0.291787
v 0.730684 3.694625 -0.279669
v 0.369001 3.723968 -0.268733
v 0.000000 3.736616 -0.267953
v 0.000000 3.699331 -0.784420
v 0.351829 3.686750 -0.772756
v 0.697965 3.658768 -0.762908
v 0.951213 3.612998 -0.756880
v 1.135389 3.567298 -0.745667
v 1.275055 3.513673 -0.736733
v 1.345002 3.447737 -0.725552
v 1.352903 3.309138 0.002379
v 1.350222 3.306855 -0.314342
v 1.402378 3.342609 -0.313299
v 1.405102 3.344974 0.011962
v 1.345394 3.268190 -0.697321
v 1.350009 3.201446 -1.000084
v 1.402192 3.233665 -1.017636
v 1.397476 3.302656 -0.706636
v 1.361160 3.119068 -1.142000
v 1.413819 3.148544 -1.163558
v 1.367543 3.215405 0.337301
v 1.401740 3.031302 0.492959
v 1.420046 3.248262 0.356492
v 1.454851 3.059087 0.509477
v 1.358745 3.269061 0.219743
v 1.411063 3.303657 0.235357
v 1.633139 2.003128 1.016402
v 1.577408 2.001984 0.979729
v 1.467651 2.781621 -1.392957
v 1.413767 2.760766 -1.365926
v 1.549874 1.899447 -1.695996
v 1.606699 1.896469 -1.732061
v 1.375050 3.019223 -1.229366
v 1.428229 3.045519 -1.253425
v 1.449620 2.899924 -1.338996
v 1.396129 2.875963 -1.313636
v 1.552953 1.910936 -1.396189
v 1.565510 1.957733 -0.175015
v 1.571836 1.981271 0.439205
v 1.362822 3.228603 0.159553
v 1.557260 1.926988 -0.977309
v 1.558713 1.932401 -0.836059
v 1.410318 2.838877 -0.829217
v 1.387776 2.975775 -0.828181
v 1.347360 3.239753 -0.826318
v 1.550307 1.901060 -1.653904
v 1.413597 2.764632 -1.339356
v 1.395579 2.882562 -1.281541
v 1.378764 2.997402 -1.208481
v 1.366450 3.085818 -1.127644
v 1.357597 3.150665 -1.022796
v 1.358838 3.255683 0.002789
v 1.357644 3.247471 -0.329526
v 1.353960 3.218810 -0.617495
v 1.355735 3.185054 -0.826704
v 1.576930 2.000209 0.933397
v 1.402082 3.023690 0.440655
v 1.373712 3.168825 0.300293
v 1.508540 2.164890 -1.557806
v 1.511284 2.171931 -1.325451
v 1.516760 2.188671 -0.834124
v 1.522882 2.214996 -0.211112
v 1.532876 2.258083 0.809246
v 1.528439 2.238942 0.355912
v 1.389924 2.950173 -0.952703
v 1.354879 3.176652 -0.947315
v 1.515443 2.182663 -0.971160
v 1.411133 2.820451 -0.955823
v 1.509554 2.167492 -1.471954
v 1.503632 2.199948 -1.506839
v 1.486150 2.306328 -1.506289
v 0.429628 3.431431 0.768450
v 0.000000 3.449581 0.792738
v 0.840154 3.396221 0.721794
v 1.135509 3.345840 0.658872
v 1.310817 3.219880 0.656405
v 1.507177 2.093150 1.220796
v 0.473998 2.425341 1.323223
v 0.000000 2.460325 1.348320
v 0.949773 2.365170 1.276052
v 1.316264 2.285583 1.202066
v 1.236038 3.324201 0.628768
v 1.283682 3.285895 0.626393
v 1.407724 2.269521 1.172336
v 1.443304 2.279965 1.145396
v 1.461688 2.354171 1.090048
v 0.324429 3.202930 -1.822067
v 0.000000 3.212296 -1.834100
v 0.662932 3.190494 -1.791365
v 0.978363 3.049310 -1.804307
v 1.185709 2.430625 -2.072605
v 0.349067 2.434884 -2.263570
v 0.000000 2.444273 -2.281385
v 0.704432 2.434107 -2.224828
v 0.809970 3.183331 -1.760285
v 0.915647 3.154398 -1.755522
v 0.969368 3.099324 -1.772869
v 1.002684 2.595260 -2.053260
v 0.985509 2.477774 -2.127230
v 0.906010 2.433155 -2.174412
v -1.347844 3.196884 0.640098
v -0.322920 3.252720 -1.785179
v -0.659910 3.237174 -1.757052
v -0.909511 3.220028 -1.708545
v -1.529344 2.093041 1.206677
v -1.421739 1.906569 -2.222243
v -1.288531 3.505025 0.332303
v -1.273242 3.351705 -1.313592
v -1.302759 2.948986 -1.690184
v -1.071802 3.589857 0.383944
v -1.350971 2.082132 1.304233
v -1.023150 1.842652 -2.471420
v -0.908304 3.475339 -1.378444
v -1.460132 2.093381 1.250764
v -1.588510 2.074343 1.148431
v -1.536608 1.916788 -2.022309
v -1.264139 3.448703 -1.089806
v -1.274099 3.242462 -1.471680
v -1.352199 3.276868 -1.273211
v -1.398496 2.882802 -1.581196
v -1.285009 3.551683 0.065568
v -1.304008 3.428640 0.490313
v -1.351421 3.444565 0.293982
v -1.408474 3.157484 0.619467
v -1.246795 1.841791 -2.391245
v -1.124622 3.019460 -1.753966
v -1.117097 3.422451 -1.344798
v -1.203064 3.550740 0.358262
v -1.111215 3.489637 0.564752
v -1.027645 3.644458 0.094658
v -0.920698 3.550848 -1.135176
v -0.900486 3.395399 -1.536109
v -1.368315 3.158074 -1.406154
v -1.344080 3.377366 -1.063566
v -1.348600 3.489311 0.042907
v -1.365807 3.372122 0.446485
v -1.122866 3.505975 -1.107013
v -1.112991 3.328060 -1.513464
v -1.226936 3.459077 0.531176
v -1.176853 3.601192 0.080231
v -1.114284 3.165883 -1.656540
v -0.970984 2.157051 1.385404
v -0.816387 3.537436 0.621745
v -0.793093 3.633320 0.437844
v -0.760734 3.691270 0.126317
v -0.676916 3.588228 -1.177400
v -0.669067 3.503724 -1.413183
v -0.660965 3.421533 -1.580270
v -0.732238 1.911393 -2.510057
v -0.482431 2.206816 1.440274
v -0.412031 3.573519 0.657651
v -0.402092 3.659940 0.484309
v -0.385782 3.719558 0.153327
v -0.341666 3.612200 -1.200241
v -0.338106 3.523215 -1.435770
v -0.328150 3.435015 -1.608955
v -0.365877 1.915822 -2.547206
v -1.288376 3.092078 -1.594293
v -1.383418 3.020131 -1.503690
v -1.348051 3.487266 -0.305922
v -1.282030 3.550075 -0.298569
v -1.158480 3.600886 -0.295267
v -0.993175 3.645842 -0.291787
v -0.730684 3.694625 -0.279669
v -0.369001 3.723968 -0.268733
v -0.351829 3.686750 -0.772756
v -0.697965 3.658768 -0.762908
v -0.951213 3.612998 -0.756880
v -1.135389 3.567298 -0.745667
v -1.275055 3.513673 -0.736733
v -1.345002 3.447737 -0.725552
v -1.352903 3.309138 0.002379
v -1.350222 3.306855 -0.314342
v -1.402378 3.342609 -0.313299
v -1.405102 3.344974 0.011962
v -1.345394 3.268190 -0.697321
v -1.350009 3.201446 -1.000084
v -1.402192 3.233665 -1.017636
v -1.397476 3.302656 -0.706636
v -1.361160 3.119068 -1.142000
v -1.413819 3.148544 -1.163558
v -1.367543 3.215405 0.337301
v -1.401740 3.031302 0.492959
v -1.420046 3.248262 0.356492
v -1.454851 3.059087 0.509477
v -1.358745 3.269061 0.219743
v -1.411063 3.303657 0.235357
v -1.633139 2.003128 1.016402
v -1.577408 2.001984 0.979729
v -1.467651 2.781621 -1.392957
v -1.413767 2.760766 -1.365926
v -1.549874 1.899447 -1.695996
v -1.606699 1.896469 -1.732061
v -1.375050 3.019223 -1.229366
v -1.428229 3.045519 -1.253425
v -1.449620 2.899924 -1.338996
v -1.396129 2.875963 -1.313636
v -1.552953 1.910936 -1.396189
v -1.565510 1.957733 -0.175015
v -1.571836 1.981271 0.439205
v -1.362822 3.228603 0.159553
v -1.557260 1.926988 -0.977309
v -1.558713 1.932401 -0.836059
v -1.410318 2.838877 -0.829217
v -1.387776 2.975775 -0.828181
v -1.347360 3.239753 -0.826318
v -1.550307 1.901060 -1.653904
v -1.413597 2.764632 -1.339356
v -1.395579 2.882562 -1.281541
v -1.378764 2.997402 -1.208481
v -1.366450 3.085818 -1.127644
v -1.357597 3.150665 -1.022796
v -1.358838 3.255683 0.002789
v -1.357644 3.247471 -0.329526
v -1.353960 3.218810 -0.617495
v -1.355735 3.185054 -0.826704
v -1.576930 2.000209 0.933397
v -1.402082 3.023690 0.440655
v -1.373712 3.168825 0.300293
v -1.508540 2.164890 -1.557806
v -1.511284 2.171931 -1.325451
v -1.516760 2.188671 -0.834124
v -1.522882 2.214996 -0.211112
v -1.532876 2.258083 0.809246
v -1.528439 2.238942 0.355912
v -1.389924 2.950173 -0.952703
v -1.354879 3.176652 -0.947315
v -1.515443 2.182663 -0.971160
v -1.411133 2.820451 -0.955823
v -1.509554 2.167492 -1.471954
v -1.503632 2.199948 -1.506839
v -1.486150 2.306328 -1.506289
v -0.429628 3.431431 0.768450
v -0.840154 3.396221 0.721794
v -1.135509 3.345840 0.658872
v -1.310817 3.219880 0.656405
v -1.507177 2.093150 1.220796
v -0.473998 2.425341 1.323223
v -0.949773 2.365170 1.276052
v -1.316264 2.285583 1.202066
v -1.236038 3.324201 0.628768
v -1.283682 3.285895 0.626393
v -1.407724 2.269521 1.172336
v -1.443304 2.279965 1.145396
v -1.461688 2.354171 1.090048
v -0.324429 3.202930 -1.822067
v -0.662932 3.190494 -1.791365
v -0.978363 3.049310 -1.804307
v -1.185709 2.430625 -2.072605
v -0.349067 2.434884 -2.263570
v -0.704432 2.434107 -2.224828
v -0.809970 3.183331 -1.760285
v -0.915647 3.154398 -1.755522
v -0.969368 3.099324 -1.772869
v -1.002684 2.595260 -2.053260
v -0.985509 2.477774 -2.127230
v -0.906010 2.433155 -2.174412
v -1.334365 3.187726 0.611553
v 0.000000 3.244493 -1.785628
v -0.319691 3.241351 -1.769491
v -0.653311 3.225804 -1.741646
v -0.900416 3.208659 -1.693624
v 0.000000 2.224103 1.433482
v 0.000000 3.550214 0.645994
v 0.000000 3.580895 -1.205521
v 0.000000 3.506377 -1.442723
v 0.000000 3.401680 -1.609383
v 0.000000 1.905690 -2.548754
v -1.514050 2.083883 1.172466
v -1.407521 1.906569 -2.205530
v -1.275646 3.498748 0.323470
v -1.260510 3.353873 -1.305966
v -1.289731 2.948986 -1.678792
v -1.061084 3.552505 0.374595
v -1.337461 2.072973 1.269047
v -1.012918 1.831283 -2.448869
v -0.899221 3.457639 -1.370170
v -1.445530 2.084223 1.216113
v -1.251498 3.445528 -1.084418
v -1.261358 3.256263 -1.456531
v -1.272159 3.542836 0.059403
v -1.290968 3.417412 0.463267
v -1.234327 1.830422 -2.369496
v -1.113376 3.008091 -1.738590
v -1.105926 3.413826 -1.336860
v -1.191033 3.520101 0.349170
v -1.100103 3.461454 0.536961
v -1.017368 3.597737 0.088202
v -0.911491 3.520190 -1.129334
v -0.891481 3.372251 -1.520316
v -1.111637 3.483017 -1.101452
v -1.101861 3.326288 -1.497897
v -1.214666 3.436138 0.503721
v -1.165084 3.561895 0.073919
v -1.103141 3.154513 -1.642139
v -0.961274 2.147892 1.349406
v -0.808224 3.501051 0.593383
v -0.785162 3.588510 0.427956
v -0.753127 3.636516 0.119544
v -0.670147 3.551156 -1.171136
v -0.662376 3.481153 -1.404562
v -0.654355 3.390089 -1.564035
v -0.724915 1.900024 -2.487121
v -0.477607 2.197658 1.403727
v -0.407910 3.530941 0.628931
v -0.398071 3.610562 0.473956
v -0.381924 3.659949 0.146283
v -0.338250 3.571014 -1.193748
v -0.334725 3.497299 -1.426922
v -0.324868 3.399291 -1.592434
v -0.362218 1.904453 -2.523898
v -1.275492 3.092078 -1.583860
v 0.000000 3.623349 0.488887
v 0.000000 3.670099 0.147379
v -1.269210 3.541317 -0.301093
v -1.146895 3.561641 -0.297824
v -0.983243 3.598883 -0.294379
v -0.723378 3.639296 -0.282382
v -0.365311 3.663602 -0.271556
v 0.000000 3.674080 -0.270783
v 0.000000 3.643193 -0.782086
v -0.348311 3.632772 -0.770538
v -0.690986 3.609591 -0.760789
v -0.941700 3.571675 -0.754821
v -1.124035 3.533817 -0.743721
v -1.262304 3.506919 -0.734875
v -1.323310 3.309138 -0.003155
v -1.320656 3.306855 -0.316708
v -1.315876 3.268190 -0.695857
v -1.320445 3.201446 -1.007793
v -1.331485 3.119068 -1.148291
v -1.337803 3.215405 0.345105
v -1.371659 3.031302 0.499207
v -1.329094 3.269061 0.212036
v -1.545570 2.001984 0.981109
v -1.383566 2.760766 -1.369977
v -1.518312 1.899447 -1.696746
v -1.345236 3.019223 -1.234783
v -1.366104 2.875963 -1.318210
v -1.521360 1.910936 -1.387737
v -1.533791 1.957733 -0.178775
v -1.540054 1.981271 0.429303
v -1.362822 3.228603 0.159553
v -1.525624 1.926988 -0.973045
v -1.527062 1.932401 -0.833208
v -1.410318 2.838877 -0.829217
v -1.387776 2.975775 -0.828181
v -1.317822 3.239753 -0.823565
v -1.518740 1.901060 -1.642875
v -1.413597 2.764632 -1.339356
v -1.395579 2.882562 -1.281541
v -1.378764 2.997402 -1.208481
v -1.366450 3.085818 -1.127644
v -1.357597 3.150665 -1.022796
v -1.358839 3.255683 0.002789
v -1.357644 3.247471 -0.329526
v -1.353959 3.218810 -0.617495
v -1.355735 3.185054 -0.826704
v -1.402082 3.023690 0.440655
v -1.373712 3.175215 0.300293
v -1.511284 2.171931 -1.325451
v -1.516760 2.188671 -0.834124
v -1.522882 2.214996 -0.211112
v -1.532876 2.258083 0.809246
v -1.528439 2.238942 0.355912
v -1.389924 2.950173 -0.952703
v -1.354879 3.176652 -0.947315
v -1.515443 2.182663 -0.971160
v -1.411133 2.820451 -0.955823
v -1.509554 2.167492 -1.471954
v -1.503632 2.199948 -1.506839
v -1.486150 2.306328 -1.506289
v -0.429628 3.431431 0.768450
v 0.000000 3.449581 0.792738
v -0.840154 3.396221 0.721794
v -1.135509 3.345840 0.658872
v -1.310817 3.219880 0.656405
v -1.492105 2.083992 1.186445
v -0.473998 2.425341 1.323223
v 0.000000 2.460325 1.348320
v -0.949773 2.365170 1.276052
v -1.316264 2.285583 1.202066
v -1.236038 3.324201 0.628768
v -1.283682 3.285895 0.626393
v -1.407725 2.269521 1.172336
v -1.443304 2.279965 1.145396
v -1.461688 2.354171 1.090048
v -0.324429 3.202930 -1.822067
v 0.000000 3.212296 -1.834100
v -0.662932 3.190494 -1.791365
v -0.978363 3.049310 -1.804307
v -1.173851 2.419256 -2.054043
v -0.349067 2.434884 -2.263570
v 0.000000 2.444273 -2.281385
v -0.704432 2.434107 -2.224828
v -0.809970 3.183331 -1.760285
v -0.915647 3.154398 -1.755522
v -0.969368 3.099324 -1.772869
v -1.002684 2.595260 -2.053260
v -0.985509 2.477774 -2.127230
v -0.906010 2.433155 -2.174412
v 0.000000 3.458297 0.753297
v -0.423907 3.433068 0.729653
v -0.829741 3.398444 0.683966
v -1.122081 3.348608 0.622108
v -1.222884 3.326589 0.591829
v -1.272265 3.286662 0.588480
v -1.308650 3.203857 0.622878
v -1.450542 2.331480 1.062987
v -1.433441 2.257305 1.117193
v -1.397594 2.246962 1.144376
v -1.305357 2.263070 1.174541
v -0.941615 2.342726 1.248057
v -0.469764 2.402927 1.294876
v 0.000000 2.437915 1.319742
v -1.500442 2.218845 0.353275
v -1.495113 2.193517 -0.211527
v -1.483364 2.151327 -1.323235
v -1.480863 2.151194 -1.473763
v -1.323009 3.226653 -0.629383
v -1.325831 3.265031 -0.327296
v -1.327144 3.274262 -0.002890
v -1.332291 3.237013 0.164835
v -1.342581 3.178970 0.303394
v -1.371929 3.025229 0.444578
v -1.503765 2.244827 0.805244
v -1.335579 3.093077 -1.127644
v -1.347991 3.002871 -1.210146
v -1.326392 3.161244 -1.015936
v -1.365690 2.880984 -1.284752
v -1.383441 2.763632 -1.341436
v -1.473730 2.191306 -1.509718
v -1.323987 3.187497 -0.922763
v -1.450939 2.330106 -1.533362
v -1.453801 2.314227 -1.508903
v -1.487902 2.161468 -0.952881
v -1.488922 2.166147 -0.846802
v -1.359623 2.954245 -0.929077
v -1.380838 2.823209 -0.933015
v -1.323430 3.200825 -0.840294
v -1.358093 2.972665 -0.840385
v -1.380247 2.836663 -0.841493
v -0.898484 2.413974 -2.158721
v -0.697795 2.414995 -2.208927
v -0.345825 2.415770 -2.247288
v 0.000000 2.425182 -2.264954
v 0.000000 3.207623 -1.812959
v -0.320983 3.198291 -1.801074
v -0.655870 3.185873 -1.770705
v -0.808397 3.174392 -1.741454
v -0.905503 3.153705 -1.732566
v -0.969265 3.092404 -1.749606
v -0.981202 3.035338 -1.784084
v -1.006499 2.571314 -2.036354
v -0.990547 2.462862 -2.104059
v 1.334365 3.187726 0.611553
v 0.319691 3.241351 -1.769491
v 0.653311 3.225804 -1.741646
v 0.900416 3.208659 -1.693624
v 1.514050 2.083883 1.172466
v 1.407521 1.906569 -2.205530
v 1.275646 3.498748 0.323470
v 1.260510 3.353873 -1.305966
v 1.289731 2.948986 -1.678792
v 1.061084 3.552505 0.374595
v 1.337461 2.072973 1.269047
v 1.012918 1.831283 -2.448869
v 0.899221 3.457639 -1.370170
v 1.445530 2.084223 1.216113
v 1.251498 3.445528 -1.084418
v 1.261358 3.256263 -1.456531
v 1.272159 3.542836 0.059403
v 1.290968 3.417412 0.463267
v 1.234327 1.830422 -2.369496
v 1.113376 3.008091 -1.738590
v 1.105926 3.413826 -1.336860
v 1.191033 3.520101 0.349170
v 1.100103 3.461454 0.536961
v 1.017369 3.597737 0.088202
v 0.911491 3.520190 -1.129334
v 0.891481 3.372251 -1.520316
v 1.111637 3.483017 -1.101452
v 1.101861 3.326288 -1.497897
v 1.214666 3.436138 0.503721
v 1.165084 3.561895 0.073919
v 1.103141 3.154513 -1.642139
v 0.961274 2.147892 1.349406
v 0.808224 3.501051 0.593383
v 0.785162 3.588510 0.427956
v 0.753127 3.636516 0.119544
v 0.670147 3.551156 -1.171136
v 0.662376 3.481153 -1.404562
v 0.654355 3.390089 -1.564035
v 0.724915 1.900024 -2.487121
v 0.477607 2.197658 1.403727
v 0.407910 3.530941 0.628931
v 0.398071 3.610562 0.473956
v 0.381924 3.659949 0.146283
v 0.338250 3.571014 -1.193748
v 0.334725 3.497299 -1.426922
v 0.324868 3.399291 -1.592434
v 0.362218 1.904453 -2.523898
v 1.275492 3.092078 -1.583860
v 1.269210 3.541317 -0.301093
v 1.146895 3.561641 -0.297824
v 0.983243 3.598883 -0.294379
v 0.723378 3.639296 -0.282382
v 0.365311 3.663602 -0.271556
v 0.348311 3.632772 -0.770538
v 0.690986 3.609591 -0.760789
v 0.941700 3.571675 -0.754821
v 1.124035 3.533817 -0.743721
v 1.262304 3.506919 -0.734875
v 1.323310 3.309138 -0.003155
v 1.320656 3.306855 -0.316708
v 1.315876 3.268190 -0.695857
v 1.320445 3.201446 -1.007793
v 1.331485 3.119068 -1.148291
v 1.337803 3.215405 0.345105
v 1.371659 3.031302 0.499207
v 1.329094 3.269061 0.212036
v 1.545570 2.001984 0.981109
v 1.383566 2.760766 -1.369977
v 1.518312 1.899447 -1.696746
v 1.345236 3.019223 -1.234783
v 1.366104 2.875963 -1.318210
v 1.521360 1.910936 -1.387737
v 1.533791 1.957733 -0.178775
v 1.540054 1.981271 0.429303
v 1.362822 3.228603 0.159553
v 1.525624 1.926988 -0.973045
v 1.527062 1.932401 -0.833208
v 1.410318 2.838877 -0.829217
v 1.387776 2.975775 -0.828181
v 1.317823 3.239753 -0.823565
v 1.518740 1.901060 -1.642875
v 1.413597 2.764632 -1.339356
v 1.395579 2.882562 -1.281541
v 1.378764 2.997402 -1.208481
v 1.366450 3.085818 -1.127644
v 1.357597 3.150665 -1.022796
v 1.358839 3.255683 0.002789
v 1.357644 3.247471 -0.329526
v 1.353960 3.218810 -0.617495
v 1.355735 3.185054 -0.826704
v 1.402082 3.023690 0.440655
v 1.373712 3.175215 0.300293
v 1.511284 2.171931 -1.325451
v 1.516760 2.188671 -0.834124
v 1.522882 2.214996 -0.211112
v 1.532876 2.258083 0.809246
v 1.528439 2.238942 0.355912
v 1.389924 2.950173 -0.952703
v 1.354879 3.176652 -0.947315
v 1.515443 2.182663 -0.971160
v 1.411133 2.820451 -0.955823
v 1.509554 2.167492 -1.471954
v 1.503632 2.199948 -1.506839
v 1.486150 2.306328 -1.506289
v 0.429628 3.431431 0.768450
v 0.840154 3.396221 0.721794
v 1.135509 3.345840 0.658872
v 1.310817 3.219880 0.656405
v 1.492105 2.083992 1.186445
v 0.473998 2.425341 1.323223
v 0.949773 2.365170 1.276052
v 1.316264 2.285583 1.202066
v 1.236038 3.324201 0.628768
v 1.283682 3.285895 0.626393
v 1.407724 2.269521 1.172336
v 1.443304 2.279965 1.145396
v 1.461688 2.354171 1.090048
v 0.324429 3.202930 -1.822067
v 0.662932 3.190494 -1.791365
v 0.978363 3.049310 -1.804307
v 1.173851 2.419256 -2.054043
v 0.349067 2.434884 -2.263570
v 0.704432 2.434107 -2.224828
v 0.809970 3.183331 -1.760285
v 0.915647 3.154398 -1.755522
v 0.969368 3.099324 -1.772869
v 1.002684 2.595260 -2.053260
v 0.985509 2.477774 -2.127230
v 0.906010 2.433155 -2.174412
v 0.423907 3.433068 0.729653
v 0.829741 3.398444 0.683966
v 1.122081 3.348608 0.622108
v 1.222884 3.326589 0.591829
v 1.272265 3.286662 0.588480
v 1.308650 3.203857 0.622878
v 1.450542 2.331480 1.062987
v 1.433441 2.257305 1.117193
v 1.397594 2.246962 1.144376
v 1.305357 2.263070 1.174541
v 0.941615 2.342726 1.248057
v 0.469764 2.402927 1.294876
v 1.500442 2.218845 0.353275
v 1.495113 2.193517 -0.211527
v 1.483364 2.151327 -1.323235
v 1.480863 2.151194 -1.473763
v 1.323009 3.226653 -0.629383
v 1.325831 3.265031 -0.327296
v 1.327144 3.274262 -0.002890
v 1.332291 3.237013 0.164835
v 1.342581 3.178970 0.303394
v 1.371929 3.025229 0.444578
v 1.503765 2.244827 0.805244
v 1.335579 3.093077 -1.127644
v 1.347991 3.002871 -1.210146
v 1.326392 3.161244 -1.015936
v 1.365690 2.880984 -1.284752
v 1.383441 2.763632 -1.341436
v 1.473730 2.191306 -1.509718
v 1.323987 3.187497 -0.922763
v 1.450939 2.330106 -1.533362
v 1.453801 2.314227 -1.508903
v 1.487902 2.161468 -0.952881
v 1.488922 2.166147 -0.846802
v 1.359623 2.954245 -0.929077
v 1.380837 2.823209 -0.933015
v 1.323430 3.200825 -0.840294
v 1.358093 2.972665 -0.840385
v 1.380247 2.836663 -0.841493
v 0.898484 2.413974 -2.158721
v 0.697795 2.414995 -2.208927
v 0.345825 2.415770 -2.247288
v 0.320983 3.198291 -1.801074
v 0.655870 3.185873 -1.770705
v 0.808397 3.174392 -1.741454
v 0.905502 3.153705 -1.732566
v 0.969265 3.092404 -1.749606
v 0.981202 3.035338 -1.784084
v 1.006499 2.571314 -2.036354
v 0.990547 2.462862 -2.104059
v 0.000000 1.099373 -3.242018
v 0.000000 0.974167 -3.253470
v 0.000000 1.992174 -2.658031
v 0.000000 1.950984 -2.866100
v 0.000000 1.847788 -3.119999
v 0.000000 1.741066 -3.218743
v 0.000000 1.315992 -3.221788
v 0.000000 0.396844 -3.255360
v 0.000000 0.908951 -3.259434
v 0.000000 0.484267 2.908485
v 0.000000 0.882492 3.020408
v 0.000000 1.723928 3.033028
v 0.000000 0.411558 2.688046
v 0.000000 0.434110 2.680542
v 0.000000 0.379312 -3.197857
v 0.000000 0.588115 -3.268593
v 0.000000 0.567231 2.956470
v 0.000000 1.835584 2.997669
v 0.000000 0.758062 3.003956
v 0.000000 0.406245 2.757598
v 0.000000 0.513176 -3.268053
v 0.000000 1.643633 3.048106
v 0.000000 0.949387 3.029048
v 0.000000 1.354734 3.028529
v 0.000000 1.613989 3.013938
v 0.000000 0.979149 2.994879
v 0.000000 2.216097 1.982076
v 0.000000 2.137164 2.400179
v 0.000000 2.036664 2.757014
v 0.000000 2.268778 1.611278
v 0.000000 2.300637 1.380963
v 0.000000 2.041808 -2.440584
v 0.000000 1.965729 2.881790
v 1.621094 1.877093 3.132181
v 1.432175 1.962244 3.150789
v 1.240860 1.877509 3.132326
v 1.160632 1.671273 3.099292
v 1.238587 1.463170 3.074156
v 1.429993 1.376748 3.064211
v 1.620972 1.462895 3.073743
v 1.699606 1.670770 3.098882
v 1.649973 1.917935 3.018998
v 1.444273 2.017522 3.019444
v 1.219599 1.921363 3.020041
v 1.118755 1.679795 3.020575
v 1.201601 1.425886 3.022902
v 1.426997 1.319069 3.023520
v 1.649011 1.423501 3.019706
v 1.737231 1.675555 3.017452
v 1.590769 1.843915 3.127577
v 1.430426 1.915594 3.147032
v 1.270082 1.843915 3.127577
v 1.203666 1.670263 3.094258
v 1.270082 1.496214 3.069947
v 1.430426 1.424093 3.060482
v 1.590769 1.496214 3.069947
v 1.657185 1.670263 3.094258
v 1.581566 1.840624 3.062211
v 1.430510 1.911287 3.062211
v 1.279453 1.840624 3.062211
v 1.216883 1.670028 3.062211
v 1.279453 1.499431 3.062211
v 1.430510 1.428768 3.062211
v 1.581566 1.499431 3.062211
v 1.644135 1.670028 3.062211
v 1.535846 1.788990 3.109075
v 1.430510 1.838265 3.109075
v 1.325173 1.788990 3.109075
v 1.281541 1.670028 3.109075
v 1.325173 1.551065 3.109075
v 1.430510 1.501790 3.109075
v 1.535846 1.551065 3.109075
v 1.579478 1.670028 3.109075
v 1.430509 1.670027 3.141123
v 0.682250 1.775355 -3.062924
v 0.661988 1.305271 -3.182325
v 0.418268 1.795813 -3.084407
v 0.399880 1.304080 -3.207080
v 0.696353 1.880030 -2.817837
v 0.657919 1.095292 -3.199706
v 0.400562 1.903942 -2.834985
v 0.354466 1.098830 -3.226481
v 1.064192 1.080396 -3.137357
v 1.064472 1.288877 -3.124700
v 1.065667 1.717342 -3.024087
v 1.066130 1.822427 -2.778585
v 0.655172 0.973998 -3.209582
v 0.345261 0.974099 -3.237803
v 1.041468 0.998463 -3.143230
v 0.387002 1.980394 -2.641666
v 0.715819 1.951824 -2.613088
v 1.066739 1.889510 -2.560996
v 0.361569 1.712744 -3.218771
v 0.368578 1.823358 -3.094120
v 0.375686 1.930827 -2.841406
v 1.681121 1.858535 -2.499660
v 1.684022 2.007233 2.584329
v 1.719535 2.042801 1.961065
v 1.712858 1.922408 -1.863474
v 1.735628 0.878549 -2.593945
v 1.772579 0.912847 1.208733
v 1.740351 0.905343 2.651522
v 1.773688 1.656599 -2.426366
v 1.801872 1.712206 -1.865560
v 1.818795 1.736764 -1.291682
v 1.835583 1.815111 1.371410
v 1.832988 1.821304 1.963973
v 1.804737 1.777817 2.514124
v 1.774312 1.303053 -2.370568
v 1.801103 1.476541 -1.865635
v 1.813168 1.359545 -1.339084
v 1.817539 1.361180 1.434458
v 1.826035 1.520837 1.968827
v 1.791839 1.349018 2.478956
v 1.528438 0.547923 2.789382
v 1.628200 0.888227 2.847436
v 1.683683 1.281198 2.878592
v 1.758928 1.704737 2.889250
v 1.668545 1.972517 2.851932
v 0.809808 0.484438 2.847337
v 1.201216 1.988482 2.858976
v 1.238508 2.054042 2.592242
v 1.340243 2.122606 1.957381
v 1.361331 1.933630 -2.506431
v 1.142774 1.705815 -3.028594
v 0.860368 0.884136 2.960249
v 1.054548 1.293594 2.956348
v 1.033347 1.690400 2.897725
v 1.144045 1.890366 -2.504333
v 1.067681 1.966505 2.626709
v 1.825144 0.829306 1.350523
v 1.609604 0.492733 2.605975
v 1.762429 0.846486 2.554613
v 1.889164 1.128979 1.569268
v 1.856834 1.144688 2.349259
v 1.896839 1.258714 1.965840
v 1.811182 0.811835 -1.238382
v 1.655150 0.404449 -2.567881
v 1.852705 1.095051 -2.241154
v 1.883067 1.128253 -1.454586
v 1.888341 1.237990 -1.861694
v 1.372338 1.726648 -3.195269
v 1.605626 1.731391 -3.195220
v 1.662784 1.564908 -3.194631
v 1.345102 1.004193 -3.193938
v 1.616151 0.390680 -2.731017
v 1.707729 0.924135 -2.817128
v 1.735982 1.602772 -2.832336
v 1.652667 1.806363 -2.915699
v 1.353960 1.846517 -2.924333
v 0.653694 0.908711 -3.214898
v 0.654876 0.397353 -3.202606
v 1.321053 0.492865 2.825049
v 1.449512 2.062903 2.853359
v 1.466030 2.106653 2.589038
v 1.524172 2.152636 1.952147
v 1.588046 2.059238 -1.206534
v 1.567112 2.018393 -1.863196
v 1.543553 1.951175 -2.507146
v 1.519946 1.892798 -2.918011
v 1.490700 1.807014 -3.195566
v 1.344307 0.874833 2.941333
v 1.372907 1.148876 2.961643
v 1.758190 0.806144 -1.244921
v 1.638324 0.394586 -2.562176
v 1.746346 0.779754 -2.438530
v 1.819939 1.088113 -2.236711
v 1.846611 1.120518 -1.457793
v 1.855080 1.229886 -1.861343
v 1.691629 0.404584 1.228576
v 1.695600 0.448916 -1.171424
v 1.649759 0.438537 -1.177703
v 1.788996 0.825336 1.358088
v 1.584889 0.511566 2.596715
v 1.713882 0.843163 2.546540
v 1.852074 1.121258 1.573731
v 1.820478 1.137559 2.344809
v 1.860125 1.249456 1.965782
v 1.652120 0.394321 1.234797
v 1.749200 0.697062 -1.067153
v 1.593221 2.146936 0.971262
v 1.834837 1.812314 1.021386
v 1.811954 1.351565 1.022570
v 1.771285 0.931704 1.022538
v 1.687613 0.383145 1.040898
v 1.648671 0.372285 1.040890
v 1.670916 0.525463 -2.646696
v 1.595718 0.380870 -2.725338
v 1.674571 0.667782 -2.779380
v 1.701892 0.624206 -2.600948
v 1.702809 0.519121 -2.510663
v 1.659266 0.511031 -2.503961
v 0.814958 0.411553 2.664470
v 1.336131 0.420128 2.616484
v 0.814699 0.434069 2.656964
v 1.331331 0.442352 2.608700
v 1.271697 0.968977 -3.152332
v 1.239640 1.542197 -3.129969
v 1.362521 1.788710 -3.114258
v 1.503588 1.859415 -3.111400
v 1.624835 1.774442 -3.110746
v 1.685105 1.562177 -3.102396
v 1.671965 0.941795 -3.076524
v 1.559354 0.389167 -3.006808
v 1.513766 0.379534 -2.974770
v 1.775254 0.923572 -1.113627
v 1.468419 0.918696 -3.194589
v 1.436829 0.844604 -3.165117
v 1.383244 0.390080 -3.101764
v 0.647228 0.379312 -3.149299
v 1.355888 0.379312 -3.045391
v 1.095330 0.940952 -3.131474
v 1.619383 0.676165 -3.045272
v 1.429543 0.686155 -3.144508
v 1.115142 0.379312 -3.047716
v 1.126905 0.396615 -3.101176
v 1.645869 0.527324 -2.770287
v 1.589478 0.530374 -3.026364
v 1.404733 0.542658 -3.129728
v 0.655683 0.594825 -3.220754
v 1.129504 0.595315 -3.121278
v 1.677318 1.231340 -3.193540
v 1.697732 1.210244 -3.090065
v 1.726316 1.229533 -2.852627
v 1.778034 0.784796 -2.445665
v 0.378303 0.397111 -3.234396
v 0.378322 0.590818 -3.252499
v 0.378295 0.908881 -3.243722
v 0.378267 0.379312 -3.180354
v 1.723130 1.931644 -1.510952
v 1.812364 1.725646 -1.561596
v 1.837131 1.825487 1.646180
v 1.555268 0.608063 2.812995
v 1.667145 0.564308 2.602817
v 1.806828 0.999335 2.475991
v 1.899871 1.221926 1.755485
v 1.886664 1.232058 2.171487
v 1.877479 1.194843 -2.066595
v 1.895299 1.215217 -1.646421
v 1.698392 1.891203 -2.200598
v 1.789643 1.689209 -2.158299
v 1.354560 1.892118 -2.746560
v 1.370758 1.981093 -2.138513
v 1.257745 1.891525 -2.504275
v 1.328586 1.606363 -3.194892
v 1.303688 1.126638 -3.193631
v 0.625905 0.484330 2.860615
v 1.578820 2.042418 -1.504894
v 1.555422 1.986072 -2.205544
v 1.531310 1.919424 -2.743209
v 0.811462 0.568457 2.893513
v 1.323122 0.575823 2.874434
v 1.787961 0.942228 -2.359274
v 1.844347 1.187124 -2.064177
v 1.861940 1.207025 -1.647881
v 1.853466 0.978823 -1.319999
v 1.690843 0.382900 0.357745
v 1.696809 0.891617 2.749215
v 1.829602 1.482740 1.702877
v 1.630935 0.574374 2.593739
v 1.823858 0.981721 1.442387
v 1.771172 0.994166 2.469447
v 1.862888 1.212940 1.757745
v 1.850057 1.223493 2.169195
v 1.701764 0.567002 1.298061
v 1.860570 0.987154 1.436032
v 1.653325 0.372027 0.357741
v 1.788500 1.109538 1.023235
v 0.682099 0.884607 2.976558
v 1.682935 0.734397 2.579515
v 1.730987 0.736630 2.588052
v 1.607478 0.775710 2.844212
v 1.335150 0.767269 2.928883
v 0.832035 0.762031 2.949599
v 0.630562 0.411558 2.668465
v 0.630601 0.434110 2.660961
v 1.793755 1.108439 1.275761
v 1.760866 0.811626 1.194424
v 1.731443 2.052940 1.597824
v 1.673968 1.990901 2.752371
v 1.701361 2.031493 2.305231
v 1.756953 1.308187 2.699197
v 1.816442 1.475414 2.230626
v 1.822082 1.803254 2.268507
v 1.297687 1.684514 -3.121452
v 1.667896 1.831499 -2.737993
v 1.753997 1.628011 -2.666220
v 1.681866 0.382539 -1.104787
v 1.676699 0.371787 -1.109066
v 1.751387 0.572173 1.290339
v 1.807888 0.972343 -1.325081
v 1.795353 1.119646 -1.196665
v 1.617027 0.964402 -3.193605
v 1.448389 0.379312 -3.029444
v 1.233189 1.094606 -3.146647
v 1.143745 1.814546 -2.769810
v 1.253403 1.765499 -2.945942
v 1.579639 0.860302 -3.136244
v 1.485714 0.388955 -3.076119
v 1.540445 0.669930 -3.116332
v 1.398651 0.495409 -3.124480
v 1.513598 0.531799 -3.102132
v 1.785968 1.427258 -2.111236
v 1.673836 1.123092 -3.192817
v 1.811548 1.456149 -1.607845
v 1.692027 1.078909 -3.076825
v 1.722577 1.074892 -2.834269
v 1.748838 1.257054 -2.620288
v 1.819917 0.947883 -2.365401
v 1.638389 0.391048 -2.644478
v 1.661245 0.526077 -2.694974
v 1.690220 0.644761 -2.672246
v 1.723334 0.899425 -2.680180
v 1.619445 0.381092 -2.640577
v 1.760850 1.072673 -2.516124
v 0.814969 0.406245 2.734022
v 1.333597 0.416149 2.686169
v 1.592191 0.497527 2.676559
v 1.754266 0.875236 2.624026
v 1.856941 1.155554 -2.279759
v 1.707814 0.593551 -2.571682
v 1.128232 0.519768 -3.117873
v 1.581216 0.485630 -3.021164
v 1.636442 0.480077 -2.759593
v 1.667161 0.490316 -2.620924
v 1.780348 0.827916 -2.506850
v 1.894988 1.309308 -1.864728
v 1.891660 1.196566 -1.426426
v 1.824126 0.861509 -1.181767
v 1.832016 0.864029 1.285772
v 1.902405 1.198421 1.529693
v 1.906770 1.342790 1.966250
v 1.863428 1.207729 2.388203
v 1.457677 2.083826 2.755892
v 1.487542 2.131734 2.308293
v 1.559427 2.158131 1.559087
v 1.286426 2.096267 2.309865
v 1.207394 2.018093 2.760853
v 0.839841 1.674523 2.944833
v 1.018480 1.804528 2.837091
v 1.127300 2.046898 2.328643
v 1.250062 2.148558 1.577200
v 1.132574 1.079162 -3.126455
v 0.655733 0.518262 -3.219779
v 0.378326 0.515348 -3.251913
v 0.628212 0.567823 2.907716
v 1.608565 0.597669 2.755735
v 1.671968 0.769632 2.763974
v 0.652361 0.760040 2.962808
v 1.789673 1.756389 2.653896
v 1.250129 1.824057 -2.756570
v 1.743300 1.075748 -2.647528
v 1.506218 0.489821 -3.096782
v 1.652151 0.474066 -2.678874
v 1.822949 0.996405 -2.417949
v 1.882973 1.262579 -2.087755
v 1.902836 1.287568 -1.633469
v 1.863713 1.035511 -1.276045
v 1.764564 0.618487 1.222647
v 1.870343 1.035297 1.381150
v 1.912210 1.303420 1.735162
v 1.895545 1.309022 2.191652
v 1.807306 1.044519 2.532739
v 1.718671 0.755721 2.660825
v 1.649640 0.573285 2.673859
v 0.630560 0.406245 2.738016
v 0.825335 1.785337 2.910249
v 1.738885 2.049697 1.313655
v 1.579472 2.156497 1.310591
v 1.390265 2.138026 1.561800
v 1.195952 2.106467 1.958497
v 0.850181 1.567095 2.968433
v 0.972219 1.306712 2.969295
v 0.973067 1.493609 2.942864
v 0.732857 1.014247 2.985526
v 0.829452 1.059554 2.979307
v 0.823691 1.327589 2.959422
v 0.846066 1.537450 2.934264
v 0.941400 1.309266 2.935126
v 0.728742 1.044010 2.951356
v 0.942248 1.463964 2.908695
v 0.798633 1.089316 2.945138
v 1.709045 0.476447 1.187811
v 1.704878 0.458257 -1.072140
v 1.710128 0.450808 0.357173
v 1.705880 0.450820 1.039415
v 1.722356 0.525979 -1.125415
v 0.899637 2.076784 2.362998
v 0.948860 2.149639 1.964753
v 0.859166 1.984103 2.683261
v 0.999501 2.192748 1.587857
v 1.039378 2.223975 1.262589
v 1.768608 1.092906 2.585187
v 1.599009 2.137840 0.355820
v 1.835797 1.790348 0.355619
v 1.822170 1.351281 0.356166
v 1.781016 0.941686 0.356150
v 1.797209 1.102850 0.356156
v 1.652363 0.371829 -0.523213
v 1.688856 0.382671 -0.521900
v 1.709810 0.453100 -0.511420
v 1.783228 0.939091 -0.513192
v 1.799826 1.108289 -0.529238
v 1.822115 1.346359 -0.540986
v 1.830616 1.765104 -0.529256
v 1.602979 2.100644 -0.511753
v 1.300948 1.265679 -3.194098
v 1.226519 1.306433 -3.138754
v 1.137401 1.297138 -3.119454
v 1.602974 1.152000 -3.382623
v 1.569805 1.056706 -3.369552
v 1.489729 1.004158 -3.362493
v 1.409652 1.056706 -3.369552
v 1.378874 1.152000 -3.382623
v 1.373244 1.247098 -3.395724
v 1.608706 1.247139 -3.395733
v 1.489729 1.187278 -3.387576
v 1.489867 1.267346 -3.398641
v 0.674425 1.613477 -3.142657
v 1.065113 1.538474 -3.104327
v 1.140210 1.530470 -3.105571
v 0.412303 1.655944 -3.157826
v 0.491833 2.251349 1.599753
v 0.466914 2.203378 1.973552
v 0.442692 2.127436 2.400364
v 0.422777 2.030784 2.739203
v 0.406130 1.830842 2.973133
v 0.398678 1.719601 3.008110
v 0.418356 1.605971 3.027382
v 0.416331 1.576325 2.993214
v 0.405321 1.341377 3.000828
v 1.534252 1.939268 3.145155
v 1.556472 1.990389 3.019329
v 1.329218 1.939499 3.145214
v 1.325106 1.992289 3.019740
v 1.182579 1.782745 3.116020
v 1.148378 1.811414 3.020175
v 1.181274 1.559156 3.085139
v 1.138040 1.543857 3.021673
v 1.326654 1.400094 3.066938
v 1.304804 1.348167 3.023695
v 1.533122 1.399956 3.066700
v 1.547527 1.346962 3.021848
v 1.678474 1.558744 3.084677
v 1.714066 1.540344 3.018121
v 1.678345 1.782240 3.115737
v 1.713046 1.807205 3.018059
v 1.516931 1.896290 3.141067
v 1.343920 1.896290 3.141067
v 1.221582 1.764004 3.110967
v 1.221582 1.576392 3.080469
v 1.343920 1.443548 3.063035
v 1.516931 1.443548 3.063035
v 1.639269 1.576392 3.080469
v 1.639269 1.764004 3.110967
v 1.066779 1.941354 -2.332481
v 0.716957 1.999083 -2.405116
v 1.144124 1.936225 -2.301490
v 0.387003 2.028793 -2.429443
v 1.262961 1.938655 -2.240108
v 1.515350 2.052476 -1.206530
v 1.420174 2.138520 1.125345
v 1.526599 2.140684 0.985363
v 1.277105 2.176133 1.200915
v 1.524874 2.125900 0.355946
v 1.520622 2.092390 -0.511748
v 1.513234 2.036373 -1.504894
v 1.499693 2.011404 -1.860391
v 0.509718 2.280102 1.347256
v 1.036719 1.896516 2.738203
v 0.415465 1.959591 2.860535
v 0.844305 1.912643 2.801038
v 1.015868 1.971500 2.642762
v 0.966662 1.903077 2.763765
v 0.911500 1.792973 2.881137
v 1.065390 1.639554 -3.074996
v 1.141402 1.623648 -3.080568
v 1.748431 0.683988 0.354989
v 1.748605 0.676858 -0.494946
v 1.740800 0.685859 1.028233
v 1.765730 1.878559 -1.247879
v 1.788748 1.946119 1.005253
v 1.790853 1.928274 0.355720
v 1.784918 1.898009 -0.521350
v 1.698489 1.979340 -1.220262
v 1.711579 2.020815 -0.514575
v 1.708188 2.076377 0.986738
v 1.714450 2.058085 0.355802
v -1.621094 1.877093 3.132181
v -1.432175 1.962244 3.150789
v -1.240860 1.877509 3.132326
v -1.160632 1.671273 3.099292
v -1.238587 1.463170 3.074156
v -1.429993 1.376748 3.064211
v -1.620972 1.462895 3.073743
v -1.699606 1.670770 3.098882
v -1.649973 1.917935 3.018998
v -1.444273 2.017522 3.019444
v -1.219599 1.921363 3.020041
v -1.118755 1.679795 3.020575
v -1.201601 1.425886 3.022902
v -1.426997 1.319069 3.023520
v -1.649011 1.423501 3.019706
v -1.737231 1.675555 3.017452
v -1.590769 1.843915 3.127577
v -1.430426 1.915594 3.147032
v -1.270082 1.843915 3.127577
v -1.203666 1.670263 3.094258
v -1.270082 1.496214 3.069947
v -1.430426 1.424093 3.060482
v -1.590769 1.496214 3.069947
v -1.657185 1.670263 3.094258
v -1.581566 1.840624 3.062211
v -1.430510 1.911287 3.062211
v -1.279453 1.840624 3.062211
v -1.216883 1.670028 3.062211
v -1.279453 1.499431 3.062211
v -1.430510 1.428768 3.062211
v -1.581566 1.499431 3.062211
v -1.644135 1.670028 3.062211
v -1.535846 1.788990 3.109075
v -1.430510 1.838265 3.109075
v -1.325173 1.788990 3.109075
v -1.281541 1.670028 3.109075
v -1.325173 1.551065 3.109075
v -1.430510 1.501790 3.109075
v -1.535846 1.551065 3.109075
v -1.579478 1.670028 3.109075
v -1.430509 1.670027 3.141123
v -0.682250 1.775355 -3.062924
v -0.661988 1.305271 -3.182325
v -0.418268 1.795813 -3.084407
v -0.399880 1.304080 -3.207080
v -0.696353 1.880030 -2.817837
v -0.657919 1.095292 -3.199706
v -0.400562 1.903942 -2.834985
v -0.354466 1.098830 -3.226481
v -1.064192 1.080396 -3.137357
v -1.064472 1.288877 -3.124700
v -1.065667 1.717342 -3.024087
v -1.066130 1.822427 -2.778585
v -0.655172 0.973998 -3.209582
v -0.345261 0.974099 -3.237803
v -1.041468 0.998463 -3.143230
v -0.387002 1.980394 -2.641666
v -0.715819 1.951824 -2.613088
v -1.066739 1.889510 -2.560996
v -0.361569 1.712744 -3.218771
v -0.368578 1.823358 -3.094120
v -0.375686 1.930827 -2.841406
v -1.681121 1.858535 -2.499660
v -1.684022 2.007233 2.584329
v -1.719535 2.042801 1.961065
v -1.712858 1.922408 -1.863474
v -1.735628 0.878549 -2.593945
v -1.772579 0.912847 1.208733
v -1.740351 0.905343 2.651522
v -1.773688 1.656599 -2.426366
v -1.801872 1.712206 -1.865560
v -1.818795 1.736764 -1.291682
v -1.835583 1.815111 1.371410
v -1.832988 1.821304 1.963973
v -1.804737 1.777817 2.514124
v -1.774312 1.303053 -2.370568
v -1.801103 1.476541 -1.865635
v -1.813168 1.359545 -1.339084
v -1.817539 1.361180 1.434458
v -1.826035 1.520837 1.968827
v -1.791839 1.349018 2.478956
v -1.528438 0.547923 2.789382
v -1.628200 0.888227 2.847436
v -1.683683 1.281198 2.878592
v -1.758928 1.704737 2.889250
v -1.668545 1.972517 2.851932
v -0.809808 0.484438 2.847337
v -1.201216 1.988482 2.858976
v -1.238508 2.054042 2.592242
v -1.340243 2.122606 1.957381
v -1.361331 1.933630 -2.506431
v -1.142774 1.705815 -3.028594
v -0.860368 0.884136 2.960249
v -1.054548 1.293594 2.956348
v -1.033347 1.690400 2.897725
v -1.144045 1.890366 -2.504333
v -1.067681 1.966505 2.626709
v -1.825144 0.829306 1.350523
v -1.609604 0.492733 2.605975
v -1.762429 0.846486 2.554613
v -1.889164 1.128979 1.569268
v -1.856834 1.144688 2.349259
v -1.896839 1.258714 1.965840
v -1.811182 0.811835 -1.238382
v -1.655150 0.404449 -2.567881
v -1.852705 1.095051 -2.241154
v -1.883067 1.128253 -1.454586
v -1.888341 1.237990 -1.861694
v -1.372338 1.726648 -3.195269
v -1.605626 1.731391 -3.195220
v -1.662784 1.564908 -3.194631
v -1.345102 1.004193 -3.193938
v -1.616151 0.390680 -2.731017
v -1.707729 0.924135 -2.817128
v -1.735982 1.602772 -2.832336
v -1.652667 1.806363 -2.915699
v -1.353960 1.846517 -2.924333
v -0.653694 0.908711 -3.214898
v -0.654876 0.397353 -3.202606
v -1.321053 0.492865 2.825049
v -1.449512 2.062903 2.853359
v -1.466030 2.106653 2.589038
v -1.524172 2.152636 1.952147
v -1.588046 2.059238 -1.206534
v -1.567112 2.018393 -1.863196
v -1.543553 1.951175 -2.507146
v -1.519946 1.892798 -2.918011
v -1.490700 1.807014 -3.195566
v -1.344307 0.874833 2.941333
v -1.372907 1.148876 2.961643
v -1.758190 0.806144 -1.244921
v -1.638324 0.394586 -2.562176
v -1.746346 0.779754 -2.438530
v -1.819939 1.088113 -2.236711
v -1.846611 1.120518 -1.457793
v -1.855080 1.229886 -1.861343
v -1.691629 0.404584 1.228576
v -1.695600 0.448916 -1.171424
v -1.649759 0.438537 -1.177703
v -1.788996 0.825336 1.358088
v -1.584889 0.511566 2.596715
v -1.713882 0.843163 2.546540
v -1.852074 1.121258 1.573731
v -1.820478 1.137559 2.344809
v -1.860125 1.249456 1.965782
v -1.652120 0.394321 1.234797
v -1.749200 0.697062 -1.067153
v -1.593221 2.146936 0.971262
v -1.834837 1.812314 1.021386
v -1.811954 1.351565 1.022570
v -1.771285 0.931704 1.022538
v -1.687613 0.383145 1.040898
v -1.648671 0.372285 1.040890
v -1.670916 0.525463 -2.646696
v -1.595718 0.380870 -2.725338
v -1.674571 0.667782 -2.779380
v -1.701892 0.624206 -2.600948
v -1.702809 0.519121 -2.510663
v -1.659266 0.511031 -2.503961
v -0.814958 0.411553 2.664470
v -1.336131 0.420128 2.616484
v -0.814699 0.434069 2.656964
v -1.331331 0.442352 2.608700
v -1.271697 0.968977 -3.152332
v -1.239640 1.542197 -3.129969
v -1.362521 1.788710 -3.114258
v -1.503588 1.859415 -3.111400
v -1.624835 1.774442 -3.110746
v -1.685105 1.562177 -3.102396
v -1.671965 0.941795 -3.076524
v -1.559354 0.389167 -3.006808
v -1.513766 0.379534 -2.974770
v -1.775254 0.923572 -1.113627
v -1.468419 0.918696 -3.194589
v -1.436829 0.844604 -3.165117
v -1.383244 0.390080 -3.101764
v -0.647228 0.379312 -3.149299
v -1.355888 0.379312 -3.045391
v -1.095330 0.940952 -3.131474
v -1.619383 0.676165 -3.045272
v -1.429543 0.686155 -3.144508
v -1.115142 0.379312 -3.047716
v -1.126905 0.396615 -3.101176
v -1.645869 0.527324 -2.770287
v -1.589478 0.530374 -3.026364
v -1.404733 0.542658 -3.129728
v -0.655683 0.594825 -3.220754
v -1.129504 0.595315 -3.121278
v -1.677318 1.231340 -3.193540
v -1.697732 1.210244 -3.090065
v -1.726316 1.229533 -2.852627
v -1.778034 0.784796 -2.445665
v -0.378303 0.397111 -3.234396
v -0.378322 0.590818 -3.252499
v -0.378295 0.908881 -3.243722
v -0.378267 0.379312 -3.180354
v -1.723130 1.931644 -1.510952
v -1.812364 1.725646 -1.561596
v -1.837131 1.825487 1.646180
v -1.555268 0.608063 2.812995
v -1.667145 0.564308 2.602817
v -1.806828 0.999335 2.475991
v -1.899871 1.221926 1.755485
v -1.886664 1.232058 2.171487
v -1.877479 1.194843 -2.066595
v -1.895299 1.215217 -1.646421
v -1.698392 1.891203 -2.200598
v -1.789643 1.689209 -2.158299
v -1.354560 1.892118 -2.746560
v -1.370758 1.981093 -2.138513
v -1.257745 1.891525 -2.504275
v -1.328586 1.606363 -3.194892
v -1.303688 1.126638 -3.193631
v -0.625905 0.484330 2.860615
v -1.578820 2.042418 -1.504894
v -1.555422 1.986072 -2.205544
v -1.531310 1.919424 -2.743209
v -0.811462 0.568457 2.893513
v -1.323122 0.575823 2.874434
v -1.787961 0.942228 -2.359274
v -1.844347 1.187124 -2.064177
v -1.861940 1.207025 -1.647881
v -1.853466 0.978823 -1.319999
v -1.690843 0.382900 0.357745
v -1.696809 0.891617 2.749215
v -1.829602 1.482740 1.702877
v -1.630935 0.574374 2.593739
v -1.823858 0.981721 1.442387
v -1.771172 0.994166 2.469447
v -1.862888 1.212940 1.757745
v -1.850057 1.223493 2.169195
v -1.701764 0.567002 1.298061
v -1.860570 0.987154 1.436032
v -1.653325 0.372027 0.357741
v -1.788500 1.109538 1.023235
v -0.682099 0.884607 2.976558
v -1.682935 0.734397 2.579515
v -1.730987 0.736630 2.588052
v -1.607478 0.775710 2.844212
v -1.335150 0.767269 2.928883
v -0.832035 0.762031 2.949599
v -0.630562 0.411558 2.668465
v -0.630601 0.434110 2.660961
v -1.793755 1.108439 1.275761
v -1.760866 0.811626 1.194424
v -1.731443 2.052940 1.597824
v -1.673968 1.990901 2.752371
v -1.701361 2.031493 2.305231
v -1.756953 1.308187 2.699197
v -1.816442 1.475414 2.230626
v -1.822082 1.803254 2.268507
v -1.297687 1.684514 -3.121452
v -1.667896 1.831499 -2.737993
v -1.753997 1.628011 -2.666220
v -1.681866 0.382539 -1.104787
v -1.676699 0.371787 -1.109066
v -1.751387 0.572173 1.290339
v -1.807888 0.972343 -1.325081
v -1.795353 1.119646 -1.196665
v -1.617027 0.964402 -3.193605
v -1.448389 0.379312 -3.029444
v -1.233189 1.094606 -3.146647
v -1.143745 1.814546 -2.769810
v -1.253403 1.765499 -2.945942
v -1.579639 0.860302 -3.136244
v -1.485714 0.388955 -3.076119
v -1.540445 0.669930 -3.116332
v -1.398651 0.495409 -3.124480
v -1.513598 0.531799 -3.102132
v -1.785968 1.427258 -2.111236
v -1.673836 1.123092 -3.192817
v -1.811548 1.456149 -1.607845
v -1.692027 1.078909 -3.076825
v -1.722577 1.074892 -2.834269
v -1.748838 1.257054 -2.620288
v -1.819917 0.947883 -2.365401
v -1.638389 0.391048 -2.644478
v -1.661245 0.526077 -2.694974
v -1.690220 0.644761 -2.672246
v -1.723334 0.899425 -2.680180
v -1.619445 0.381092 -2.640577
v -1.760850 1.072673 -2.516124
v -0.814969 0.406245 2.734022
v -1.333597 0.416149 2.686169
v -1.592191 0.497527 2.676559
v -1.754266 0.875236 2.624026
v -1.856941 1.155554 -2.279759
v -1.707814 0.593551 -2.571682
v -1.128232 0.519768 -3.117873
v -1.581216 0.485630 -3.021164
v -1.636442 0.480077 -2.759593
v -1.667161 0.490316 -2.620924
v -1.780348 0.827916 -2.506850
v -1.894988 1.309308 -1.864728
v -1.891660 1.196566 -1.426426
v -1.824126 0.861509 -1.181767
v -1.832016 0.864029 1.285772
v -1.902405 1.198421 1.529693
v -1.906770 1.342790 1.966250
v -1.863428 1.207729 2.388203
v -1.457677 2.083826 2.755892
v -1.487542 2.131734 2.308293
v -1.559427 2.158131 1.559087
v -1.286426 2.096267 2.309865
v -1.207394 2.018093 2.760853
v -0.839841 1.674523 2.944833
v -1.018480 1.804528 2.837091
v -1.127300 2.046898 2.328643
v -1.250062 2.148558 1.577200
v -1.132574 1.079162 -3.126455
v -0.655733 0.518262 -3.219779
v -0.378326 0.515348 -3.251913
v -0.628212 0.567823 2.907716
v -1.608565 0.597669 2.755735
v -1.671968 0.769632 2.763974
v -0.652361 0.760040 2.962808
v -1.789673 1.756389 2.653896
v -1.250129 1.824057 -2.756570
v -1.743300 1.075748 -2.647528
v -1.506218 0.489821 -3.096782
v -1.652151 0.474066 -2.678874
v -1.822949 0.996405 -2.417949
v -1.882973 1.262579 -2.087755
v -1.902836 1.287568 -1.633469
v -1.863713 1.035511 -1.276045
v -1.764564 0.618487 1.222647
v -1.870343 1.035297 1.381150
v -1.912210 1.303420 1.735162
v -1.895545 1.309022 2.191652
v -1.807306 1.044519 2.532739
v -1.718671 0.755721 2.660825
v -1.649640 0.573285 2.673859
v -0.630560 0.406245 2.738016
v -0.825335 1.785337 2.910249
v -1.738885 2.049697 1.313655
v -1.579472 2.156497 1.310591
v -1.390265 2.138026 1.561800
v -1.195952 2.106467 1.958497
v -0.850181 1.567095 2.968433
v -0.972219 1.306712 2.969295
v -0.973067 1.493609 2.942864
v -0.732857 1.014247 2.985526
v -0.829452 1.059554 2.979307
v -0.823691 1.327589 2.959422
v -0.846066 1.537450 2.934264
v -0.941400 1.309266 2.935126
v -0.728742 1.044010 2.951356
v -0.942248 1.463964 2.908695
v -0.798633 1.089316 2.945138
v -1.709045 0.476447 1.187811
v -1.704878 0.458257 -1.072140
v -1.710128 0.450808 0.357173
v -1.705880 0.450820 1.039415
v -1.722356 0.525979 -1.125415
v -0.899637 2.076784 2.362998
v -0.948860 2.149639 1.964753
v -0.859166 1.984103 2.683261
v -0.999501 2.192748 1.587857
v -1.039378 2.223975 1.262589
v -1.768608 1.092906 2.585187
v -1.599009 2.137840 0.355820
v -1.835797 1.790348 0.355619
v -1.822170 1.351281 0.356166
v -1.781016 0.941686 0.356150
v -1.797209 1.102850 0.356156
v -1.652363 0.371829 -0.523213
v -1.688856 0.382671 -0.521900
v -1.709810 0.453100 -0.511420
v -1.783228 0.939091 -0.513192
v -1.799826 1.108289 -0.529238
v -1.822115 1.346359 -0.540986
v -1.830616 1.765104 -0.529256
v -1.602979 2.100644 -0.511753
v -1.300948 1.265679 -3.194098
v -1.226519 1.306433 -3.138754
v -1.137401 1.297138 -3.119454
v -1.602974 1.152000 -3.382623
v -1.569805 1.056706 -3.369552
v -1.489729 1.004158 -3.362493
v -1.409652 1.056706 -3.369552
v -1.376483 1.152000 -3.382623
v -1.372930 1.247098 -3.395724
v -1.610526 1.247139 -3.395733
v -1.489729 1.187278 -3.387576
v -1.489867 1.267346 -3.398641
v -0.674425 1.613477 -3.142657
v -1.065113 1.538474 -3.104327
v -1.140210 1.530470 -3.105571
v -0.412303 1.655944 -3.157826
v -0.491833 2.251349 1.599753
v -0.466914 2.203378 1.973552
v -0.442692 2.127436 2.400364
v -0.422777 2.030784 2.739203
v -0.406130 1.830842 2.973133
v -0.398678 1.719601 3.008110
v -0.418356 1.605971 3.027382
v -0.416331 1.576325 2.993214
v -0.405321 1.341377 3.000828
v -1.534252 1.939268 3.145155
v -1.556472 1.990389 3.019329
v -1.329218 1.939499 3.145214
v -1.325106 1.992289 3.019740
v -1.182579 1.782745 3.116020
v -1.148378 1.811414 3.020175
v -1.181274 1.559156 3.085139
v -1.138040 1.543857 3.021673
v -1.326654 1.400094 3.066938
v -1.304804 1.348167 3.023695
v -1.533122 1.399956 3.066700
v -1.547527 1.346962 3.021848
v -1.678474 1.558744 3.084677
v -1.714066 1.540344 3.018121
v -1.678345 1.782240 3.115737
v -1.713046 1.807205 3.018059
v -1.516931 1.896290 3.141067
v -1.343920 1.896290 3.141067
v -1.221582 1.764004 3.110967
v -1.221582 1.576392 3.080469
v -1.343920 1.443548 3.063035
v -1.516931 1.443548 3.063035
v -1.639269 1.576392 3.080469
v -1.639269 1.764004 3.110967
v -1.066779 1.941354 -2.332481
v -0.716957 1.999083 -2.405116
v -1.144124 1.936225 -2.301490
v -0.387003 2.028793 -2.429443
v -1.262961 1.938655 -2.240108
v -1.515350 2.052476 -1.206530
v -1.420174 2.138520 1.125345
v -1.526599 2.140684 0.985363
v -1.277105 2.176133 1.200915
v -1.524874 2.125900 0.355946
v -1.520622 2.092390 -0.511748
v -1.513234 2.036373 -1.504894
v -1.499693 2.011404 -1.860391
v -0.509718 2.280102 1.347256
v -1.036719 1.896516 2.738203
v -0.415465 1.959591 2.860535
v -0.844305 1.912643 2.801038
v -1.015868 1.971500 2.642762
v -0.966662 1.903077 2.763765
v -0.911500 1.792973 2.881137
v -1.065390 1.639554 -3.074996
v -1.141402 1.623648 -3.080568
v -1.748431 0.683988 0.354989
v -1.748605 0.676858 -0.494946
v -1.740800 0.685859 1.028233
v -1.765730 1.878559 -1.247879
v -1.788748 1.946119 1.005253
v -1.790853 1.928274 0.355720
v -1.784918 1.898009 -0.521350
v -1.698489 1.979340 -1.220262
v -1.711579 2.020815 -0.514575
v -1.708188 2.076377 0.986738
v -1.714450 2.058085 0.355802
v 0.057794 2.092673 2.898293
v -0.057794 2.092673 2.898293
v 0.046339 2.101152 2.586781
v -0.046339 2.101152 2.586781
v 0.077253 2.088740 2.700517
v -0.077253 2.088740 2.700517
v 0.000000 2.116965 2.700517
v 0.000000 2.094373 2.908733
v 0.000000 2.114875 2.562441
v 0.000000 2.116965 2.846207
v -0.080486 2.088740 2.846207
v 0.080486 2.088740 2.846207
v 0.019511 2.110609 2.568300
v -0.020140 2.110404 2.568593
v -0.057794 2.036348 2.898293
v 0.000000 2.038048 2.908733
v 0.057794 2.036348 2.898293
v 0.080486 2.030103 2.848437
v 0.077253 2.048813 2.700517
v 0.046339 2.061226 2.586781
v 0.019512 2.070682 2.568300
v 0.000000 2.074949 2.562441
v -0.020141 2.070477 2.568593
v -0.046339 2.061226 2.586781
v -0.077253 2.048813 2.700517
v -0.080486 2.030103 2.848437
v -0.080486 1.974287 2.820609
v 0.080486 1.974287 2.820609
v -0.044484 2.018447 2.866385
v 0.000000 2.020147 2.879123
v 0.000000 1.939583 2.896349
v -0.044484 1.949938 2.882097
v 0.044484 1.949938 2.882097
v 0.044484 2.018447 2.866385
v -0.060126 1.974287 2.832372
v -0.060126 2.016348 2.854717
v 0.060126 1.974287 2.832372
v 0.060126 2.016348 2.854717
v 0.080486 2.013207 2.836754
v 0.077253 2.029094 2.700517
v -0.077253 2.029094 2.700517
v -0.080486 2.013207 2.836754
v -0.060126 2.006219 2.843034
v -0.044484 1.997068 2.866385
v 0.000000 1.998444 2.879123
v 0.044484 1.997068 2.866385
v 0.060126 2.006219 2.843034
v 0.716116 1.896010 -2.778346
v 0.671027 1.896009 -2.778346
v 0.762329 1.973820 -2.546406
v 0.624609 1.973820 -2.546406
v 0.624814 1.977049 -2.570250
v 0.762218 1.977049 -2.570251
v 0.650626 2.010092 -2.574356
v 0.641797 2.002099 -2.537279
v 0.737096 2.010158 -2.574332
v 0.746019 2.002226 -2.537030
v 0.714724 1.881567 -2.774141
v 0.672403 1.881574 -2.774119
v 0.762736 1.948270 -2.537717
v 0.757232 1.934866 -2.695278
v 0.624331 1.948261 -2.537744
v 0.629882 1.934867 -2.695277
v 0.624684 1.940175 -2.563567
v 0.762489 1.940175 -2.563564
v 0.655783 1.962314 -2.702487
v 0.644132 1.952957 -2.523143
v 0.731868 1.962354 -2.702408
v 0.743580 1.953013 -2.522983
v 0.645414 1.905726 -2.758524
v 0.721011 1.929718 -2.759736
v 0.741730 1.905726 -2.758524
v 0.666534 1.929792 -2.759870
v 0.738835 1.887426 -2.754801
v 0.648296 1.887432 -2.754784
v 0.754849 1.905497 -2.690259
v 0.632309 1.905497 -2.690259
v -0.716116 1.896010 -2.778346
v -0.671027 1.896009 -2.778346
v -0.762329 1.973820 -2.546406
v -0.624609 1.973820 -2.546406
v -0.624814 1.977049 -2.570250
v -0.762218 1.977049 -2.570251
v -0.650626 2.010092 -2.574356
v -0.641797 2.002099 -2.537279
v -0.737096 2.010158 -2.574332
v -0.746019 2.002226 -2.537030
v -0.714724 1.881567 -2.774141
v -0.672403 1.881574 -2.774119
v -0.762736 1.948270 -2.537717
v -0.757232 1.934866 -2.695278
v -0.624331 1.948261 -2.537744
v -0.629882 1.934867 -2.695277
v -0.624684 1.940175 -2.563567
v -0.762489 1.940175 -2.563564
v -0.655783 1.962314 -2.702487
v -0.644132 1.952957 -2.523143
v -0.731868 1.962354 -2.702408
v -0.743580 1.953013 -2.522983
v -0.645414 1.905726 -2.758524
v -0.721011 1.929718 -2.759736
v -0.741730 1.905726 -2.758524
v -0.666534 1.929792 -2.759870
v -0.738835 1.887426 -2.754801
v -0.648296 1.887432 -2.754784
v -0.754849 1.905497 -2.690259
v -0.632309 1.905497 -2.690259
v -0.300226 1.655378 -3.286246
v 0.300226 1.655379 -3.286246
v -0.362944 1.520705 -3.262580
v 0.362944 1.520705 -3.262580
v -0.304249 1.695228 -3.216296
v -0.367807 1.515822 -3.210455
v 0.367807 1.515823 -3.210455
v 0.304249 1.695228 -3.216296
v 0.000032 1.712564 -3.216296
v -0.000040 1.672714 -3.286246
v -0.243314 1.607604 -3.215014
v -0.240097 1.590488 -3.276547
v 0.243443 1.607604 -3.215014
v 0.240225 1.590488 -3.276547
v 0.000103 1.624940 -3.215014
v 0.000046 1.607823 -3.276385
v 0.294299 1.518701 -3.210268
v 0.290409 1.520851 -3.262434
v -0.290253 1.520851 -3.262434
v -0.294143 1.518701 -3.210268
v 0.000000 0.861332 -3.240662
v 0.000000 0.567877 -3.240662
v -1.520095 0.861377 -3.100120
v -1.520095 0.567832 -3.100120
v -1.641123 0.614253 -2.691550
v -1.641122 0.814963 -2.691558
v -1.394292 0.861313 -3.159762
v -1.394292 0.567896 -3.159762
v -1.128795 0.861324 -3.116119
v -1.128795 0.567885 -3.116119
v -0.608002 0.861342 -3.198122
v -0.608002 0.567867 -3.198122
v -1.582168 0.834844 -2.990332
v -1.582168 0.594365 -2.990332
v -1.248820 0.861344 -3.147236
v -1.248820 0.567865 -3.147236
v -1.166544 0.861329 -3.119232
v -1.166544 0.567879 -3.119232
v -1.074938 0.861347 -3.120070
v -1.074938 0.567862 -3.120070
v 0.000000 0.837780 -3.402998
v -0.632435 0.837795 -3.360003
v -1.097837 0.837731 -3.281628
v -1.154245 0.837224 -3.277825
v -1.197797 0.837264 -3.286847
v -1.283762 0.836313 -3.298884
v -1.467271 0.836603 -3.332802
v -1.635037 0.837428 -3.247368
v -1.727219 0.827113 -3.048016
v -1.723577 0.817493 -2.735997
v -1.723613 0.611793 -2.735967
v -1.727300 0.602201 -3.048025
v -1.635129 0.591912 -3.247460
v -1.467294 0.592748 -3.332957
v -1.283721 0.593013 -3.299011
v -1.197755 0.592052 -3.286937
v -1.154234 0.592062 -3.277888
v -1.097852 0.591567 -3.281697
v -0.632447 0.591514 -3.360083
v 0.000000 0.591530 -3.403080
v 0.000000 0.712909 -3.454351
v -0.631465 0.712909 -3.410981
v -1.079049 0.712909 -3.332324
v -1.144882 0.712930 -3.320561
v -1.191060 0.712915 -3.340822
v -1.276665 0.712913 -3.372126
v -1.469423 0.712906 -3.399775
v -1.672081 0.712906 -3.294189
v -1.758523 0.712911 -3.059286
v -1.722684 0.713254 -2.701624
v -1.641008 0.713448 -2.658098
v 1.520095 0.861377 -3.100120
v 1.520095 0.567832 -3.100120
v 1.664800 0.614253 -2.691550
v 1.664799 0.814963 -2.691558
v 1.394292 0.861313 -3.159762
v 1.394292 0.567896 -3.159762
v 1.128795 0.861324 -3.116119
v 1.128795 0.567885 -3.116119
v 0.608002 0.861342 -3.198122
v 0.608002 0.567867 -3.198122
v 1.582168 0.834844 -2.990332
v 1.582168 0.594365 -2.990332
v 1.248820 0.861344 -3.147236
v 1.248820 0.567865 -3.147236
v 1.166544 0.861329 -3.119232
v 1.166544 0.567879 -3.119232
v 1.074938 0.861347 -3.120070
v 1.074938 0.567862 -3.120070
v 0.632435 0.837795 -3.360003
v 1.097837 0.837731 -3.281628
v 1.154245 0.837224 -3.277825
v 1.197797 0.837264 -3.286847
v 1.283762 0.836313 -3.298884
v 1.467271 0.836603 -3.332802
v 1.635037 0.837428 -3.247368
v 1.727219 0.827113 -3.048016
v 1.747254 0.817493 -2.735997
v 1.747290 0.611793 -2.735967
v 1.727300 0.602201 -3.048025
v 1.635129 0.591912 -3.247460
v 1.467294 0.592748 -3.332957
v 1.283721 0.593013 -3.299011
v 1.197755 0.592052 -3.286937
v 1.154234 0.592062 -3.277888
v 1.097852 0.591567 -3.281697
v 0.632447 0.591514 -3.360083
v 0.631465 0.712909 -3.410981
v 1.079049 0.712909 -3.332324
v 1.144882 0.712930 -3.320561
v 1.191060 0.712915 -3.340822
v 1.276665 0.712913 -3.372126
v 1.469423 0.712906 -3.399775
v 1.672081 0.712906 -3.294189
v 1.758523 0.712911 -3.059286
v 1.746361 0.713254 -2.701624
v 1.664685 0.713448 -2.658098
v -1.462358 0.567861 -3.127493
v -1.561811 0.592296 -3.309480
v -1.582781 0.712906 -3.365429
v -1.561751 0.837049 -3.309359
v -1.462358 0.861348 -3.127493
v 1.457446 0.567864 -3.129822
v 1.564212 0.592329 -3.308009
v 1.583822 0.712906 -3.364742
v 1.564154 0.837017 -3.307886
v 1.457446 0.861345 -3.129821
v 1.755157 2.034462 1.516264
v 1.769815 1.997317 1.530755
v 1.711102 2.011632 1.521392
v 1.725497 1.975157 1.538007
v 1.784438 1.960259 1.516264
v 1.740136 1.938056 1.521392
v 1.750062 2.048862 1.469225
v 1.779866 2.002337 1.466558
v 1.790682 1.945923 1.469225
v 1.744097 1.922535 1.468673
v 1.703849 2.024526 1.468673
v 1.758549 2.038094 1.365970
v 1.774711 2.000080 1.350044
v 1.789600 1.959402 1.365970
v 1.738297 1.934017 1.368160
v 1.707411 2.012291 1.368160
v 1.722641 1.974912 1.350044
v 1.704071 2.023766 1.411800
v 1.750568 2.048220 1.412364
v 1.790618 1.946728 1.412357
v 1.743736 1.923248 1.411803
v 1.885059 2.354064 1.318119
v 1.902790 2.346584 1.312231
v 1.879705 2.356628 1.335272
v 1.921351 2.338955 1.318119
v 1.926513 2.337141 1.335270
v 1.884698 2.354571 1.350883
v 1.902781 2.346232 1.356050
v 1.921509 2.339245 1.350883
v 1.810800 1.998014 1.434434
v 1.799317 2.024294 1.443164
v 1.789684 2.051348 1.433547
v 1.786985 2.058787 1.405851
v 1.789939 2.050938 1.375727
v 1.800036 2.025203 1.365689
v 1.810688 1.998285 1.376423
v 1.813792 1.990925 1.406873
v 1.766575 2.035254 1.450603
v 1.760620 2.040913 1.414649
v 1.765147 2.032679 1.376828
v 1.778010 2.001492 1.363649
v 1.790463 1.968385 1.376777
v 1.792580 1.959641 1.414648
v 1.792907 1.968423 1.450665
v 1.773377 1.999012 1.514030
v 1.782470 1.973438 1.505101
v 1.762330 2.024410 1.504843
v 1.953831 2.420719 1.312556
v 1.911646 2.440453 1.312556
v 1.869462 2.420719 1.312556
v 1.851988 2.373077 1.312556
v 1.869462 2.325436 1.312556
v 1.911646 2.305702 1.312556
v 1.953831 2.325436 1.312556
v 1.971305 2.373077 1.312556
v 2.058310 2.538713 1.204536
v 1.911646 2.607322 1.204536
v 1.764982 2.538713 1.204536
v 1.704232 2.373077 1.204536
v 1.764982 2.207442 1.204536
v 1.911646 2.138834 1.204536
v 2.058310 2.207442 1.204536
v 2.119061 2.373077 1.204536
v 2.058310 2.538713 1.239051
v 1.911646 2.607322 1.239051
v 1.764982 2.538713 1.239051
v 1.704232 2.373077 1.239051
v 1.764982 2.207442 1.239051
v 1.911646 2.138834 1.239051
v 2.058310 2.207442 1.239051
v 2.119061 2.373077 1.239051
v 1.911646 2.373077 1.203745
v 1.939631 2.404682 1.357176
v 1.911646 2.417773 1.357176
v 1.911646 2.373077 1.370790
v 1.883662 2.404682 1.357176
v 1.872070 2.373077 1.357176
v 1.883662 2.341473 1.357176
v 1.911646 2.328382 1.357176
v 1.939631 2.341473 1.357176
v 1.951223 2.373077 1.357176
v 1.990772 2.588814 1.239051
v 1.990772 2.588814 1.204536
v 1.832521 2.588814 1.239051
v 1.832521 2.588814 1.204536
v 1.720620 2.462439 1.239051
v 1.720620 2.462439 1.204536
v 1.720620 2.283716 1.239051
v 1.720620 2.283716 1.204536
v 1.832521 2.157341 1.239051
v 1.832521 2.157341 1.204536
v 1.990772 2.157341 1.239051
v 1.990772 2.157341 1.204536
v 2.102673 2.283716 1.239051
v 2.102673 2.283716 1.204536
v 2.102673 2.462439 1.239051
v 2.102673 2.462439 1.204536
v -0.000000 0.873185 2.987544
v -0.000000 0.579670 2.987544
v 1.441893 0.873190 2.865552
v 1.441893 0.579665 2.865552
v 1.589361 0.642122 2.702952
v 1.589341 0.810823 2.703113
v 1.315566 0.873107 2.901448
v 1.315566 0.579748 2.901448
v 1.035952 0.873176 2.905056
v 1.035952 0.579679 2.905056
v 0.602838 0.873191 2.945009
v 0.602838 0.579664 2.945009
v 1.531800 0.846795 2.790890
v 1.531800 0.606060 2.790890
v 1.182028 0.873112 2.908495
v 1.182028 0.579743 2.908495
v 1.073315 0.873153 2.897043
v 1.073315 0.579703 2.897043
v 0.982615 0.873199 2.909006
v 0.982615 0.579656 2.909006
v 0.000000 0.845088 3.142229
v 0.632828 0.844990 3.099316
v 1.010838 0.845085 3.062820
v 1.066863 0.844552 3.059104
v 1.110125 0.844743 3.056619
v 1.224584 0.844564 3.082742
v 1.396627 0.844878 3.086915
v 1.569599 0.845192 3.000317
v 1.665673 0.833979 2.851777
v 1.697170 0.810468 2.746081
v 1.697199 0.633883 2.745898
v 1.665741 0.610327 2.851773
v 1.569664 0.599131 3.000375
v 1.396642 0.599445 3.087001
v 1.224564 0.599751 3.082824
v 1.110097 0.599563 3.056687
v 1.066853 0.599742 3.059162
v 1.010849 0.599219 3.062884
v 0.632837 0.599323 3.099390
v 0.000000 0.599227 3.142304
v 0.000000 0.720423 3.192414
v 0.631999 0.720425 3.148988
v 0.992330 0.720422 3.112332
v 1.052951 0.720444 3.100679
v 1.097287 0.720426 3.108973
v 1.210904 0.720431 3.140327
v 1.398628 0.720425 3.153427
v 1.603744 0.720424 3.048471
v 1.704572 0.720415 2.862421
v 1.696558 0.720771 2.716501
v 1.602354 0.725281 2.675389
v -1.441894 0.873190 2.865552
v -1.441894 0.579665 2.865552
v -1.589362 0.642122 2.702952
v -1.589342 0.810823 2.703113
v -1.315567 0.873107 2.901448
v -1.315567 0.579748 2.901448
v -1.035952 0.873176 2.905056
v -1.035952 0.579679 2.905056
v -0.602839 0.873191 2.945009
v -0.602839 0.579664 2.945009
v -1.531801 0.846795 2.790890
v -1.531801 0.606060 2.790890
v -1.182029 0.873112 2.908495
v -1.182029 0.579743 2.908495
v -1.073316 0.873153 2.897043
v -1.073316 0.579703 2.897043
v -0.982616 0.873199 2.909006
v -0.982616 0.579656 2.909006
v -0.632828 0.844990 3.099316
v -1.010838 0.845085 3.062820
v -1.066863 0.844552 3.059104
v -1.110125 0.844743 3.056619
v -1.224584 0.844564 3.082742
v -1.396627 0.844878 3.086915
v -1.569599 0.845192 3.000317
v -1.665673 0.833979 2.851777
v -1.697170 0.810468 2.746081
v -1.697199 0.633883 2.745898
v -1.665741 0.610327 2.851773
v -1.569664 0.599131 3.000375
v -1.396642 0.599445 3.087001
v -1.224564 0.599751 3.082824
v -1.110097 0.599563 3.056687
v -1.066853 0.599742 3.059162
v -1.010849 0.599219 3.062884
v -0.632837 0.599323 3.099390
v -0.631999 0.720425 3.148988
v -0.992330 0.720422 3.112332
v -1.052951 0.720444 3.100679
v -1.097287 0.720426 3.108973
v -1.210904 0.720431 3.140327
v -1.398628 0.720425 3.153427
v -1.603744 0.720424 3.048471
v -1.704572 0.720415 2.862421
v -1.696558 0.720771 2.716501
v -1.602355 0.725281 2.675389
v -1.380997 0.579705 2.882856
v -1.495321 0.599282 3.056587
v -1.513930 0.720424 3.113520
v -1.495280 0.845041 3.056516
v -1.380997 0.873150 2.882856
v 1.386887 0.579701 2.881181
v 1.494327 0.599267 3.056465
v 1.514433 0.720424 3.117156
v 1.494284 0.845055 3.056395
v 1.386887 0.873154 2.881181
v -0.348300 1.512883 -3.192100
v -0.348300 0.993277 -3.218374
v 0.350601 1.512883 -3.192100
v 0.350601 0.993277 -3.218374
v 0.350601 0.997899 -3.289088
v -0.348300 0.997899 -3.289088
v -0.348300 1.517505 -3.262814
v 0.350601 1.517505 -3.262814
v 0.368862 1.475300 -3.194000
v 0.368862 1.479922 -3.264714
v -0.366561 1.479922 -3.264714
v -0.366561 1.475300 -3.194000
v 0.368862 1.034510 -3.216289
v 0.368862 1.039132 -3.287003
v -0.366561 1.039132 -3.287003
v -0.366561 1.034510 -3.216289
v 0.003251 1.297165 3.052934
v -0.229353 1.488106 3.035881
v 0.001625 1.495986 3.048734
v 0.233278 1.488106 3.035259
v -0.221038 1.215933 3.031838
v 0.002957 1.093817 3.053360
v -0.228922 1.299617 3.032177
v 0.228541 1.219432 3.030691
v 0.236772 1.299617 3.030932
v -0.170192 1.152720 3.038897
v 0.163959 1.154122 3.039287
v -0.229220 1.487794 2.990133
v 0.233145 1.487794 2.989510
v 0.236772 1.299617 2.963050
v -0.228922 1.299617 2.964296
v -0.221038 1.215933 2.963956
v 0.228541 1.219432 2.962809
v -0.170192 1.152720 2.971015
v 0.002957 1.093817 2.985479
v 0.163959 1.154122 2.971406
v 0.000000 1.627973 3.044425
v 0.000000 1.628608 3.006917
v 0.000000 1.589799 3.091684
v 0.000000 1.533821 3.086345
v -0.747140 1.438418 2.979391
v -0.858731 1.295151 2.969311
v -0.830281 1.381185 2.961027
v -0.938943 1.297374 2.959073
v -0.938557 1.457753 2.947923
v -0.817673 1.551336 2.971651
v -0.662273 1.458112 2.997743
v -0.428215 1.482980 3.028799
v -0.718776 1.577200 2.992628
v -0.463492 1.607822 3.027028
v -0.745143 1.438324 2.941713
v -0.660825 1.457702 2.960250
v -0.427646 1.482384 2.991317
v -0.829429 1.380888 2.922597
v -0.857531 1.294174 2.929446
v -0.939550 1.296670 2.920816
v -0.939010 1.458080 2.910621
v -0.816896 1.552358 2.934084
v -0.717823 1.578091 2.955078
v -0.463008 1.608499 2.989529
v -0.453924 1.570265 3.075075
v -0.703864 1.540941 3.041873
v -0.798621 1.516805 3.021904
v -0.906660 1.436963 2.991430
v -0.915726 1.247293 2.962379
v -0.916697 1.245211 2.922075
v -0.438463 1.515998 3.070059
v -0.679071 1.489335 3.037683
v -0.767760 1.467979 3.018364
v -0.854513 1.404829 2.990042
v -0.878233 1.249897 2.966123
v -0.878841 1.247029 2.925356
v -0.235450 1.526685 3.081207
v -0.244097 1.582008 3.086492
v -0.249490 1.620003 3.038964
v -0.249269 1.620648 3.001466
v 0.747140 1.438418 2.979391
v 0.858731 1.295151 2.969311
v 0.830281 1.381185 2.961027
v 0.938943 1.297374 2.959073
v 0.938557 1.457753 2.947923
v 0.817673 1.551336 2.971651
v 0.662273 1.458112 2.997743
v 0.428215 1.482980 3.028799
v 0.718776 1.577200 2.992628
v 0.463492 1.607822 3.027028
v 0.745143 1.438324 2.941713
v 0.660825 1.457702 2.960250
v 0.427646 1.482384 2.991317
v 0.829429 1.380888 2.922597
v 0.857531 1.294174 2.929446
v 0.939550 1.296670 2.920816
v 0.939010 1.458080 2.910621
v 0.816896 1.552358 2.934084
v 0.717823 1.578091 2.955078
v 0.463008 1.608499 2.989529
v 0.453924 1.570265 3.075075
v 0.703864 1.540941 3.041873
v 0.798621 1.516805 3.021904
v 0.906660 1.436963 2.991430
v 0.915726 1.247293 2.962379
v 0.916697 1.245211 2.922075
v 0.438463 1.515998 3.070059
v 0.679071 1.489335 3.037683
v 0.767760 1.467979 3.018364
v 0.854513 1.404829 2.990042
v 0.878233 1.249897 2.966123
v 0.878841 1.247029 2.925356
v 0.235450 1.526685 3.081207
v 0.244097 1.582008 3.086492
v 0.249490 1.620003 3.038964
v 0.249269 1.620648 3.001466
v -1.084434 0.992064 -3.308760
v -1.252075 0.992064 -3.308760
v -1.084434 0.992064 -3.249571
v -1.252074 0.992064 -3.249571
v -1.274262 0.898707 -3.248933
v -1.274262 0.893877 -3.344923
v -1.062248 0.893877 -3.344923
v -1.062247 0.898707 -3.248932
v -1.296303 0.584162 -3.195327
v -1.296304 0.584162 -3.341954
v -1.040205 0.584162 -3.195327
v -1.040205 0.584162 -3.341955
v -1.164770 0.975630 -3.357601
v -1.164045 0.528255 -3.195327
v -1.040205 0.709313 -3.249278
v -1.040205 0.709313 -3.396273
v -1.296304 0.709313 -3.396272
v -1.296303 0.709313 -3.249278
v -1.164159 0.750987 -3.428709
v -1.164045 0.655619 -3.425792
v -1.197857 1.029937 -3.249571
v -1.195388 1.031662 -3.317008
v -1.136914 1.031737 -3.249571
v -1.135478 1.030652 -3.316798
v -1.211839 0.548458 -3.371094
v -1.131377 0.543003 -3.375546
v 1.084434 0.992064 -3.308760
v 1.252075 0.992064 -3.308760
v 1.084434 0.992064 -3.249571
v 1.252074 0.992064 -3.249571
v 1.274262 0.898707 -3.248933
v 1.274262 0.893877 -3.344923
v 1.062248 0.893877 -3.344923
v 1.062247 0.898707 -3.248932
v 1.296303 0.584162 -3.195327
v 1.296304 0.584162 -3.341954
v 1.040205 0.584162 -3.195327
v 1.040205 0.584162 -3.341955
v 1.164770 0.975630 -3.357601
v 1.164045 0.528255 -3.195327
v 1.040205 0.709313 -3.249278
v 1.040205 0.709313 -3.396273
v 1.296304 0.709313 -3.396272
v 1.296303 0.709313 -3.249278
v 1.164148 0.747133 -3.429929
v 1.164045 0.654772 -3.425539
v 1.197917 1.029895 -3.316641
v 1.204090 1.025583 -3.249571
v 1.124689 1.022496 -3.315099
v 1.124689 1.022496 -3.249571
v 1.204113 0.545192 -3.373760
v 1.128948 0.544100 -3.374651
v 0.891696 1.071503 3.071448
v 1.059336 1.071503 3.071448
v 0.891696 1.071503 3.012259
v 1.059336 1.071503 3.012259
v 1.081523 0.978147 3.011621
v 1.081523 0.973317 3.100885
v 0.869509 0.973317 3.100885
v 0.869509 0.978147 3.011621
v 1.103565 0.598913 2.958014
v 1.103565 0.598913 3.104643
v 0.847467 0.598913 2.958015
v 0.847467 0.598913 3.104644
v 0.971522 1.055044 3.113545
v 0.970692 0.543005 2.958014
v 1.103565 0.724223 3.011966
v 1.103565 0.724223 3.158961
v 0.847467 0.724223 3.158961
v 0.847467 0.724223 3.011966
v 1.009448 1.106142 3.012259
v 1.007578 1.107440 3.078928
v 0.931709 1.101920 3.012259
v 0.941913 1.109676 3.079393
v 0.970692 0.672523 3.189067
v 0.970816 0.773468 3.191014
v 1.010264 0.559656 3.136664
v 0.928331 0.562225 3.134569
v -0.891696 1.071503 3.071448
v -1.059336 1.071503 3.071448
v -0.891696 1.071503 3.012259
v -1.059336 1.071503 3.012259
v -1.081523 0.978147 3.011621
v -1.081523 0.973317 3.100885
v -0.869509 0.973317 3.100885
v -0.869509 0.978147 3.011621
v -1.103565 0.598913 2.958014
v -1.103565 0.598913 3.104643
v -0.847467 0.598913 2.958015
v -0.847466 0.598913 3.104644
v -0.971522 1.055044 3.113545
v -0.970692 0.543005 2.958014
v -1.103565 0.724223 3.011966
v -1.103565 0.724223 3.158961
v -0.847466 0.724223 3.158961
v -0.847467 0.724223 3.011966
v -1.004316 1.109705 3.079399
v -1.009358 1.106204 3.012259
v -0.940665 1.108728 3.079195
v -0.931709 1.101920 3.012259
v -0.970692 0.665899 3.187081
v -0.970828 0.778537 3.189620
v -1.017789 0.562822 3.134082
v -0.927356 0.562667 3.134209
v 0.732937 2.479888 1.326949
v 0.732970 2.527143 1.300102
v -0.420210 2.499488 1.352258
v -0.420178 2.546743 1.325411
v -0.421216 2.477085 1.325964
v -0.421183 2.524339 1.299117
v 0.731932 2.457484 1.300655
v 0.731965 2.504739 1.273807
v -0.064367 2.576088 1.338467
v -0.064416 2.505095 1.378802
v -0.065421 2.482689 1.352508
v -0.065373 2.553685 1.312174
v 0.385305 2.568446 1.328598
v 0.385256 2.497451 1.368933
v 0.384250 2.475047 1.342639
v 0.384299 2.546042 1.302304
v 0.709493 2.452432 1.278415
v 0.709511 2.476959 1.264481
v 0.374967 2.475481 1.316867
v 0.374992 2.512328 1.295932
v -0.057749 2.482835 1.326364
v -0.057723 2.519683 1.305429
v -0.400171 2.471293 1.302770
v -0.400154 2.495821 1.288835
v 0.910968 2.235611 1.385133
v 0.930299 2.284493 1.363648
v 0.274043 2.544896 1.381049
v 0.287662 2.579333 1.365913
v 0.266457 2.529933 1.352610
v 0.280076 2.564371 1.337474
v 0.904524 2.226288 1.365563
v 0.923856 2.275172 1.344077
v 0.843571 2.366677 1.379445
v 0.807682 2.275928 1.419333
v 0.794325 2.249952 1.369811
v 0.830209 2.340690 1.329928
v 0.907595 2.315811 1.367628
v 0.878613 2.242528 1.399839
v 0.872712 2.225460 1.367874
v 0.901365 2.297913 1.336028
v 0.306410 2.577976 1.363380
v 0.287873 2.531103 1.383983
v 0.280086 2.515669 1.354677
v 0.298624 2.562544 1.334074
v 0.893180 2.279360 1.383650
v 0.926279 2.257421 1.374089
v 0.919835 2.248100 1.354518
v 0.887113 2.261875 1.351868
v 0.812360 2.295557 1.349766
v 0.289403 2.539228 1.344322
v 0.267277 2.550287 1.345241
v 0.274863 2.565249 1.373680
v 0.297189 2.554661 1.373628
v 0.825720 2.321538 1.399285
v 0.370648 2.556144 1.370705
v 0.360419 2.530279 1.382074
v 0.350083 2.504143 1.393562
v 0.341693 2.487450 1.361892
v 0.352030 2.513588 1.350403
v 0.362260 2.539456 1.339033
v 0.766902 2.348400 1.397839
v 0.783787 2.391095 1.379073
v 0.771056 2.366287 1.331819
v 0.754173 2.323597 1.350583
v 0.737115 2.280461 1.369543
v 0.749842 2.305259 1.416801
v 1.799095 1.993388 -0.697810
v 1.829656 1.953503 -0.681601
v 1.852251 1.907062 -0.697810
v 1.861478 1.889567 -0.744011
v 1.849965 1.906518 -0.785982
v 1.823620 1.948579 -0.803368
v 1.797875 1.991112 -0.785982
v 1.787812 2.009202 -0.744011
v 1.745846 1.960390 -0.689937
v 1.775826 1.912120 -0.676135
v 1.806215 1.862351 -0.689937
v 1.817220 1.841969 -0.743037
v 1.804029 1.861391 -0.791127
v 1.773842 1.909585 -0.811047
v 1.744344 1.958320 -0.791127
v 1.732814 1.979047 -0.743037
v 1.764701 1.938053 -0.402933
v 1.773027 1.911125 -0.397572
v 1.752990 1.928317 -0.436073
v 1.759506 1.900409 -0.431335
v 1.792778 1.893043 -0.403609
v 1.780860 1.883641 -0.436744
v 1.829730 1.954543 -0.666778
v 1.845296 1.917630 -0.668460
v 1.810434 1.889347 -0.657945
v 1.793277 1.925921 -0.638137
v 1.770005 1.955259 -0.657945
v 1.805257 1.982905 -0.668460
v 1.811643 1.987921 -0.513094
v 1.836099 1.960269 -0.513038
v 1.850826 1.924019 -0.513084
v 1.816859 1.897351 -0.512172
v 1.797972 1.930234 -0.511256
v 1.778060 1.960627 -0.512182
v 1.864899 1.899666 -0.744217
v 1.854348 1.915200 -0.782681
v 1.830204 1.953747 -0.798613
v 1.806611 1.992726 -0.782681
v 1.797389 2.009303 -0.744217
v 1.808139 1.993926 -0.705760
v 1.833282 1.956162 -0.689859
v 1.855877 1.916400 -0.705760
v 1.772035 1.951254 -0.409913
v 1.787901 1.922739 -0.406038
v 1.806419 1.896137 -0.410741
v 1.793304 1.885782 -0.445384
v 1.771122 1.909439 -0.442116
v 1.759199 1.940453 -0.444563
v 1.788499 1.976486 -0.665920
v 1.797347 1.982811 -0.512830
v 1.755032 1.932970 -0.407838
v 1.761842 1.902320 -0.401628
v 1.785316 1.884426 -0.408568
v 1.841911 1.910136 -0.512819
v 1.834478 1.901526 -0.665920
v 1.841246 1.887559 -0.695958
v 1.848837 1.873146 -0.743525
v 1.836481 1.891339 -0.788571
v 1.808206 1.936482 -0.807229
v 1.780575 1.982130 -0.788571
v 1.769776 2.001544 -0.743525
v 1.779114 1.988463 -0.695958
v 1.756048 1.814034 -0.737231
v 1.745440 1.829652 -0.775903
v 1.721165 1.868408 -0.791921
v 1.697444 1.907597 -0.775903
v 1.688173 1.924264 -0.737231
v 1.698731 1.908728 -0.698559
v 1.722754 1.870381 -0.689398
v 1.746725 1.830783 -0.698559
v 1.813891 1.983742 -0.772935
v 1.831450 1.954732 -0.784793
v 1.849419 1.926044 -0.772935
v 1.857272 1.914482 -0.744308
v 1.850409 1.926821 -0.715681
v 1.832849 1.955831 -0.703824
v 1.814880 1.984518 -0.715681
v 1.807028 1.996081 -0.744308
v 1.802939 1.887492 -0.419211
v 1.763800 1.950233 -0.418268
v 1.792119 1.974902 -0.456970
v 1.772244 1.952819 -0.467227
v 1.788322 1.922802 -0.460117
v 1.808056 1.894571 -0.467469
v 1.833233 1.908031 -0.457248
v 1.840599 1.920109 -0.455752
v 1.824839 1.951540 -0.452722
v 1.804467 1.978877 -0.455509
v 1.824593 1.949380 -0.744308
v 1.812105 1.968847 -0.763888
v 1.824115 1.949005 -0.771998
v 1.836405 1.929383 -0.763888
v 1.841776 1.921475 -0.744308
v 1.837082 1.929914 -0.724729
v 1.825072 1.949756 -0.716618
v 1.812781 1.969378 -0.724729
v 1.807411 1.977285 -0.744308
v -1.799095 1.993388 -0.697810
v -1.829656 1.953503 -0.681601
v -1.852251 1.907062 -0.697810
v -1.861478 1.889567 -0.744011
v -1.849965 1.906518 -0.785982
v -1.823620 1.948579 -0.803368
v -1.797875 1.991112 -0.785982
v -1.787812 2.009202 -0.744011
v -1.745846 1.960390 -0.689937
v -1.775826 1.912120 -0.676135
v -1.806215 1.862351 -0.689937
v -1.817220 1.841969 -0.743037
v -1.804029 1.861391 -0.791127
v -1.773842 1.909585 -0.811047
v -1.744344 1.958320 -0.791127
v -1.732814 1.979047 -0.743037
v -1.764701 1.938053 -0.402933
v -1.773027 1.911125 -0.397572
v -1.752990 1.928317 -0.436073
v -1.759506 1.900409 -0.431335
v -1.792778 1.893043 -0.403609
v -1.780860 1.883641 -0.436744
v -1.829730 1.954543 -0.666778
v -1.845296 1.917630 -0.668460
v -1.810434 1.889347 -0.657945
v -1.793277 1.925921 -0.638137
v -1.770005 1.955259 -0.657945
v -1.805257 1.982905 -0.668460
v -1.811643 1.987921 -0.513094
v -1.836099 1.960269 -0.513038
v -1.850826 1.924019 -0.513084
v -1.816859 1.897351 -0.512172
v -1.797972 1.930234 -0.511256
v -1.778060 1.960627 -0.512182
v -1.864899 1.899666 -0.744217
v -1.854348 1.915200 -0.782681
v -1.830204 1.953747 -0.798613
v -1.806611 1.992726 -0.782681
v -1.797389 2.009303 -0.744217
v -1.808139 1.993926 -0.705760
v -1.833282 1.956162 -0.689859
v -1.855877 1.916400 -0.705760
v -1.772035 1.951254 -0.409913
v -1.787901 1.922739 -0.406038
v -1.806419 1.896137 -0.410741
v -1.793304 1.885782 -0.445384
v -1.771122 1.909439 -0.442116
v -1.759199 1.940453 -0.444563
v -1.788499 1.976486 -0.665920
v -1.797347 1.982811 -0.512830
v -1.755032 1.932970 -0.407838
v -1.761842 1.902320 -0.401628
v -1.785316 1.884426 -0.408568
v -1.841911 1.910136 -0.512819
v -1.834478 1.901526 -0.665920
v -1.841246 1.887559 -0.695958
v -1.848837 1.873146 -0.743525
v -1.836481 1.891339 -0.788571
v -1.808206 1.936482 -0.807229
v -1.780575 1.982130 -0.788571
v -1.769776 2.001544 -0.743525
v -1.779114 1.988463 -0.695958
v -1.756048 1.814034 -0.737231
v -1.745440 1.829652 -0.775903
v -1.721165 1.868408 -0.791921
v -1.697444 1.907597 -0.775903
v -1.688173 1.924264 -0.737231
v -1.698731 1.908728 -0.698559
v -1.722754 1.870381 -0.689398
v -1.746725 1.830783 -0.698559
v -1.813891 1.983742 -0.772935
v -1.831450 1.954732 -0.784793
v -1.849419 1.926044 -0.772935
v -1.857272 1.914482 -0.744308
v -1.850409 1.926821 -0.715681
v -1.832849 1.955831 -0.703824
v -1.814880 1.984518 -0.715681
v -1.807028 1.996081 -0.744308
v -1.802939 1.887492 -0.419211
v -1.763800 1.950233 -0.418268
v -1.792119 1.974902 -0.456970
v -1.772244 1.952819 -0.467227
v -1.788322 1.922802 -0.460117
v -1.808056 1.894571 -0.467469
v -1.833233 1.908031 -0.457248
v -1.840599 1.920109 -0.455752
v -1.824839 1.951540 -0.452722
v -1.804467 1.978877 -0.455509
v -1.824593 1.949380 -0.744308
v -1.812105 1.968847 -0.763888
v -1.824115 1.949005 -0.771998
v -1.836405 1.929383 -0.763888
v -1.841776 1.921475 -0.744308
v -1.837082 1.929914 -0.724729
v -1.825072 1.949756 -0.716618
v -1.812781 1.969378 -0.724729
v -1.807411 1.977285 -0.744308
v -0.259313 0.579667 2.969247
v -0.289231 0.599271 3.128667
v -0.288419 0.720424 3.178572
v -0.289222 0.845043 3.128592
v -0.259313 0.873188 2.969247
v 0.283427 0.579667 2.967546
v 0.283493 0.599270 3.129056
v 0.283472 0.720424 3.178912
v 0.283493 0.845044 3.128981
v 0.283427 0.873188 2.967546
v -1.376669 1.334971 -3.407830
v -1.489981 1.333770 -3.407821
v -1.305353 1.362791 -3.194318
v -1.671479 1.365345 -3.193978
v -1.607292 1.336535 -3.408051
v 1.489996 1.342638 -3.409046
v 1.373550 1.344703 -3.409170
v 1.304948 1.353857 -3.194298
v 1.672213 1.348512 -3.193923
v 1.608056 1.340471 -3.408593
v 0.827745 1.855384 0.605443
v 0.717470 1.815468 0.583236
v 0.607197 1.855384 0.605443
v 0.561520 1.951749 0.659053
v 0.607197 2.048115 0.712665
v 0.717470 2.088030 0.734871
v 0.827745 2.048115 0.712665
v 0.873422 1.951749 0.659053
v 0.811898 1.931242 0.501683
v 0.717471 1.897063 0.482669
v 0.623044 1.931242 0.501683
v 0.583931 2.013760 0.547590
v 0.623044 2.096276 0.593496
v 0.717471 2.130456 0.612511
v 0.811898 2.096276 0.593496
v 0.851011 2.013760 0.547590
v 0.811898 2.081455 0.620136
v 0.717471 2.115636 0.639152
v 0.623044 2.081455 0.620136
v 0.583931 1.992402 0.585979
v 0.623044 1.909885 0.540073
v 0.717471 1.882241 0.509309
v 0.811898 1.909885 0.540073
v 0.851011 1.992402 0.585979
v 0.811898 2.046267 0.683388
v 0.717471 2.080447 0.702403
v 0.623044 2.046267 0.683388
v 0.583931 1.963750 0.637482
v 0.623044 1.881233 0.591575
v 0.717471 1.847053 0.572560
v 0.811898 1.881233 0.591575
v 0.851011 1.963750 0.637482
v 0.274817 1.985644 0.465228
v 0.300698 1.908216 0.422152
v 0.292220 1.998111 0.442818
v 0.317083 1.920682 0.399742
v 1.134367 1.908671 0.422165
v 1.160011 1.985391 0.464846
v 1.117972 1.920933 0.400123
v 1.142607 1.997653 0.442804
v 0.789064 1.965266 0.487494
v 0.717471 1.939351 0.473077
v 0.645878 1.965266 0.487494
v 0.616223 2.027829 0.522299
v 0.645878 2.090392 0.557105
v 0.717471 2.116307 0.571521
v 0.789064 2.090392 0.557105
v 0.818718 2.027829 0.522299
v 0.331894 1.986632 0.456130
v 0.316115 1.972421 0.481674
v 0.344013 1.915879 0.450218
v 0.358695 1.930090 0.424674
v 1.102533 1.986347 0.456386
v 1.075908 1.930176 0.425137
v 1.090581 1.916123 0.450396
v 1.118296 1.972294 0.481646
v 0.763565 1.977755 0.517494
v 0.717471 1.961071 0.508212
v 0.671376 1.977755 0.517494
v 0.652283 2.018035 0.539904
v 0.671376 2.058316 0.562312
v 0.717471 2.075001 0.571594
v 0.763565 2.058316 0.562312
v 0.782658 2.018035 0.539904
v 0.717471 2.018941 0.538275
v 0.717471 2.096057 0.560036
v 0.662339 2.076101 0.548933
v 0.639503 2.027923 0.522131
v 0.662339 1.979745 0.495328
v 0.717471 1.959789 0.484226
v 0.772602 1.979745 0.495328
v 0.795439 2.027923 0.522131
v 0.772602 2.076101 0.548933
v 0.827745 1.805074 0.695875
v 0.717470 1.765159 0.673669
v 0.607197 1.805074 0.695875
v 0.561520 1.901439 0.749485
v 0.607197 1.997806 0.803097
v 0.717470 2.037721 0.825302
v 0.827745 1.997806 0.803097
v 0.873422 1.901439 0.749485
v 0.777849 1.777250 0.848524
v 0.717471 1.755395 0.836365
v 0.657093 1.777250 0.848524
v 0.632084 1.830012 0.877876
v 0.657093 1.882775 0.907230
v 0.717471 1.904630 0.919388
v 0.777849 1.882775 0.907230
v 0.802858 1.830012 0.877876
v 0.777849 1.741328 0.913094
v 0.717471 1.719473 0.900935
v 0.657093 1.741328 0.913094
v 0.632084 1.794090 0.942447
v 0.657093 1.846853 0.971800
v 0.717471 1.868708 0.983958
v 0.777849 1.846853 0.971800
v 0.802858 1.794090 0.942447
v 0.300300 1.963992 0.406810
v 0.346210 1.962967 0.427579
v 0.604822 1.954863 0.549710
v 0.604822 1.969684 0.523069
v 0.632063 1.994411 0.503708
v 0.651700 2.002189 0.507814
v 0.662482 1.996520 0.527934
v 1.134386 1.963081 0.406548
v 1.088027 1.962280 0.427612
v 0.829701 1.953981 0.549219
v 0.829701 1.968802 0.522579
v 0.802562 1.993743 0.503336
v 0.782997 2.001674 0.507528
v 0.772255 1.996090 0.527694
v 0.556462 1.959180 0.617117
v 0.593797 1.891397 0.579050
v 0.557569 1.986355 0.568026
v 0.592760 1.918138 0.530328
v 0.840761 1.918026 0.530966
v 0.842366 1.890970 0.579599
v 0.880232 1.958623 0.617236
v 0.878509 1.985679 0.568603
v 1.110368 1.913592 0.392886
v 1.018181 1.793027 0.325812
v 0.880214 1.712468 0.280995
v 0.717471 1.684179 0.265257
v 0.554728 1.712467 0.280995
v 0.416761 1.793027 0.325812
v 0.324574 1.913592 0.392886
v 0.292202 2.055809 0.472004
v 0.324574 2.198025 0.551123
v 0.416761 2.318591 0.618197
v 0.554728 2.399150 0.663014
v 0.717471 2.427439 0.678752
v 0.880214 2.399150 0.663014
v 1.018181 2.318591 0.618197
v 1.110367 2.198025 0.551123
v 1.142739 2.055809 0.472004
v 1.122166 1.924310 0.363568
v 1.027211 1.800124 0.294480
v 0.885101 1.717146 0.248317
v 0.717471 1.688007 0.232107
v 0.549841 1.717146 0.248317
v 0.407731 1.800124 0.294480
v 0.312776 1.924310 0.363568
v 0.279432 2.070797 0.445063
v 0.312776 2.217284 0.526557
v 0.407730 2.341470 0.595645
v 0.549841 2.424449 0.641808
v 0.717471 2.453587 0.658018
v 0.885101 2.424449 0.641808
v 1.027211 2.341470 0.595645
v 1.122166 2.217284 0.526557
v 1.155509 2.070797 0.445063
v 1.150649 1.920208 0.346673
v 1.049011 1.787282 0.272722
v 0.896899 1.698463 0.223310
v 0.717471 1.667274 0.205959
v 0.538042 1.698463 0.223310
v 0.385930 1.787282 0.272722
v 0.284292 1.920208 0.346672
v 0.248602 2.077005 0.433903
v 0.284292 2.233803 0.521133
v 0.385930 2.366729 0.595084
v 0.538042 2.455548 0.644496
v 0.717471 2.486737 0.661847
v 0.896899 2.455548 0.644496
v 1.049011 2.366729 0.595084
v 1.150649 2.233803 0.521133
v 1.186340 2.077006 0.433903
v 1.179133 1.903690 0.352096
v 1.070812 1.762022 0.273284
v 0.908698 1.667364 0.220622
v 0.717471 1.634124 0.202130
v 0.526244 1.667364 0.220622
v 0.364130 1.762022 0.273283
v 0.255809 1.903690 0.352096
v 0.217771 2.070797 0.445063
v 0.255809 2.237905 0.538029
v 0.364130 2.379572 0.616842
v 0.526244 2.474231 0.669503
v 0.717471 2.507471 0.687995
v 0.908698 2.474231 0.669503
v 1.070812 2.379572 0.616842
v 1.179133 2.237905 0.538029
v 1.217170 2.070797 0.445063
v 1.190931 1.884431 0.376663
v 1.079842 1.739143 0.295835
v 0.913585 1.642065 0.241828
v 0.717471 1.607976 0.222864
v 0.521357 1.642065 0.241828
v 0.355100 1.739143 0.295835
v 0.244010 1.884431 0.376662
v 0.205001 2.055809 0.472004
v 0.244010 2.227187 0.567346
v 0.355100 2.372475 0.648174
v 0.521357 2.469553 0.702180
v 0.717471 2.503642 0.721145
v 0.913585 2.469553 0.702180
v 1.079842 2.372475 0.648174
v 1.190931 2.227187 0.567346
v 1.229941 2.055809 0.472004
v 1.179133 1.873713 0.405980
v 1.070812 1.732046 0.327167
v 0.908698 1.637387 0.274506
v 0.717471 1.604147 0.256014
v 0.526244 1.637387 0.274506
v 0.364130 1.732045 0.327167
v 0.255809 1.873712 0.405980
v 0.217771 2.040820 0.498946
v 0.255809 2.207928 0.591913
v 0.364130 2.349595 0.670725
v 0.526244 2.444254 0.723386
v 0.717471 2.477494 0.741879
v 0.908698 2.444254 0.723387
v 1.070812 2.349595 0.670725
v 1.179133 2.207928 0.591913
v 1.217170 2.040820 0.498946
v 1.150649 1.877815 0.422876
v 1.049011 1.744888 0.348925
v 0.896899 1.656070 0.299513
v 0.717471 1.624880 0.282162
v 0.538042 1.656069 0.299513
v 0.385930 1.744888 0.348925
v 0.284292 1.877814 0.422876
v 0.248602 2.034612 0.510106
v 0.284292 2.191409 0.597336
v 0.385930 2.324336 0.671287
v 0.538042 2.413155 0.720699
v 0.717471 2.444344 0.738050
v 0.896899 2.413155 0.720699
v 1.049011 2.324336 0.671287
v 1.150649 2.191410 0.597336
v 1.186340 2.034612 0.510106
v 1.122166 1.894333 0.417452
v 1.027211 1.770148 0.348364
v 0.885101 1.687169 0.302201
v 0.717471 1.658031 0.285991
v 0.549841 1.687169 0.302201
v 0.407731 1.770147 0.348364
v 0.312776 1.894333 0.417452
v 0.279432 2.040820 0.498946
v 0.312776 2.187308 0.580441
v 0.407730 2.311493 0.649529
v 0.549841 2.394472 0.695691
v 0.717471 2.423610 0.711902
v 0.885101 2.394472 0.695691
v 1.027211 2.311493 0.649529
v 1.122166 2.187308 0.580441
v 1.155509 2.040820 0.498946
v -1.492740 2.150899 0.937547
v -1.526599 2.140683 0.985363
v -1.520618 2.103466 -0.517512
v -1.482178 2.107365 -0.517355
v -1.445038 2.064516 -0.517357
v -1.524871 2.137314 0.359955
v -1.488527 2.138440 0.357357
v -1.451236 2.094035 0.362655
v -1.517594 2.080309 -0.921076
v -1.479824 2.081917 -0.927807
v -1.442657 2.039084 -0.926600
v -1.444641 0.695253 -0.801375
v -1.451149 0.702155 0.923913
v -1.455211 2.104909 0.926583
v -1.443817 0.949814 -0.925559
v -1.444133 0.786411 -0.893518
v -0.433401 0.550858 0.212145
v -0.352655 0.550858 0.138655
v -0.352655 0.977135 0.138655
v -0.433401 0.977135 0.212145
v -1.160203 0.550858 0.138655
v -1.079455 0.550858 0.212145
v -1.079455 0.977135 0.212145
v -1.160203 0.977135 0.138655
v -0.433401 0.977135 -0.554504
v -0.352655 0.977135 -0.481015
v -0.352655 0.550858 -0.481015
v -0.433401 0.550858 -0.554505
v -1.160203 0.977135 -0.481015
v -1.079455 0.977135 -0.554504
v -1.079455 0.550858 -0.554505
v -1.160203 0.550858 -0.481015
v 0.433401 0.550858 0.212145
v 0.352655 0.550858 0.138655
v 0.352655 0.977135 0.138655
v 0.433401 0.977135 0.212145
v 1.160203 0.550858 0.138655
v 1.079455 0.550858 0.212145
v 1.079455 0.977135 0.212145
v 1.160203 0.977135 0.138655
v 0.433401 0.977135 -0.554504
v 0.352655 0.977135 -0.481015
v 0.352655 0.550858 -0.481015
v 0.433401 0.550858 -0.554505
v 1.160203 0.977135 -0.481015
v 1.079455 0.977135 -0.554504
v 1.079455 0.550858 -0.554505
v 1.160203 0.550858 -0.481015
v -1.501063 0.590280 1.176588
v 1.501063 0.590280 1.176588
v -1.501063 0.590280 -1.055855
v 1.501063 0.590280 -1.055855
v 1.036391 0.590280 1.235885
v -1.036391 0.590280 1.235885
v -0.828181 0.590280 1.477652
v 0.828181 0.590280 1.477652
v 0.492116 0.799327 1.414263
v 0.671040 0.799327 1.414263
v 0.492116 0.851907 1.378689
v 0.671040 0.851907 1.378689
v 0.492116 0.651793 1.182646
v 0.671040 0.651793 1.182646
v 0.492116 0.599214 1.218219
v 0.671040 0.599214 1.218219
v 0.458001 0.684923 1.215102
v 0.458001 0.632344 1.250675
v 0.705155 0.632344 1.250675
v 0.705155 0.684923 1.215102
v 0.458001 0.817567 1.345049
v 0.458001 0.764988 1.380622
v 0.705155 0.764988 1.380622
v 0.705155 0.817567 1.345049
v 0.230513 0.799327 1.414263
v 0.312361 0.799327 1.414263
v 0.230513 0.851907 1.378689
v 0.312361 0.851907 1.378689
v 0.230513 0.651793 1.182646
v 0.312361 0.651793 1.182646
v 0.230513 0.599214 1.218219
v 0.312361 0.599214 1.218219
v 0.197123 0.688552 1.218656
v 0.197123 0.635972 1.254230
v 0.345751 0.635972 1.254230
v 0.345751 0.688552 1.218656
v 0.197123 0.822229 1.349615
v 0.197123 0.769649 1.385189
v 0.345751 0.769649 1.385189
v 0.345751 0.822229 1.349615
v 0.837403 0.772405 1.366752
v 0.905350 0.772405 1.366752
v 0.837403 0.814279 1.338421
v 0.905350 0.814279 1.338421
v 0.837403 0.654912 1.182295
v 0.905350 0.654912 1.182295
v 0.837403 0.613038 1.210625
v 0.905350 0.613038 1.210625
v 0.805668 0.684971 1.211743
v 0.805668 0.643098 1.240073
v 0.937085 0.643098 1.240073
v 0.937085 0.684971 1.211743
v 0.805668 0.781913 1.306713
v 0.805668 0.740040 1.335044
v 0.937085 0.740040 1.335044
v 0.937085 0.781913 1.306713
v 0.972389 1.726496 -1.278634
v 0.802534 1.726496 -1.278634
v 0.970972 1.872511 -1.331290
v 0.803951 1.872511 -1.331290
v 0.970972 1.880596 -1.475978
v 0.803951 1.880596 -1.475978
v 0.948290 1.762050 -1.552609
v 0.826633 1.762050 -1.552609
v 0.970972 1.786945 -1.534280
v 0.803951 1.786945 -1.534280
v 0.970972 1.893558 -1.401273
v 0.803951 1.893558 -1.401273
v 0.972389 1.726496 -1.311544
v 0.802534 1.726496 -1.311544
v 0.948290 1.746382 -1.507067
v 0.826633 1.746382 -1.507067
v 0.970972 1.816971 -1.358900
v 0.970972 1.830543 -1.403299
v 0.803951 1.816971 -1.358900
v 0.803951 1.830543 -1.403299
v 0.970972 1.822523 -1.453752
v 0.803951 1.822523 -1.453752
v 0.970972 1.761309 -1.496685
v 0.803951 1.761309 -1.496685
v 0.889565 1.860935 -1.336918
v 0.889565 1.881983 -1.401288
v 0.889565 1.869020 -1.470962
v 0.889565 1.786945 -1.525796
v 0.889618 1.746029 -1.556738
v 0.889618 1.730362 -1.511196
v 0.970972 1.781195 -1.333304
v 0.970972 1.804462 -1.299010
v 0.889565 1.797150 -1.305690
v 0.803951 1.804462 -1.299010
v 0.803951 1.781195 -1.333304
v 0.948862 1.545728 -1.241178
v 0.826062 1.545728 -1.241178
v 0.992146 1.601362 -1.251528
v 0.782777 1.601362 -1.251528
v 0.948862 1.545728 -1.281744
v 0.826062 1.545728 -1.281744
v 0.992146 1.601362 -1.292094
v 0.782777 1.601362 -1.292094
v 0.782777 1.709723 -1.312252
v 0.782777 1.709723 -1.271686
v 0.992146 1.709723 -1.271686
v 0.992146 1.709723 -1.312252
v 0.921184 2.264946 1.028877
v 0.836525 2.285872 1.038811
v 0.731195 2.294753 1.043027
v 0.623765 2.285872 1.038811
v 0.534989 2.264244 1.028543
v 0.958338 2.296709 1.042405
v 0.926490 2.278118 1.013766
v 0.857412 2.321655 1.054249
v 0.731842 2.332244 1.059275
v 0.731287 2.308742 1.028305
v 0.839509 2.299618 1.023973
v 0.603768 2.321655 1.054249
v 0.497934 2.295872 1.042008
v 0.529697 2.277397 1.013424
v 0.620909 2.299617 1.023973
v 0.533275 1.955801 0.880562
v 0.922381 1.955801 0.880562
v 0.907020 1.998774 0.878968
v 0.548632 1.998774 0.878968
v 1.035358 2.229563 1.010529
v 1.027153 2.254107 1.022181
v 0.420299 2.229564 1.010529
v 0.428636 2.253988 1.022124
v 0.477788 2.229671 1.012131
v 0.470287 2.208884 1.002262
v 0.472496 2.242825 0.997011
v 0.464971 2.215747 0.984156
v 0.985370 2.208884 1.002262
v 0.977954 2.229801 1.012192
v 0.990685 2.215746 0.984156
v 0.983327 2.242931 0.997062
v 0.500196 2.099887 0.929152
v 0.518517 2.030747 0.894147
v 0.501644 1.982621 0.893294
v 0.954827 1.985092 0.894467
v 0.937975 2.033691 0.895545
v 0.956345 2.103516 0.930875
v 0.915344 1.929339 0.921756
v 0.540313 1.929339 0.921756
v 0.952953 2.112010 0.951136
v 0.503209 2.110157 0.950253
v 0.717152 2.111031 0.950669
v 0.717161 2.101599 0.929965
v 0.807774 1.621069 0.890244
v 0.647877 1.621069 0.890244
v 0.807774 1.681376 0.805204
v 0.647877 1.681376 0.805204
v 0.862896 1.739200 0.832384
v 0.862896 1.678893 0.917423
v 0.592756 1.678893 0.917423
v 0.592756 1.739200 0.832384
v 0.728743 1.665388 0.797689
v 0.728743 1.605081 0.882729
v 0.728470 1.764265 0.846897
v 0.540313 1.869032 1.006796
v 0.915344 1.869032 1.006796
v 0.930301 1.898259 1.013702
v 1.000715 2.107107 1.112851
v 0.993398 2.130374 1.123897
v 0.932656 2.171902 1.143611
v 0.842975 2.196412 1.155248
v 0.731395 2.206816 1.160187
v 0.617590 2.196413 1.155248
v 0.523548 2.171079 1.143222
v 0.462369 2.130245 1.123836
v 0.454941 2.107107 1.112851
v 0.526144 1.895836 1.012551
v 1.476999 1.861635 -1.356999
v 0.954556 1.861635 -2.221888
v 1.397332 1.861635 -1.959723
v 1.208953 1.861635 -1.448583
v 1.188459 1.861635 -1.895015
v 0.833092 1.861635 -2.069771
v 1.085391 1.743346 -1.533560
v 1.089263 1.743346 -1.853440
v 0.753236 1.743346 -1.992377
v 1.476999 1.813543 -1.325317
v 1.476999 1.861635 -1.391452
v 1.283476 1.861635 -1.503047
v 1.159913 1.743346 -1.588024
v 1.476999 1.861635 -1.753819
v 1.273519 1.861635 -1.749360
v 1.149957 1.743346 -1.762031
v 1.476999 1.861635 -1.597657
v 1.286651 1.861635 -1.643211
v 1.163089 1.743346 -1.687042
v 1.224091 1.861635 -2.114914
v 1.035702 1.861635 -2.003105
v 0.945380 1.743346 -1.939519
v 0.238086 1.743346 -2.032871
v 0.263327 1.861635 -2.120591
v 0.301720 1.861635 -2.297941
v 0.000000 1.813543 -1.325317
v 0.000000 1.861635 -1.356999
v 0.000000 1.861635 -1.448583
v 0.000000 1.743346 -1.533560
v 0.000000 1.743346 -2.032987
v 0.000000 1.861635 -2.120581
v 0.000000 1.861635 -2.297941
v 0.982414 1.743346 -1.764508
v 1.476999 0.553932 -1.019639
v 0.000000 0.553932 -1.019639
v -1.476999 1.861635 -1.356999
v -0.954556 1.861635 -2.221888
v -1.397332 1.861635 -1.959723
v -1.208953 1.861635 -1.448583
v -1.188459 1.861635 -1.895015
v -0.833092 1.861635 -2.069771
v -1.085391 1.743346 -1.533560
v -1.089263 1.743346 -1.853440
v -0.753236 1.743346 -1.992377
v -1.476999 1.813543 -1.325317
v -1.476999 1.861635 -1.391452
v -1.283476 1.861635 -1.503047
v -1.159913 1.743346 -1.588024
v -1.476999 1.861635 -1.753819
v -1.273519 1.861635 -1.749360
v -1.149957 1.743346 -1.762031
v -1.476999 1.861635 -1.597657
v -1.286651 1.861635 -1.643211
v -1.163089 1.743346 -1.687042
v -1.224091 1.861635 -2.114914
v -1.035702 1.861635 -2.003105
v -0.945380 1.743346 -1.939519
v -0.238086 1.743346 -2.032871
v -0.263327 1.861635 -2.120591
v -0.301720 1.861635 -2.297941
v -0.982414 1.743346 -1.764508
v -1.476999 0.553932 -1.019639
v -0.517203 2.255614 1.083829
v -0.517755 1.710106 0.958460
v -0.513425 2.259888 1.226246
v -1.247955 2.167448 1.135699
v -1.243772 2.164762 1.036052
v -1.240293 1.710106 0.947413
v -1.469460 2.128953 1.012222
v -1.469177 1.710106 0.940732
v -0.052188 2.297334 1.094055
v -0.031614 2.283973 1.237417
v -0.316770 1.710106 0.959351
v -0.517754 1.695138 1.056619
v -0.310250 2.273122 1.233385
v -1.243772 2.150387 1.016739
v -1.469460 2.114287 0.997160
v -1.469297 1.695137 1.048344
v -1.241784 1.695138 1.048434
v -0.517756 1.755013 0.925741
v -1.239796 1.755013 0.925741
v -1.469135 1.755013 0.925741
v 0.000000 2.300376 1.095903
v 0.000000 2.284318 1.237633
v -0.183740 1.755013 0.920053
v -0.052663 2.283327 1.073190
v -0.517744 2.239927 1.059030
v -0.037792 2.284067 1.185704
v -0.136274 2.275355 1.083503
v -0.325361 2.267683 1.086372
v -0.316766 1.695138 1.060180
v -0.327572 1.755013 0.920053
v 0.000000 1.755013 0.920053
v 0.000000 2.286762 1.074836
v 0.000000 2.284318 1.188631
v -0.327524 2.251495 1.061630
v -0.140598 2.258633 1.061664
v -0.248286 1.636952 0.959614
v -0.248278 1.636969 1.061234
v -0.297956 1.665440 0.959351
v -0.297953 1.665456 1.060180
v -0.248289 1.636900 0.920053
v -0.297957 1.665388 0.920053
v 0.000000 1.636969 1.062390
v 0.000000 1.636952 0.959903
v 0.000000 1.636900 0.920053
v 0.000000 1.994055 0.918729
v -0.177746 1.994082 0.918744
v -0.327569 1.995001 0.920258
v -0.517755 1.994382 0.920111
v -1.240018 1.989255 0.917746
v -1.469154 1.987446 0.916655
v -0.106722 2.279711 1.139303
v -0.856502 2.224221 1.197481
v -0.857439 2.220435 1.068216
v -0.857573 2.205467 1.045076
v -0.857576 1.992433 0.919329
v -0.857576 1.755013 0.925741
v -0.857576 1.710106 0.954865
v -0.857576 1.695138 1.050516
v 0.517203 2.255614 1.083829
v 0.517755 1.710106 0.958460
v 0.513425 2.259888 1.226246
v 1.247955 2.167448 1.135699
v 1.243772 2.164762 1.036052
v 1.240293 1.710106 0.947413
v 1.469460 2.128953 1.012222
v 1.469177 1.710106 0.940732
v 0.052188 2.297334 1.094055
v 0.031614 2.283973 1.237417
v 0.316770 1.710106 0.959351
v 0.517754 1.695138 1.056619
v 0.310250 2.273122 1.233385
v 1.243772 2.150387 1.016739
v 1.469460 2.114287 0.997160
v 1.469297 1.695137 1.048344
v 1.241784 1.695138 1.048434
v 0.517756 1.755013 0.925741
v 1.239796 1.755013 0.925741
v 1.469135 1.755013 0.925741
v 0.183740 1.755013 0.920053
v 0.052663 2.283327 1.073190
v 0.517744 2.239927 1.059030
v 0.037792 2.284067 1.185704
v 0.136274 2.275355 1.083503
v 0.325361 2.267683 1.086372
v 0.316766 1.695138 1.060180
v 0.327572 1.755013 0.920053
v 0.327524 2.251495 1.061630
v 0.140598 2.258633 1.061664
v 0.248286 1.636952 0.959614
v 0.248278 1.636969 1.061234
v 0.297956 1.665440 0.959351
v 0.297953 1.665456 1.060180
v 0.248289 1.636900 0.920053
v 0.297957 1.665388 0.920053
v 0.177746 1.994082 0.918744
v 0.327569 1.995001 0.920258
v 0.517755 1.994382 0.920111
v 1.240018 1.989255 0.917746
v 1.469154 1.987446 0.916655
v 0.106722 2.279711 1.139303
v 0.856502 2.224221 1.197481
v 0.857439 2.220435 1.068216
v 0.857573 2.205467 1.045076
v 0.857576 1.992433 0.919329
v 0.857576 1.755013 0.925741
v 0.857576 1.710106 0.954865
v 0.857576 1.695138 1.050516
v -0.983577 2.233627 1.160368
v 0.000000 2.303817 1.221984
v -1.416555 2.083772 0.927686
v -1.350777 2.168788 1.052495
v -1.229565 2.194244 1.116744
v -1.039378 2.236375 1.276809
v 0.000000 2.313809 1.396516
v -1.276672 2.187465 1.222703
v -1.418964 2.151199 1.157118
v -1.499601 2.151684 1.032866
v -1.397562 2.148058 0.983072
v -0.776014 2.264565 1.323011
v -0.734306 2.263160 1.194516
v -0.431837 2.296237 1.371115
v -0.408546 2.288959 1.221977
v -1.377699 2.161523 1.085674
v -1.431664 2.143327 0.998629
v -1.455278 1.976241 0.927625
v -1.416555 1.976259 0.927686
v -1.442902 2.124526 0.954992
v -1.409892 2.126696 0.947579
v -1.350777 2.120623 1.052495
v -1.229565 2.146079 1.116744
v -1.397562 2.036534 0.983072
v -0.983577 2.185461 1.160368
v 0.000000 2.255652 1.221984
v -0.408546 2.240793 1.221977
v -0.734306 2.214994 1.194516
v -1.409892 1.982681 0.947579
v -1.455220 2.080825 0.927467
v 0.983577 2.233627 1.160368
v 1.416555 2.083772 0.927686
v 1.350777 2.168788 1.052495
v 1.229565 2.194244 1.116744
v 1.039378 2.236375 1.276809
v 1.526597 2.152246 0.961422
v 1.277105 2.188052 1.214440
v 1.420174 2.150060 1.138020
v 1.499601 2.151684 1.032866
v 1.397562 2.148058 0.983072
v 0.776014 2.264565 1.324626
v 0.734306 2.263160 1.194516
v 0.509717 2.293068 1.362430
v 0.408546 2.288959 1.221977
v 1.492740 2.150899 0.937547
v 1.377699 2.161523 1.085674
v 1.431664 2.143327 0.998629
v 1.455211 2.104909 0.926583
v 1.455278 1.976241 0.927625
v 1.416555 1.976259 0.927686
v 1.442902 2.124526 0.954992
v 1.409892 2.126696 0.947579
v 1.350777 2.120623 1.052495
v 1.229565 2.146079 1.116744
v 1.397562 2.036534 0.983072
v 0.983577 2.185461 1.160368
v 0.408546 2.240793 1.221977
v 0.734306 2.214994 1.194516
v 1.409892 1.982681 0.947579
v 1.455220 2.080825 0.927467
v -0.963672 1.726496 -1.278634
v -0.790391 1.726496 -1.278634
v -0.962227 1.872511 -1.331290
v -0.791836 1.872511 -1.331290
v -0.962227 1.880596 -1.475978
v -0.791836 1.880596 -1.475978
v -0.939087 1.762050 -1.552609
v -0.814976 1.762050 -1.552609
v -0.962227 1.786945 -1.534280
v -0.791836 1.786945 -1.534280
v -0.962227 1.893558 -1.401273
v -0.791836 1.893558 -1.401273
v -0.963672 1.726496 -1.311544
v -0.790391 1.726496 -1.311544
v -0.939087 1.746382 -1.507067
v -0.814976 1.746382 -1.507067
v -0.962227 1.816971 -1.358900
v -0.962227 1.830543 -1.403299
v -0.791836 1.816971 -1.358900
v -0.791836 1.830543 -1.403299
v -0.962227 1.822523 -1.453752
v -0.791836 1.822523 -1.453752
v -0.962227 1.761309 -1.496685
v -0.791836 1.761309 -1.496685
v -0.879177 1.860935 -1.336918
v -0.879177 1.881983 -1.401288
v -0.879177 1.869020 -1.470962
v -0.879177 1.786945 -1.525796
v -0.879231 1.746029 -1.556738
v -0.879231 1.730362 -1.511196
v -0.962227 1.781195 -1.333304
v -0.962227 1.804462 -1.299010
v -0.879177 1.797150 -1.305690
v -0.791836 1.804462 -1.299010
v -0.791836 1.781195 -1.333304
v -0.939671 1.545728 -1.241178
v -0.814393 1.545728 -1.241178
v -0.983829 1.601362 -1.251528
v -0.770235 1.601362 -1.251528
v -0.939671 1.545728 -1.281744
v -0.814393 1.545728 -1.281744
v -0.983829 1.601362 -1.292094
v -0.770235 1.601362 -1.292094
v -0.770235 1.709723 -1.312252
v -0.770235 1.709723 -1.271686
v -0.983829 1.709723 -1.271686
v -0.983829 1.709723 -1.312252
v -0.159172 1.031549 -0.556390
v -1.322806 1.031549 -0.556390
v -0.189701 2.190023 -0.836099
v -1.292140 2.190023 -0.836099
v -0.144072 1.966500 -0.752563
v -1.339059 1.966500 -0.752563
v -0.323984 2.314955 -0.887628
v -1.145546 2.314955 -0.887628
v -0.538886 2.352914 -0.913190
v -0.519778 1.029473 -0.616063
v -0.518412 1.950193 -0.799206
v -0.903972 2.352914 -0.913190
v -0.913088 1.029473 -0.616063
v -0.914311 1.950193 -0.799206
v -1.165180 2.185080 -0.832784
v -0.905611 2.230634 -0.873383
v -0.531894 2.230634 -0.873383
v -0.303591 2.185080 -0.832784
v -0.147766 1.527325 -0.610829
v -1.335388 1.527325 -0.610829
v -0.913315 1.503184 -0.688296
v -0.519481 1.503184 -0.688296
v -0.189584 1.018560 -0.543990
v -0.147260 1.013189 -0.675945
v -1.335891 1.013189 -0.675945
v -1.333939 1.069582 -0.542353
v -1.270125 1.970167 -0.738767
v -1.289029 1.018560 -0.543990
v -0.520025 1.068710 -0.608435
v -0.966189 2.231932 -1.034960
v -0.912898 1.068710 -0.608435
v -1.232423 2.265522 -0.865685
v -0.149219 1.069582 -0.542353
v -0.208390 1.970167 -0.738767
v -0.204760 1.908328 -0.921921
v -0.367644 2.183958 -1.005389
v -0.487406 2.231932 -1.034960
v -0.245559 2.265522 -0.865685
v -0.236424 2.029454 -0.954764
v -1.356706 1.916960 -0.901493
v -1.115390 2.183958 -1.005389
v -1.286795 1.908328 -0.921921
v -1.254915 2.029454 -0.954764
v -0.196337 1.462145 -0.818848
v -1.295307 1.462145 -0.818848
v -1.352394 1.467848 -0.798016
v -1.289760 1.533574 -0.591620
v -0.188844 1.533574 -0.591620
v -0.149219 1.325750 -0.568397
v -1.333939 1.325751 -0.568397
v -0.912898 1.301756 -0.646161
v -0.520025 1.301756 -0.646161
v -0.174355 2.130459 -0.953959
v -0.127963 1.916960 -0.901493
v -0.132275 1.467848 -0.798016
v -1.308766 2.130459 -0.953959
v -1.146303 2.266169 -1.012797
v -0.904439 2.311375 -1.040150
v -0.539029 2.311375 -1.040150
v -0.323411 2.266169 -1.012797
v -1.288422 1.072659 -0.524678
v -0.190196 1.072659 -0.524678
v -0.197687 1.029229 -0.744200
v -0.311460 2.127730 -0.983657
v -1.293972 1.029229 -0.744200
v -1.178486 2.127730 -0.983657
v -0.197687 1.258464 -0.783880
v -1.293972 1.258464 -0.783880
v -1.288422 1.332385 -0.548723
v -0.190196 1.332385 -0.548723
v -0.133765 1.263875 -0.760944
v -0.133765 1.033622 -0.721088
v -0.196540 0.999879 -0.649760
v -1.295092 0.999879 -0.649760
v -1.350904 1.033622 -0.721088
v -1.350904 1.263875 -0.760944
v -1.239216 2.207056 -0.984202
v -0.239260 2.207056 -0.984202
v -1.146705 2.306337 -0.941247
v -0.904596 2.351739 -0.968043
v -0.538820 2.351739 -0.968043
v -0.322992 2.306337 -0.941247
v -0.238759 2.246638 -0.914320
v -0.173789 2.167943 -0.883710
v -0.127351 1.945806 -0.817411
v -0.131666 1.498912 -0.698591
v -0.133158 1.295697 -0.658421
v -0.133158 1.055126 -0.623698
v -0.146666 1.015150 -0.620426
v -0.187191 1.001824 -0.619335
v -1.291395 1.001824 -0.619335
v -1.336483 1.015150 -0.620426
v -1.351511 1.055126 -0.623698
v -1.351511 1.295697 -0.658421
v -1.353004 1.498912 -0.698591
v -1.357319 1.945806 -0.817411
v -1.309330 2.167943 -0.883710
v -1.239710 2.246638 -0.914320
v -0.207317 1.896948 -0.946730
v -0.238831 2.017502 -0.979417
v -0.313513 2.115313 -1.008174
v -0.369433 2.171275 -1.029803
v -0.488627 2.219055 -1.059242
v -0.965148 2.219055 -1.059242
v -1.291382 0.973371 -0.759716
v -1.113643 2.171275 -1.029803
v -1.284239 1.896948 -0.946730
v -1.252509 2.017502 -0.979417
v -1.176441 2.115313 -1.008174
v -0.198934 1.452874 -0.844144
v -1.292711 1.452874 -0.844144
v -0.200277 1.250156 -0.809341
v -0.200277 0.973371 -0.759716
v -1.291382 1.250156 -0.809341
v -1.212236 0.879994 -0.740260
v -1.214296 0.888877 -0.654564
v -0.277336 0.888877 -0.654564
v -0.279419 0.879994 -0.740260
v -0.745815 0.850283 -0.745721
v -0.745815 0.858473 -0.662229
v -0.759804 1.896948 -0.946730
v -0.745829 1.249420 -0.811679
v -0.749948 1.452139 -0.846482
v -0.717588 1.275105 0.253088
v -0.715135 1.045335 -0.642069
v -0.715141 0.807344 -0.613523
v -0.717610 0.978372 0.273698
v -1.116205 1.071904 -0.630997
v -0.332802 1.071885 -0.631107
v -0.183154 0.977827 0.276777
v -0.183133 1.276397 0.256131
v -0.142586 0.878640 -0.545174
v -0.176038 0.863200 -0.562506
v -0.119949 1.031812 -0.571886
v -0.332919 0.832680 -0.602420
v -0.324392 0.976391 0.280109
v -0.141888 1.092928 -0.571243
v -0.175871 1.103620 -0.591331
v -0.324370 1.277829 0.259501
v -0.120648 0.942007 -0.560667
v -0.123275 1.249256 0.241593
v -0.123870 1.000216 0.260789
v -1.339938 0.878630 -0.545240
v -1.128083 1.277753 0.259321
v -1.116096 0.832699 -0.602310
v -1.128104 0.976450 0.279929
v -1.362504 1.031805 -0.571934
v -1.300336 1.103640 -0.591222
v -1.300171 0.863220 -0.562396
v -1.294067 0.977886 0.276597
v -1.340645 1.092946 -0.571150
v -1.294046 1.276321 0.255950
v -1.361796 0.941972 -0.560874
v -1.361394 1.249482 0.242085
v -1.360691 1.000686 0.259293
v -0.189768 1.266510 0.128887
v -0.132694 1.242539 0.119253
v -0.111336 1.174007 0.130960
v -0.112037 1.058369 0.130986
v -0.133396 0.980532 0.134633
v -0.189812 0.962457 0.148169
v -1.287351 0.962448 0.148033
v -1.351188 0.980452 0.133386
v -1.372424 1.057965 0.127949
v -1.373184 1.173835 0.129930
v -1.351948 1.242692 0.120014
v -1.287308 1.266486 0.128749
v -1.127479 1.263296 0.124691
v -0.717543 1.259477 0.117129
v -0.324850 1.263321 0.124828
v -0.714868 0.805088 -0.681071
v -0.717722 0.959741 0.221477
v -0.717276 1.052767 0.310579
v -0.714527 0.955888 -0.709364
v -1.127851 0.983296 -0.697532
v -0.717276 1.222093 0.307824
v -0.320136 0.983272 -0.697666
v -0.331870 1.043841 -0.695474
v -0.714848 1.016504 -0.706913
v -1.116731 1.043864 -0.695342
v -0.320604 0.894655 -0.686491
v -0.714547 0.867274 -0.698172
v -1.127413 0.894679 -0.686357
v -0.169415 0.865446 -0.626613
v -0.188096 0.960200 0.228102
v -0.115370 1.063742 0.291002
v -0.115043 1.206717 0.286282
v -0.148221 1.016371 -0.654211
v -0.332338 0.832422 -0.669649
v -0.325342 0.958918 0.228518
v -0.319056 1.051772 0.316659
v -0.319056 1.223223 0.314107
v -0.168747 1.076869 -0.652413
v -0.174776 1.222340 0.309196
v -0.148890 0.927749 -0.643061
v -0.174776 1.052268 0.311879
v -1.116293 0.832446 -0.669518
v -1.127280 0.958950 0.228354
v -1.133013 1.051798 0.316468
v -1.133013 1.223188 0.313910
v -1.327578 1.016395 -0.654077
v -1.306686 0.865470 -0.626482
v -1.289139 0.960232 0.227938
v -1.302351 1.052295 0.311688
v -1.302351 1.222304 0.308998
v -1.307343 1.076893 -0.652281
v -1.326920 0.927773 -0.642927
v -1.369588 1.206614 0.285660
v -1.369173 1.063908 0.289211
v 0.159172 1.031549 -0.556390
v 1.322806 1.031549 -0.556390
v 0.189701 2.190023 -0.836099
v 1.292140 2.190023 -0.836099
v 0.144072 1.966500 -0.752563
v 1.339059 1.966500 -0.752563
v 0.323984 2.314955 -0.887628
v 1.145546 2.314955 -0.887628
v 0.538886 2.352914 -0.913190
v 0.519778 1.029473 -0.616063
v 0.518412 1.950193 -0.799206
v 0.903972 2.352914 -0.913190
v 0.913088 1.029473 -0.616063
v 0.914311 1.950193 -0.799206
v 1.165180 2.185080 -0.832784
v 0.905611 2.230634 -0.873383
v 0.531894 2.230634 -0.873383
v 0.303591 2.185080 -0.832784
v 0.147766 1.527325 -0.610829
v 1.335388 1.527325 -0.610829
v 0.913315 1.503184 -0.688296
v 0.519481 1.503184 -0.688296
v 0.189584 1.018560 -0.543990
v 0.147260 1.013189 -0.675945
v 1.335891 1.013189 -0.675945
v 1.333939 1.069582 -0.542353
v 1.270125 1.970167 -0.738767
v 1.289029 1.018560 -0.543990
v 0.520025 1.068710 -0.608435
v 0.966189 2.231932 -1.034960
v 0.912898 1.068710 -0.608435
v 1.232423 2.265522 -0.865685
v 0.149219 1.069582 -0.542353
v 0.208390 1.970167 -0.738767
v 0.204760 1.908328 -0.921921
v 0.367644 2.183958 -1.005389
v 0.487406 2.231932 -1.034960
v 0.245559 2.265522 -0.865685
v 0.236424 2.029454 -0.954764
v 1.356706 1.916960 -0.901493
v 1.115390 2.183958 -1.005389
v 1.286795 1.908328 -0.921921
v 1.254915 2.029454 -0.954764
v 0.196337 1.462145 -0.818848
v 1.295307 1.462145 -0.818848
v 1.352394 1.467848 -0.798016
v 1.289760 1.533574 -0.591620
v 0.188844 1.533574 -0.591620
v 0.149219 1.325750 -0.568397
v 1.333939 1.325751 -0.568397
v 0.912898 1.301756 -0.646161
v 0.520025 1.301756 -0.646161
v 0.174355 2.130459 -0.953959
v 0.127963 1.916960 -0.901493
v 0.132275 1.467848 -0.798016
v 1.308766 2.130459 -0.953959
v 1.146303 2.266169 -1.012797
v 0.904439 2.311375 -1.040150
v 0.539029 2.311375 -1.040150
v 0.323411 2.266169 -1.012797
v 1.288422 1.072659 -0.524678
v 0.190196 1.072659 -0.524678
v 0.197687 1.029229 -0.744200
v 0.311460 2.127730 -0.983657
v 1.293972 1.029229 -0.744200
v 1.178486 2.127730 -0.983657
v 0.197687 1.258464 -0.783880
v 1.293972 1.258464 -0.783880
v 1.288422 1.332385 -0.548723
v 0.190196 1.332385 -0.548723
v 0.133765 1.263875 -0.760944
v 0.133765 1.033622 -0.721088
v 0.196540 0.999879 -0.649760
v 1.295092 0.999879 -0.649760
v 1.350904 1.033622 -0.721088
v 1.350904 1.263875 -0.760944
v 1.239216 2.207056 -0.984202
v 0.239260 2.207056 -0.984202
v 1.146705 2.306337 -0.941247
v 0.904596 2.351739 -0.968043
v 0.538820 2.351739 -0.968043
v 0.322992 2.306337 -0.941247
v 0.238759 2.246638 -0.914320
v 0.173789 2.167943 -0.883710
v 0.127351 1.945806 -0.817411
v 0.131666 1.498912 -0.698591
v 0.133158 1.295697 -0.658421
v 0.133158 1.055126 -0.623698
v 0.146666 1.015150 -0.620426
v 0.187191 1.001824 -0.619335
v 1.291395 1.001824 -0.619335
v 1.336483 1.015150 -0.620426
v 1.351511 1.055126 -0.623698
v 1.351511 1.295697 -0.658421
v 1.353004 1.498912 -0.698591
v 1.357319 1.945806 -0.817411
v 1.309330 2.167943 -0.883710
v 1.239710 2.246638 -0.914320
v 0.207317 1.896948 -0.946730
v 0.238831 2.017502 -0.979417
v 0.313513 2.115313 -1.008174
v 0.369433 2.171275 -1.029803
v 0.488627 2.219055 -1.059242
v 0.965148 2.219055 -1.059242
v 1.291382 0.973371 -0.759716
v 1.113643 2.171275 -1.029803
v 1.284239 1.896948 -0.946730
v 1.252509 2.017502 -0.979417
v 1.176441 2.115313 -1.008174
v 0.198934 1.452874 -0.844144
v 1.292711 1.452874 -0.844144
v 0.200277 1.250156 -0.809341
v 0.200277 0.973371 -0.759716
v 1.291382 1.250156 -0.809341
v 1.212236 0.879994 -0.740260
v 1.214296 0.888877 -0.654564
v 0.277336 0.888877 -0.654564
v 0.279419 0.879994 -0.740260
v 0.745815 0.850283 -0.745721
v 0.745815 0.858473 -0.662229
v 0.759804 1.896948 -0.946730
v 0.745829 1.249420 -0.811679
v 0.749948 1.452139 -0.846482
v 0.717588 1.275105 0.253088
v 0.715135 1.045335 -0.642069
v 0.715141 0.807344 -0.613523
v 0.717610 0.978372 0.273698
v 1.116205 1.071904 -0.630997
v 0.332802 1.071885 -0.631107
v 0.183154 0.977827 0.276777
v 0.183133 1.276397 0.256131
v 0.142586 0.878640 -0.545174
v 0.176038 0.863200 -0.562506
v 0.119949 1.031812 -0.571886
v 0.332919 0.832680 -0.602420
v 0.324392 0.976391 0.280109
v 0.141888 1.092928 -0.571243
v 0.175871 1.103620 -0.591331
v 0.324370 1.277829 0.259501
v 0.120648 0.942007 -0.560667
v 0.123275 1.249256 0.241593
v 0.123870 1.000216 0.260789
v 1.339938 0.878630 -0.545240
v 1.128083 1.277753 0.259321
v 1.116096 0.832699 -0.602310
v 1.128104 0.976450 0.279929
v 1.362504 1.031805 -0.571934
v 1.300336 1.103640 -0.591222
v 1.300171 0.863220 -0.562396
v 1.294067 0.977886 0.276597
v 1.340645 1.092946 -0.571150
v 1.294046 1.276321 0.255950
v 1.361796 0.941972 -0.560874
v 1.361394 1.249482 0.242085
v 1.360691 1.000686 0.259293
v 0.189768 1.266510 0.128887
v 0.132694 1.242539 0.119253
v 0.111336 1.174007 0.130960
v 0.112037 1.058369 0.130986
v 0.133396 0.980532 0.134633
v 0.189812 0.962457 0.148169
v 1.287351 0.962448 0.148033
v 1.351188 0.980452 0.133386
v 1.372424 1.057965 0.127949
v 1.373184 1.173835 0.129930
v 1.351948 1.242692 0.120014
v 1.287308 1.266486 0.128749
v 1.127479 1.263296 0.124691
v 0.717543 1.259477 0.117129
v 0.324850 1.263321 0.124828
v 0.714868 0.805088 -0.681071
v 0.717722 0.959741 0.221477
v 0.717276 1.052767 0.310579
v 0.714527 0.955888 -0.709364
v 1.127851 0.983296 -0.697532
v 0.717276 1.222093 0.307824
v 0.320136 0.983272 -0.697666
v 0.331870 1.043841 -0.695474
v 0.714848 1.016504 -0.706913
v 1.116731 1.043864 -0.695342
v 0.320604 0.894655 -0.686491
v 0.714547 0.867274 -0.698172
v 1.127413 0.894679 -0.686357
v 0.169415 0.865446 -0.626613
v 0.188096 0.960200 0.228102
v 0.115370 1.063742 0.291002
v 0.115043 1.206717 0.286282
v 0.148221 1.016371 -0.654211
v 0.332338 0.832422 -0.669649
v 0.325342 0.958918 0.228518
v 0.319056 1.051772 0.316659
v 0.319056 1.223223 0.314107
v 0.168747 1.076869 -0.652413
v 0.174776 1.222340 0.309196
v 0.148890 0.927749 -0.643061
v 0.174776 1.052268 0.311879
v 1.116293 0.832446 -0.669518
v 1.127280 0.958950 0.228354
v 1.133013 1.051798 0.316468
v 1.133013 1.223188 0.313910
v 1.327578 1.016395 -0.654077
v 1.306686 0.865470 -0.626482
v 1.289139 0.960232 0.227938
v 1.302351 1.052295 0.311688
v 1.302351 1.222304 0.308998
v 1.307343 1.076893 -0.652281
v 1.326920 0.927773 -0.642927
v 1.369588 1.206614 0.285660
v 1.369173 1.063908 0.289211
v 0.000000 2.050124 -2.301873
v 0.000000 2.052375 -2.468071
v 0.000000 2.008614 -2.237202
v 0.000000 1.819251 -2.236114
v 0.000000 0.917117 1.533186
v 0.000000 1.364771 1.630957
v 0.000000 0.581100 1.444301
v 0.000000 1.700457 1.595254
v 0.000000 1.274295 1.624359
v -1.443557 0.567941 -1.075268
v -1.450766 0.569326 0.923661
v -0.366111 2.042459 -2.300174
v -0.678409 2.024961 -2.278470
v -1.009511 1.990962 -2.207536
v -1.195195 1.989372 -2.114018
v -1.429965 2.032218 -1.825359
v -0.387003 2.039228 -2.456805
v -0.716957 2.009220 -2.432204
v -1.066779 1.950909 -2.358751
v -1.262961 1.948184 -2.265337
v -1.370758 1.991048 -2.162598
v -1.499693 2.021665 -1.881344
v -0.374873 2.001277 -2.235576
v -0.673767 1.984531 -2.214031
v -0.990659 1.951991 -2.143574
v -1.168374 1.950470 -2.050660
v -1.376191 1.991476 -1.787745
v -1.440941 2.020733 -1.221896
v -1.478137 2.063682 -1.221905
v -1.515350 2.063150 -1.220119
v -1.437627 1.252024 -1.250499
v -1.513234 2.046886 -1.521843
v -1.471769 2.048390 -1.561844
v -1.434941 2.006514 -1.533600
v -1.288371 1.970762 -1.925488
v -1.328530 2.010575 -1.976106
v -1.436319 2.005228 -2.022247
v -0.371453 1.811434 -2.234481
v -0.670663 1.813334 -2.213037
v -0.988041 1.809560 -2.142735
v -1.165748 1.807694 -2.049819
v -1.285829 1.808703 -1.925045
v -1.433347 1.787602 -1.524317
v -1.373551 1.799270 -1.787657
v -1.455342 1.129691 1.275728
v -1.089066 1.088904 1.395900
v -0.958761 1.274295 1.604553
v -1.453149 0.846336 1.143404
v -1.051005 0.840977 1.279477
v -0.861718 0.906355 1.497319
v -1.407562 0.832865 1.199389
v -1.407562 1.101158 1.339718
v -1.407562 1.367567 1.583962
v -1.407562 1.211949 1.456446
v -1.453149 1.242796 1.424284
v -1.186563 0.830159 1.235464
v -1.043505 1.167886 1.486071
v -0.968809 0.873659 1.389757
v -1.188483 1.098062 1.375792
v -1.453149 1.359489 1.519806
v -0.959069 1.364480 1.628247
v -1.176588 1.208917 1.492521
v -1.162141 1.364521 1.620078
v -1.453149 0.566708 1.090204
v -1.407563 0.563943 1.138516
v -1.176403 0.563347 1.174590
v -1.029761 0.565537 1.215102
v -0.934634 0.572240 1.314879
v -0.823156 0.578949 1.411937
v -1.456954 1.718249 1.375321
v -1.453149 1.713197 1.478690
v -1.407562 1.718505 1.541625
v -1.149749 1.717722 1.577647
v -0.943599 1.715139 1.586120
v -1.444159 0.568057 -0.908355
v 1.443557 0.567941 -1.075268
v 1.450766 0.569326 0.923661
v 0.366111 2.042459 -2.300174
v 0.678409 2.024961 -2.278470
v 1.009511 1.990962 -2.207536
v 1.195195 1.989372 -2.114018
v 1.429965 2.032218 -1.825359
v 0.387003 2.039228 -2.456805
v 0.716957 2.009220 -2.432204
v 1.066779 1.950909 -2.358751
v 1.262961 1.948184 -2.265337
v 1.370758 1.991048 -2.162598
v 1.499693 2.021665 -1.881344
v 0.374873 2.001277 -2.235576
v 0.673767 1.984531 -2.214031
v 0.990659 1.951991 -2.143574
v 1.168374 1.950470 -2.050660
v 1.376191 1.991476 -1.787745
v 1.440941 2.020733 -1.221896
v 1.478137 2.063682 -1.221905
v 1.515350 2.063150 -1.220119
v 1.437627 1.252024 -1.250499
v 1.513234 2.046886 -1.521843
v 1.471769 2.048390 -1.561844
v 1.434941 2.006514 -1.533600
v 1.288371 1.970762 -1.925488
v 1.328530 2.010575 -1.976106
v 1.436319 2.005228 -2.022247
v 0.371453 1.811434 -2.234481
v 0.670663 1.813334 -2.213037
v 0.988041 1.809560 -2.142735
v 1.165748 1.807694 -2.049819
v 1.285829 1.808703 -1.925045
v 1.433347 1.787602 -1.524317
v 1.373551 1.799270 -1.787657
v 1.455342 1.129691 1.275728
v 1.089066 1.088904 1.395900
v 0.958761 1.274295 1.604553
v 1.453149 0.846336 1.143404
v 1.051005 0.840977 1.279477
v 0.861718 0.906355 1.497319
v 1.407562 0.832865 1.199389
v 1.407562 1.101158 1.339718
v 1.407562 1.367567 1.583962
v 1.407562 1.211949 1.456446
v 1.453149 1.242796 1.424284
v 1.186563 0.830159 1.235464
v 1.043505 1.167886 1.486071
v 0.968809 0.873659 1.389757
v 1.188483 1.098062 1.375792
v 1.453149 1.359489 1.519806
v 0.959069 1.364480 1.628247
v 1.176588 1.208917 1.492521
v 1.162141 1.364521 1.620078
v 1.453149 0.566708 1.090204
v 1.407563 0.563943 1.138516
v 1.176403 0.563347 1.174590
v 1.029761 0.565537 1.215102
v 0.934634 0.572240 1.314879
v 0.823156 0.578949 1.411937
v 1.456954 1.718249 1.375321
v 1.453149 1.713197 1.478690
v 1.407562 1.718505 1.541625
v 1.149749 1.717722 1.577647
v 0.943599 1.715139 1.586120
v 1.444159 0.568057 -0.908355
v 1.517594 2.080309 -0.921076
v 1.479824 2.081917 -0.927807
v 1.442657 2.039084 -0.926600
v 1.451149 0.702155 0.923913
v 1.444641 0.695253 -0.801375
v 1.443817 0.949814 -0.925559
v 1.444133 0.786411 -0.893518
v 1.520618 2.103466 -0.517512
v 1.482178 2.107365 -0.517355
v 1.445038 2.064516 -0.517357
v 1.524871 2.137314 0.359955
v 1.488527 2.138440 0.357357
v 1.451236 2.094035 0.362655
vn -0.0000 0.4820 -0.8762
vn -0.0000 0.5004 -0.8658
vn 0.0752 0.4993 -0.8632
vn 0.0761 0.4808 -0.8735
vn -0.0000 0.5979 -0.8016
vn 0.0710 0.5958 -0.8000
vn 0.1365 0.4946 -0.8583
vn 0.1125 0.5936 -0.7969
vn 0.1976 0.5850 -0.7866
vn 0.2092 0.5831 -0.7850
vn 0.2160 0.4916 -0.8436
vn 0.3513 0.5585 -0.7514
vn 0.3624 0.5088 -0.7809
vn 0.2164 0.4747 -0.8532
vn 0.2986 0.4664 -0.8327
vn 0.3717 0.4616 -0.8055
vn 0.1271 0.4795 -0.8683
vn 0.2159 0.4726 -0.8544
vn 0.2320 0.4711 -0.8510
vn 0.2643 0.4708 -0.8417
vn 0.1164 0.4722 0.8738
vn 0.1137 0.4826 0.8684
vn -0.0000 0.4859 0.8740
vn -0.0000 0.4740 0.8805
vn 0.2073 0.4712 0.8573
vn 0.1964 0.4795 0.8553
vn 0.1120 0.6191 0.7773
vn -0.0000 0.6335 0.7738
vn 0.1922 0.5931 0.7819
vn 0.2834 0.4751 0.8331
vn 0.2850 0.5700 0.7707
vn 0.2895 0.4686 0.8346
vn 0.3717 0.5556 0.7438
vn 0.3667 0.4733 0.8009
vn 0.4915 0.5345 0.6876
vn 0.4949 0.4620 0.7359
vn 0.3662 0.4656 0.8057
vn 0.4495 0.4586 0.7666
vn 0.4506 0.4586 0.7659
vn -0.0761 0.4808 -0.8735
vn -0.0756 0.4993 -0.8631
vn -0.0710 0.5958 -0.8000
vn -0.1365 0.4946 -0.8583
vn -0.1125 0.5936 -0.7969
vn -0.1976 0.5850 -0.7866
vn -0.2160 0.4916 -0.8436
vn -0.2092 0.5831 -0.7850
vn -0.3513 0.5585 -0.7514
vn -0.3624 0.5087 -0.7809
vn -0.2164 0.4747 -0.8532
vn -0.2986 0.4664 -0.8326
vn -0.3717 0.4616 -0.8055
vn -0.1271 0.4795 -0.8683
vn -0.2159 0.4726 -0.8544
vn -0.2320 0.4711 -0.8510
vn -0.2643 0.4708 -0.8417
vn -0.1164 0.4722 0.8738
vn -0.1137 0.4826 0.8684
vn -0.2073 0.4712 0.8573
vn -0.1964 0.4795 0.8553
vn -0.1119 0.6191 0.7773
vn -0.1922 0.5931 0.7819
vn -0.2850 0.5700 0.7707
vn -0.2834 0.4751 0.8331
vn -0.2895 0.4686 0.8346
vn -0.3717 0.5556 0.7438
vn -0.3667 0.4733 0.8009
vn -0.4915 0.5345 0.6876
vn -0.4949 0.4620 0.7359
vn -0.3662 0.4656 0.8057
vn -0.4495 0.4586 0.7666
vn -0.4506 0.4586 0.7659
vn 0.9917 0.1278 -0.0152
vn 0.9880 0.1533 -0.0180
vn 0.9888 0.1482 -0.0155
vn 0.9919 0.1263 -0.0091
vn 0.9868 0.1612 -0.0167
vn 0.9869 0.1604 -0.0172
vn 0.9869 0.1602 -0.0165
vn 0.9868 0.1608 -0.0167
vn 0.9877 0.1554 -0.0160
vn 0.9873 0.1586 -0.0031
vn 0.9868 0.1611 -0.0167
vn 0.9856 0.1679 -0.0180
vn 0.9869 0.1607 -0.0167
vn 0.9867 0.1614 -0.0168
vn 0.9866 0.1620 -0.0169
vn 0.9873 0.1580 -0.0160
vn 0.9886 0.1501 -0.0144
vn -0.9917 0.1278 -0.0152
vn -0.9888 0.1482 -0.0155
vn -0.9880 0.1533 -0.0180
vn -0.9919 0.1263 -0.0091
vn -0.9868 0.1612 -0.0167
vn -0.9868 0.1608 -0.0167
vn -0.9869 0.1602 -0.0165
vn -0.9869 0.1604 -0.0172
vn -0.9877 0.1553 -0.0161
vn -0.9873 0.1586 -0.0031
vn -0.9877 0.1554 -0.0161
vn -0.9868 0.1611 -0.0167
vn -0.9856 0.1679 -0.0180
vn -0.9869 0.1607 -0.0167
vn -0.9867 0.1614 -0.0168
vn -0.9866 0.1620 -0.0169
vn -0.9886 0.1501 -0.0144
vn -0.9872 0.1584 -0.0161
vn -0.9874 0.1573 -0.0159
vn -0.9881 0.1532 -0.0147
vn -0.9881 0.1533 -0.0155
vn -0.9873 0.1579 -0.0162
vn -0.9880 0.1537 -0.0148
vn -0.9875 0.1569 -0.0159
vn -0.9880 0.1539 -0.0154
vn 0.9875 0.1570 -0.0157
vn 0.9873 0.1579 -0.0162
vn 0.9881 0.1533 -0.0155
vn 0.9881 0.1532 -0.0146
vn 0.9880 0.1537 -0.0148
vn 0.9880 0.1539 -0.0154
vn 0.9875 0.1569 -0.0159
vn 0.9867 0.1618 -0.0168
vn 0.9867 0.1616 -0.0170
vn 0.9867 0.1619 -0.0167
vn 0.9867 0.1620 -0.0166
vn 0.9867 0.1617 -0.0167
vn 0.9866 0.1625 -0.0173
vn 0.9866 0.1621 -0.0167
vn 0.9866 0.1622 -0.0168
vn -0.9867 0.1614 -0.0167
vn -0.9867 0.1616 -0.0170
vn -0.9867 0.1619 -0.0167
vn -0.9867 0.1620 -0.0166
vn -0.9866 0.1625 -0.0174
vn -0.9866 0.1621 -0.0167
vn -0.9866 0.1622 -0.0168
vn 0.2929 -0.8321 -0.4709
vn 0.4055 -0.8954 -0.1840
vn -0.0432 -0.9990 -0.0146
vn -0.1661 -0.9252 -0.3413
vn 0.5148 -0.8506 0.1071
vn 0.0853 -0.9459 0.3131
vn 0.6411 -0.6574 0.3960
vn 0.2221 -0.7293 0.6471
vn 0.7231 -0.3759 0.5795
vn 0.3147 -0.4092 0.8564
vn 0.7615 -0.0423 0.6468
vn 0.3585 -0.0292 0.9331
vn 0.7520 0.2952 0.5894
vn 0.3476 0.3553 0.8677
vn 0.6961 0.5852 0.4160
vn 0.2839 0.6857 0.6702
vn 0.6022 0.7835 0.1531
vn 0.1769 0.9118 0.3707
vn 0.4847 0.8601 -0.1593
vn 0.0430 0.9990 0.0147
vn 0.3614 0.8031 -0.4737
vn -0.0974 0.9341 -0.3435
vn 0.2511 0.6214 -0.7422
vn -0.2230 0.7270 -0.6494
vn 0.1707 0.3425 -0.9239
vn -0.3147 0.4092 -0.8565
vn 0.1323 0.0089 -0.9912
vn -0.3585 0.0292 -0.9331
vn 0.1417 -0.3286 -0.9338
vn -0.3476 -0.3553 -0.8677
vn 0.1977 -0.6213 -0.7583
vn -0.2832 -0.6881 -0.6681
vn -0.9326 0.0349 0.3593
vn -0.9017 0.2481 0.3541
vn -0.9308 0.2297 0.2842
vn -0.9585 0.1870 0.2154
vn -0.9775 0.1188 0.1745
vn -0.9870 0.0402 0.1555
vn -0.9843 -0.0393 0.1721
vn -0.9714 -0.1098 0.2107
vn -0.9490 -0.1544 0.2749
vn -0.9208 -0.1755 0.3482
vn -0.8923 -0.1590 0.4226
vn -0.8650 -0.1185 0.4876
vn -0.8473 -0.0505 0.5287
vn -0.8366 0.0280 0.5472
vn -0.8405 0.1076 0.5310
vn -0.8523 0.1784 0.4917
vn -0.8770 0.2252 0.4245
vn 0.9223 -0.1431 -0.3590
vn 0.9080 -0.1451 -0.3931
vn 0.9345 -0.1476 -0.3238
vn 0.9515 -0.1172 -0.2843
vn 0.9620 -0.0806 -0.2609
vn 0.9669 -0.0380 -0.2523
vn 0.9657 0.0052 -0.2597
vn 0.9585 0.0423 -0.2818
vn 0.9465 0.0677 -0.3155
vn 0.9315 0.0775 -0.3554
vn 0.9157 0.0702 -0.3956
vn 0.9016 0.0469 -0.4300
vn 0.8913 0.0113 -0.4532
vn 0.8864 -0.0314 -0.4618
vn 0.8876 -0.0746 -0.4545
vn 0.8947 -0.1126 -0.4322
vn -0.5989 -0.7910 -0.1250
vn -0.4961 -0.8527 0.1639
vn -0.9334 0.0032 0.3587
vn -0.9382 -0.0075 0.3460
vn -0.3781 -0.8093 0.4496
vn -0.9287 -0.0085 0.3707
vn -0.2669 -0.6171 0.7402
vn -0.9224 0.0039 0.3861
vn -0.1872 -0.3385 0.9221
vn -0.9186 0.0178 0.3947
vn -0.1492 -0.0082 0.9888
vn -0.9168 0.0337 0.3979
vn -0.1586 0.3262 0.9319
vn -0.9173 0.0497 0.3952
vn -0.2140 0.6134 0.7602
vn -0.9199 0.0635 0.3870
vn -0.3069 0.8099 0.4999
vn -0.9244 0.0729 0.3745
vn -0.4234 0.8857 0.1903
vn -0.9300 0.0765 0.3596
vn -0.5455 0.8293 -0.1211
vn -0.9358 0.0738 0.3447
vn -0.6547 0.6493 -0.3871
vn -0.9410 0.0652 0.3319
vn -0.7344 0.3730 -0.5670
vn -0.9449 0.0519 0.3233
vn -0.7724 0.0426 -0.6337
vn -0.9467 0.0361 0.3201
vn -0.7630 -0.2917 -0.5768
vn -0.9462 0.0201 0.3228
vn -0.7064 -0.5812 -0.4039
vn -0.9436 0.0057 0.3311
vn 0.9162 0.2027 -0.3457
vn 0.9459 0.1836 -0.2676
vn 0.8856 0.1887 -0.4244
vn 0.8556 0.1350 -0.4997
vn 0.8343 0.0611 -0.5479
vn 0.8241 -0.0271 -0.5658
vn 0.8266 -0.1164 -0.5506
vn 0.8414 -0.1928 -0.5049
vn 0.8661 -0.2452 -0.4356
vn 0.8972 -0.2655 -0.3530
vn 0.9297 -0.2505 -0.2701
vn 0.9588 -0.2025 -0.1991
vn 0.9801 -0.1289 -0.1511
vn 0.9902 -0.0408 -0.1333
vn 0.9877 0.0483 -0.1485
vn 0.9728 0.1254 -0.1946
vn 0.9394 -0.0005 -0.3428
vn 0.9336 0.0100 -0.3582
vn 0.9274 0.0004 -0.3740
vn 0.9230 -0.0060 -0.3848
vn 0.9194 -0.0186 -0.3930
vn 0.9176 -0.0336 -0.3960
vn 0.9180 -0.0488 -0.3935
vn 0.9206 -0.0620 -0.3856
vn 0.9248 -0.0710 -0.3738
vn 0.9301 -0.0745 -0.3597
vn 0.9357 -0.0719 -0.3455
vn 0.9407 -0.0637 -0.3333
vn 0.9443 -0.0511 -0.3251
vn 0.9460 -0.0361 -0.3221
vn 0.9456 -0.0208 -0.3246
vn 0.9431 -0.0078 -0.3324
vn 0.9489 0.1408 -0.2824
vn 0.9234 0.1578 -0.3498
vn 0.8969 0.1451 -0.4178
vn 0.8725 0.1050 -0.4771
vn 0.8550 0.0442 -0.5168
vn 0.8466 -0.0287 -0.5315
vn 0.8487 -0.1023 -0.5189
vn 0.8609 -0.1657 -0.4811
vn 0.8814 -0.2090 -0.4237
vn 0.9070 -0.2257 -0.3555
vn 0.9339 -0.2132 -0.2868
vn 0.9580 -0.1736 -0.2282
vn 0.9756 -0.1127 -0.1886
vn 0.9840 -0.0398 -0.1739
vn 0.9819 0.0338 -0.1864
vn 0.9697 0.0971 -0.2243
vn 0.8055 -0.3622 -0.4690
vn 0.8539 -0.3937 -0.3403
vn 0.9047 -0.3702 -0.2108
vn 0.9501 -0.2954 -0.1002
vn 0.9832 -0.1805 -0.0254
vn 0.9991 -0.0431 0.0023
vn 0.9952 0.0959 -0.0213
vn 0.9721 0.2154 -0.0927
vn 0.9334 0.2971 -0.2010
vn 0.8850 0.3286 -0.3297
vn 0.8343 0.3052 -0.4592
vn 0.7888 0.2303 -0.5698
vn 0.7557 0.1154 -0.6447
vn 0.7399 -0.0220 -0.6724
vn 0.7438 -0.1610 -0.6487
vn 0.7668 -0.2805 -0.5773
vn 0.9326 -0.0349 -0.3593
vn -0.5330 -0.8323 -0.1521
vn -0.1059 -0.9252 -0.3645
vn 0.0222 -0.9990 -0.0398
vn -0.4240 -0.8954 0.1358
vn 0.1468 -0.9459 0.2894
vn -0.3098 -0.8505 0.4250
vn 0.2696 -0.7293 0.6288
vn -0.2096 -0.6571 0.7241
vn 0.3414 -0.4092 0.8462
vn -0.1473 -0.3759 0.9149
vn 0.3604 -0.0292 0.9324
vn -0.1306 -0.0423 0.9905
vn 0.3244 0.3553 0.8766
vn -0.1621 0.2951 0.9416
vn 0.2392 0.6857 0.6874
vn -0.2369 0.5852 0.7755
vn 0.1175 0.9118 0.3935
vn -0.3437 0.7835 0.5176
vn -0.0220 0.9990 0.0398
vn -0.4662 0.8601 0.2071
vn -0.1583 0.9341 -0.3200
vn -0.5858 0.8031 -0.1087
vn -0.2704 0.7270 -0.6312
vn -0.6842 0.6214 -0.3818
vn -0.3413 0.4092 -0.8462
vn -0.7465 0.3425 -0.5705
vn -0.3603 0.0292 -0.9324
vn -0.7632 0.0089 -0.6462
vn -0.3245 -0.3553 -0.8766
vn -0.7317 -0.3286 -0.5972
vn -0.2383 -0.6881 -0.6854
vn -0.6555 -0.6209 -0.4298
vn 0.9326 0.0349 -0.3593
vn 0.8552 0.1870 -0.4834
vn 0.8809 0.2297 -0.4139
vn 0.9062 0.2481 -0.3425
vn 0.8362 0.0402 -0.5470
vn 0.8418 0.1188 -0.5266
vn 0.8616 -0.1098 -0.4956
vn 0.8453 -0.0393 -0.5328
vn 0.9164 -0.1755 -0.3597
vn 0.8881 -0.1544 -0.4329
vn 0.9685 -0.1185 -0.2189
vn 0.9451 -0.1590 -0.2854
vn 0.9874 0.0280 -0.1556
vn 0.9830 -0.0505 -0.1766
vn 0.9619 0.1784 -0.2074
vn 0.9795 0.1076 -0.1703
vn 0.9351 0.2252 -0.2737
vn -0.9246 -0.1431 0.3530
vn -0.9370 -0.1451 0.3178
vn -0.9102 -0.1476 0.3870
vn -0.8963 -0.1174 0.4276
vn -0.8883 -0.0806 0.4520
vn -0.8862 -0.0379 0.4617
vn -0.8902 0.0052 0.4555
vn -0.8998 0.0423 0.4342
vn -0.9135 0.0677 0.4012
vn -0.9291 0.0775 0.3615
vn -0.9444 0.0702 0.3211
vn -0.9570 0.0469 0.2862
vn -0.9650 0.0113 0.2621
vn -0.9671 -0.0314 0.2524
vn -0.9631 -0.0746 0.2587
vn -0.9533 -0.1127 0.2801
vn 0.3602 -0.7910 -0.4945
vn 0.9278 -0.0075 -0.3730
vn 0.9328 0.0032 -0.3604
vn 0.4778 -0.8527 -0.2114
vn 0.9373 -0.0085 -0.3483
vn 0.5820 -0.8093 0.0796
vn 0.9430 0.0040 -0.3327
vn 0.6946 -0.6171 0.3697
vn 0.9460 0.0178 -0.3237
vn 0.7576 -0.3385 0.5581
vn 0.9468 0.0337 -0.3202
vn 0.7741 -0.0081 0.6330
vn 0.9453 0.0497 -0.3225
vn 0.7429 0.3262 0.5846
vn 0.9417 0.0635 -0.3304
vn 0.6688 0.6134 0.4201
vn 0.9366 0.0729 -0.3426
vn 0.5630 0.8099 0.1646
vn 0.9308 0.0765 -0.3574
vn 0.4416 0.8857 -0.1430
vn 0.9251 0.0738 -0.3724
vn 0.3232 0.8293 -0.4558
vn 0.9205 0.0652 -0.3853
vn 0.2257 0.6493 -0.7263
vn 0.9175 0.0519 -0.3943
vn 0.1640 0.3730 -0.9132
vn 0.9167 0.0361 -0.3979
vn 0.1475 0.0426 -0.9881
vn 0.9182 0.0201 -0.3956
vn 0.1787 -0.2917 -0.9397
vn 0.9218 0.0057 -0.3877
vn 0.2528 -0.5812 -0.7735
vn -0.9113 0.2027 0.3585
vn -0.8809 0.1835 0.4363
vn -0.9414 0.1887 0.2797
vn -0.9697 0.1350 0.2037
vn -0.9863 0.0609 0.1534
vn -0.9907 -0.0272 0.1335
vn -0.9824 -0.1163 0.1464
vn -0.9626 -0.1929 0.1903
vn -0.9344 -0.2453 0.2584
vn -0.9021 -0.2655 0.3403
vn -0.8705 -0.2504 0.4237
vn -0.8445 -0.2024 0.4958
vn -0.8281 -0.1288 0.5457
vn -0.8237 -0.0407 0.5656
vn -0.8320 0.0484 0.5527
vn -0.8519 0.1254 0.5085
vn -0.9326 0.0100 0.3608
vn -0.9266 -0.0005 0.3761
vn -0.9387 0.0003 0.3448
vn -0.9426 -0.0061 0.3340
vn -0.9454 -0.0186 0.3255
vn -0.9461 -0.0337 0.3221
vn -0.9447 -0.0490 0.3243
vn -0.9413 -0.0621 0.3318
vn -0.9365 -0.0710 0.3434
vn -0.9310 -0.0745 0.3575
vn -0.9256 -0.0719 0.3717
vn -0.9211 -0.0637 0.3841
vn -0.9183 -0.0511 0.3926
vn -0.9175 -0.0360 0.3960
vn -0.9190 -0.0208 0.3938
vn -0.9223 -0.0077 0.3864
vn -0.9194 0.1578 0.3603
vn -0.8930 0.1408 0.4274
vn -0.9453 0.1451 0.2921
vn -0.9671 0.1051 0.2317
vn -0.9807 0.0442 0.1905
vn -0.9843 -0.0287 0.1740
vn -0.9775 -0.1023 0.1847
vn -0.9611 -0.1657 0.2210
vn -0.9378 -0.2090 0.2773
vn -0.9111 -0.2257 0.3450
vn -0.8849 -0.2133 0.4140
vn -0.8635 -0.1736 0.4736
vn -0.8499 -0.1127 0.5148
vn -0.8462 -0.0398 0.5313
vn -0.8531 0.0338 0.5206
vn -0.8694 0.0971 0.4844
vn -0.8615 -0.3937 0.3206
vn -0.9120 -0.3622 0.1927
vn -0.8123 -0.3702 0.4507
vn -0.7717 -0.2954 0.5632
vn -0.7461 -0.1805 0.6409
vn -0.7392 -0.0431 0.6721
vn -0.7522 0.0959 0.6519
vn -0.7830 0.2154 0.5835
vn -0.8270 0.2971 0.4773
vn -0.8775 0.3286 0.3494
vn -0.9267 0.3052 0.2193
vn -0.9672 0.2303 0.1068
vn -0.9929 0.1154 0.0291
vn -0.9998 -0.0220 -0.0021
vn -0.9868 -0.1610 0.0181
vn -0.9560 -0.2805 0.0865
vn -0.9326 -0.0349 0.3593
vn -0.4427 -0.8323 -0.3336
vn 0.0322 -0.9252 -0.3782
vn 0.0351 -0.9990 -0.0292
vn -0.4445 -0.8954 -0.0257
vn 0.0329 -0.9459 0.3228
vn -0.4419 -0.8505 0.2852
vn 0.0254 -0.7293 0.6837
vn -0.4558 -0.6571 0.6003
vn 0.0143 -0.4092 0.9123
vn -0.4664 -0.3759 0.8007
vn 0.0010 -0.0292 0.9996
vn -0.4780 -0.0423 0.8773
vn -0.0124 0.3553 0.9347
vn -0.4898 0.2951 0.8204
vn -0.0240 0.6857 0.7274
vn -0.4999 0.5852 0.6385
vn -0.0318 0.9118 0.4095
vn -0.5068 0.7835 0.3594
vn -0.0349 0.9990 0.0292
vn -0.5095 0.8601 0.0256
vn -0.0326 0.9341 -0.3556
vn -0.5075 0.8031 -0.3121
vn -0.0254 0.7270 -0.6862
vn -0.5012 0.6214 -0.6022
vn -0.0143 0.4092 -0.9123
vn -0.4914 0.3425 -0.8007
vn -0.0010 0.0292 -0.9996
vn -0.4798 0.0089 -0.8773
vn 0.0124 -0.3553 -0.9347
vn -0.4680 -0.3286 -0.8204
vn 0.0240 -0.6881 -0.7252
vn -0.4571 -0.6209 -0.6368
vn 0.9994 0.0349 -0.0000
vn 0.9718 0.1870 -0.1436
vn 0.9708 0.2297 -0.0695
vn 0.9687 0.2481 0.0063
vn 0.9769 0.0402 -0.2098
vn 0.9748 0.1188 -0.1887
vn 0.9822 -0.1098 -0.1527
vn 0.9804 -0.0393 -0.1933
vn 0.9845 -0.1755 -0.0061
vn 0.9844 -0.1544 -0.0847
vn 0.9825 -0.1185 0.1440
vn 0.9845 -0.1590 0.0735
vn 0.9773 0.0280 0.2098
vn 0.9807 -0.0505 0.1887
vn 0.9721 0.1784 0.1523
vn 0.9752 0.1076 0.1933
vn 0.9710 0.2252 0.0808
vn -0.9897 -0.1431 -0.0031
vn -0.9886 -0.1451 -0.0404
vn -0.9885 -0.1476 0.0338
vn -0.9901 -0.1174 0.0767
vn -0.9915 -0.0806 0.1024
vn -0.9930 -0.0379 0.1122
vn -0.9945 0.0052 0.1049
vn -0.9958 0.0423 0.0816
vn -0.9966 0.0677 0.0460
vn -0.9970 0.0775 0.0033
vn -0.9967 0.0702 -0.0399
vn -0.9959 0.0469 -0.0770
vn -0.9947 0.0113 -0.1024
vn -0.9932 -0.0314 -0.1122
vn -0.9917 -0.0746 -0.1049
vn -0.9903 -0.1127 -0.0814
vn 0.5140 -0.7910 -0.3319
vn 0.9999 -0.0075 -0.0145
vn 1.0000 0.0032 -0.0009
vn 0.5218 -0.8527 -0.0255
vn 0.9999 -0.0085 0.0120
vn 0.5145 -0.8093 0.2836
vn 0.9996 0.0040 0.0286
vn 0.5152 -0.6171 0.5948
vn 0.9991 0.0178 0.0380
vn 0.5062 -0.3385 0.7932
vn 0.9986 0.0337 0.0417
vn 0.4947 -0.0081 0.8690
vn 0.9980 0.0497 0.0390
vn 0.4830 0.3262 0.8126
vn 0.9975 0.0635 0.0303
vn 0.4730 0.6134 0.6324
vn 0.9972 0.0729 0.0171
vn 0.4661 0.8099 0.3560
vn 0.9971 0.0765 0.0012
vn 0.4635 0.8857 0.0254
vn 0.9972 0.0738 -0.0148
vn 0.4654 0.8293 -0.3091
vn 0.9975 0.0652 -0.0286
vn 0.4717 0.6493 -0.5966
vn 0.9979 0.0519 -0.0380
vn 0.4814 0.3730 -0.7932
vn 0.9985 0.0361 -0.0417
vn 0.4929 0.0426 -0.8690
vn 0.9990 0.0201 -0.0390
vn 0.5046 -0.2917 -0.8126
vn 0.9995 0.0057 -0.0304
vn 0.5140 -0.5812 -0.6309
vn -0.9792 0.2027 0.0069
vn -0.9788 0.1835 0.0904
vn -0.9790 0.1887 -0.0775
vn -0.9781 0.1350 -0.1586
vn -0.9755 0.0609 -0.2114
vn -0.9724 -0.0272 -0.2316
vn -0.9693 -0.1163 -0.2166
vn -0.9666 -0.1929 -0.1686
vn -0.9648 -0.2453 -0.0949
vn -0.9641 -0.2655 -0.0067
vn -0.9646 -0.2504 0.0824
vn -0.9663 -0.2024 0.1590
vn -0.9689 -0.1288 0.2114
vn -0.9720 -0.0407 0.2316
vn -0.9751 0.0484 0.2166
vn -0.9777 0.1254 0.1682
vn -0.9999 0.0100 0.0014
vn -0.9998 -0.0004 0.0177
vn -0.9999 0.0003 -0.0158
vn -0.9996 -0.0061 -0.0273
vn -0.9992 -0.0186 -0.0362
vn -0.9986 -0.0337 -0.0396
vn -0.9981 -0.0490 -0.0371
vn -0.9977 -0.0621 -0.0288
vn -0.9973 -0.0710 -0.0162
vn -0.9972 -0.0745 -0.0012
vn -0.9973 -0.0719 0.0141
vn -0.9976 -0.0637 0.0272
vn -0.9980 -0.0511 0.0362
vn -0.9986 -0.0360 0.0396
vn -0.9991 -0.0208 0.0371
vn -0.9996 -0.0077 0.0289
vn -0.9875 0.1578 0.0056
vn -0.9870 0.1408 0.0777
vn -0.9871 0.1451 -0.0673
vn -0.9857 0.1051 -0.1315
vn -0.9836 0.0442 -0.1748
vn -0.9811 -0.0287 -0.1915
vn -0.9785 -0.1024 -0.1791
vn -0.9763 -0.1657 -0.1394
vn -0.9748 -0.2090 -0.0785
vn -0.9742 -0.2257 -0.0056
vn -0.9746 -0.2132 0.0681
vn -0.9760 -0.1736 0.1315
vn -0.9781 -0.1127 0.1748
vn -0.9807 -0.0398 0.1915
vn -0.9832 0.0338 0.1791
vn -0.9855 0.0971 0.1394
vn -0.9192 -0.3937 -0.0106
vn -0.9203 -0.3622 -0.1480
vn -0.9200 -0.3702 0.1285
vn -0.9226 -0.2954 0.2481
vn -0.9266 -0.1805 0.3298
vn -0.9314 -0.0431 0.3614
vn -0.9363 0.0959 0.3379
vn -0.9404 0.2154 0.2630
vn -0.9433 0.2971 0.1480
vn -0.9444 0.3286 0.0106
vn -0.9436 0.3052 -0.1285
vn -0.9410 0.2303 -0.2481
vn -0.9370 0.1154 -0.3298
vn -0.9322 -0.0220 -0.3614
vn -0.9273 -0.1610 -0.3379
vn -0.9231 -0.2805 -0.2630
vn -0.9994 -0.0349 -0.0000
vn 0.4427 -0.8321 -0.3341
vn 0.4444 -0.8954 -0.0259
vn -0.0351 -0.9990 -0.0292
vn -0.0322 -0.9252 -0.3782
vn 0.4419 -0.8506 0.2851
vn -0.0330 -0.9459 0.3228
vn 0.4558 -0.6574 0.6000
vn -0.0254 -0.7293 0.6837
vn 0.4664 -0.3759 0.8008
vn -0.0143 -0.4092 0.9123
vn 0.4780 -0.0423 0.8773
vn -0.0011 -0.0292 0.9996
vn 0.4898 0.2952 0.8204
vn 0.0124 0.3553 0.9347
vn 0.4999 0.5852 0.6385
vn 0.0239 0.6857 0.7274
vn 0.5068 0.7835 0.3594
vn 0.0318 0.9118 0.4095
vn 0.5095 0.8601 0.0256
vn 0.0349 0.9990 0.0292
vn 0.5075 0.8031 -0.3121
vn 0.0327 0.9341 -0.3556
vn 0.5012 0.6214 -0.6023
vn 0.0253 0.7270 -0.6862
vn 0.4914 0.3425 -0.8008
vn 0.0143 0.4092 -0.9123
vn 0.4798 0.0089 -0.8773
vn 0.0011 0.0292 -0.9996
vn 0.4680 -0.3286 -0.8204
vn -0.0124 -0.3553 -0.9347
vn 0.4571 -0.6213 -0.6365
vn -0.0240 -0.6881 -0.7252
vn -0.9994 0.0349 -0.0000
vn -0.9687 0.2481 0.0062
vn -0.9708 0.2297 -0.0695
vn -0.9718 0.1870 -0.1436
vn -0.9748 0.1188 -0.1887
vn -0.9769 0.0402 -0.2098
vn -0.9804 -0.0393 -0.1933
vn -0.9822 -0.1098 -0.1527
vn -0.9844 -0.1544 -0.0847
vn -0.9845 -0.1755 -0.0061
vn -0.9845 -0.1590 0.0735
vn -0.9825 -0.1185 0.1440
vn -0.9807 -0.0505 0.1887
vn -0.9773 0.0280 0.2098
vn -0.9752 0.1076 0.1933
vn -0.9721 0.1784 0.1523
vn -0.9710 0.2252 0.0808
vn 0.9897 -0.1431 -0.0033
vn 0.9886 -0.1451 -0.0404
vn 0.9885 -0.1476 0.0338
vn 0.9901 -0.1172 0.0769
vn 0.9915 -0.0806 0.1024
vn 0.9930 -0.0380 0.1122
vn 0.9945 0.0052 0.1049
vn 0.9958 0.0423 0.0817
vn 0.9966 0.0677 0.0460
vn 0.9970 0.0775 0.0033
vn 0.9967 0.0702 -0.0399
vn 0.9959 0.0469 -0.0770
vn 0.9947 0.0113 -0.1024
vn 0.9932 -0.0314 -0.1122
vn 0.9917 -0.0746 -0.1049
vn 0.9903 -0.1126 -0.0816
vn -0.5140 -0.7910 -0.3319
vn -0.5218 -0.8527 -0.0255
vn -1.0000 0.0032 -0.0009
vn -0.9999 -0.0075 -0.0145
vn -0.5145 -0.8093 0.2836
vn -0.9999 -0.0085 0.0120
vn -0.5152 -0.6171 0.5948
vn -0.9996 0.0040 0.0286
vn -0.5062 -0.3385 0.7932
vn -0.9991 0.0178 0.0380
vn -0.4947 -0.0081 0.8690
vn -0.9986 0.0337 0.0417
vn -0.4830 0.3262 0.8126
vn -0.9980 0.0497 0.0390
vn -0.4730 0.6134 0.6324
vn -0.9975 0.0635 0.0303
vn -0.4661 0.8099 0.3560
vn -0.9972 0.0729 0.0171
vn -0.4635 0.8857 0.0254
vn -0.9971 0.0765 0.0012
vn -0.4654 0.8294 -0.3091
vn -0.9972 0.0738 -0.0148
vn -0.4717 0.6493 -0.5966
vn -0.9975 0.0652 -0.0286
vn -0.4814 0.3730 -0.7932
vn -0.9979 0.0519 -0.0380
vn -0.4929 0.0426 -0.8690
vn -0.9985 0.0361 -0.0417
vn -0.5046 -0.2917 -0.8126
vn -0.9990 0.0201 -0.0390
vn -0.5140 -0.5812 -0.6309
vn -0.9995 0.0057 -0.0304
vn 0.9792 0.2027 0.0068
vn 0.9788 0.1835 0.0904
vn 0.9790 0.1887 -0.0776
vn 0.9781 0.1350 -0.1586
vn 0.9755 0.0610 -0.2114
vn 0.9724 -0.0271 -0.2316
vn 0.9693 -0.1163 -0.2166
vn 0.9666 -0.1928 -0.1686
vn 0.9648 -0.2452 -0.0949
vn 0.9641 -0.2655 -0.0068
vn 0.9646 -0.2504 0.0824
vn 0.9663 -0.2026 0.1589
vn 0.9689 -0.1289 0.2113
vn 0.9720 -0.0408 0.2316
vn 0.9751 0.0484 0.2166
vn 0.9778 0.1254 0.1682
vn 0.9998 -0.0005 0.0179
vn 0.9999 0.0100 0.0014
vn 0.9999 0.0004 -0.0157
vn 0.9996 -0.0060 -0.0272
vn 0.9992 -0.0185 -0.0361
vn 0.9986 -0.0339 -0.0396
vn 0.9981 -0.0489 -0.0371
vn 0.9977 -0.0620 -0.0289
vn 0.9973 -0.0710 -0.0163
vn 0.9972 -0.0745 -0.0012
vn 0.9973 -0.0719 0.0141
vn 0.9976 -0.0637 0.0272
vn 0.9980 -0.0511 0.0362
vn 0.9986 -0.0361 0.0396
vn 0.9991 -0.0210 0.0371
vn 0.9996 -0.0077 0.0289
vn 0.9870 0.1408 0.0777
vn 0.9875 0.1578 0.0056
vn 0.9871 0.1451 -0.0673
vn 0.9857 0.1051 -0.1315
vn 0.9836 0.0442 -0.1748
vn 0.9811 -0.0287 -0.1915
vn 0.9785 -0.1023 -0.1791
vn 0.9763 -0.1656 -0.1394
vn 0.9748 -0.2090 -0.0785
vn 0.9742 -0.2257 -0.0056
vn 0.9746 -0.2133 0.0681
vn 0.9760 -0.1736 0.1315
vn 0.9781 -0.1127 0.1748
vn 0.9807 -0.0398 0.1915
vn 0.9832 0.0338 0.1791
vn 0.9855 0.0972 0.1394
vn 0.9203 -0.3622 -0.1480
vn 0.9192 -0.3937 -0.0106
vn 0.9200 -0.3702 0.1285
vn 0.9226 -0.2954 0.2481
vn 0.9266 -0.1805 0.3298
vn 0.9314 -0.0431 0.3614
vn 0.9363 0.0959 0.3379
vn 0.9404 0.2154 0.2630
vn 0.9433 0.2971 0.1480
vn 0.9444 0.3286 0.0106
vn 0.9436 0.3052 -0.1285
vn 0.9410 0.2303 -0.2481
vn 0.9370 0.1154 -0.3298
vn 0.9322 -0.0220 -0.3614
vn 0.9273 -0.1610 -0.3379
vn 0.9231 -0.2805 -0.2630
vn 0.9994 -0.0349 -0.0000
vn -0.0197 0.8303 -0.5569
vn -0.0001 -0.1361 -0.9907
vn -0.8319 0.0917 -0.5473
vn -0.6910 0.4822 -0.5385
vn 0.8297 0.1039 -0.5485
vn 0.7118 0.4690 -0.5229
vn -0.0136 0.9166 -0.3997
vn 0.7549 0.5719 -0.3211
vn -0.7401 0.5904 -0.3219
vn -0.9455 0.1546 -0.2866
vn -0.0000 -0.1366 -0.9906
vn 0.8233 -0.0062 -0.5675
vn 0.9473 0.1427 -0.2867
vn -0.8350 0.0200 -0.5499
vn -0.9556 0.0702 -0.2863
vn 0.9559 0.0436 -0.2903
vn 0.6616 0.5792 0.4762
vn -0.0000 0.8696 0.4937
vn -0.0000 -0.0000 1.0000
vn -0.6616 0.5792 0.4762
vn -0.8873 -0.0000 0.4612
vn -0.6616 -0.5792 0.4762
vn -0.0000 -0.8696 0.4937
vn 0.6616 -0.5792 0.4762
vn 0.8873 -0.0000 0.4612
vn 0.7022 0.6331 0.3257
vn -0.0000 0.9388 0.3446
vn -0.7022 0.6331 0.3257
vn -0.9510 -0.0000 0.3091
vn -0.7022 -0.6331 0.3257
vn -0.0000 -0.9388 0.3446
vn 0.7022 -0.6331 0.3257
vn 0.9510 -0.0000 0.3091
vn 0.0196 0.8303 -0.5569
vn 0.6910 0.4822 -0.5385
vn 0.8292 0.0858 -0.5523
vn 0.0001 -0.1361 -0.9907
vn 0.0136 0.9166 -0.3997
vn -0.7118 0.4690 -0.5229
vn -0.7549 0.5719 -0.3211
vn 0.7401 0.5904 -0.3219
vn 0.9449 0.1488 -0.2917
vn -0.8251 0.1024 -0.5557
vn 0.8196 0.0086 -0.5729
vn 0.0001 -0.1366 -0.9906
vn 0.9539 0.0616 -0.2938
vn -0.7995 -0.0147 -0.6004
vn -0.9469 0.1428 -0.2880
vn -0.9554 0.0411 -0.2924
vn 0.0017 -0.3258 0.9454
vn -0.6691 -0.3904 0.6324
vn -0.6456 -0.5786 0.4984
vn -0.0000 -0.7002 0.7140
vn 0.0302 -0.9877 0.1536
vn -0.0337 -0.9987 0.0390
vn -0.6227 -0.7525 0.2144
vn -0.0000 -0.9611 0.2761
vn -0.0470 -0.9975 -0.0532
vn 0.0338 -0.9790 -0.2012
vn -0.6646 -0.3954 -0.6341
vn 0.0013 -0.3716 -0.9284
vn -0.6142 -0.6967 -0.3706
vn -0.0000 -0.8609 -0.5088
vn -0.0000 -1.0000 -0.0007
vn -0.3120 -0.9496 0.0290
vn -0.5929 -0.7884 -0.1637
vn -0.0000 -1.0000 0.0072
vn -0.7857 -0.3402 -0.5167
vn 0.0035 -0.0683 -0.9977
vn 0.0011 -0.2891 -0.9573
vn -0.6649 -0.5820 -0.4681
vn -0.0000 -0.6696 -0.7427
vn -0.0000 -0.9665 -0.2566
vn -0.1395 -0.9890 -0.0483
vn 0.0100 -0.9997 0.0238
vn 0.0261 -0.0950 -0.9951
vn -0.0017 -0.3258 0.9454
vn 0.6456 -0.5786 0.4984
vn 0.6691 -0.3904 0.6324
vn -0.0338 -0.9876 0.1536
vn 0.0338 -0.9987 0.0389
vn 0.6227 -0.7525 0.2144
vn 0.0470 -0.9975 -0.0531
vn -0.0325 -0.9790 -0.2012
vn 0.6646 -0.3954 -0.6341
vn -0.0013 -0.3716 -0.9284
vn 0.5929 -0.7884 -0.1637
vn 0.3120 -0.9496 0.0290
vn 0.7857 -0.3402 -0.5167
vn -0.0011 -0.2891 -0.9573
vn -0.0035 -0.0683 -0.9977
vn 0.6649 -0.5820 -0.4681
vn 0.1395 -0.9890 -0.0483
vn -0.0100 -0.9997 0.0238
vn -0.0261 -0.0950 -0.9951
vn 0.8583 0.5119 -0.0343
vn 0.5097 0.8588 -0.0508
vn 0.5435 0.8382 0.0453
vn 0.8565 0.5154 0.0271
vn 0.8527 0.4644 -0.2391
vn 0.5646 0.7357 -0.3742
vn 0.5161 0.8251 -0.2299
vn 0.8474 0.5110 -0.1441
vn 0.8559 0.5110 -0.0789
vn 0.5029 0.8557 -0.1217
vn 0.5914 0.7831 0.1924
vn 0.8581 0.5026 0.1056
vn 0.3007 0.9452 -0.1274
vn 0.3116 0.9209 -0.2343
vn 0.3532 0.8529 -0.3846
vn 0.3812 0.8950 0.2314
vn 0.3398 0.9394 0.0456
vn 0.3121 0.9484 -0.0564
vn 0.2155 0.9747 0.0591
vn 0.2378 0.9343 0.2656
vn 0.0631 0.9155 -0.3973
vn -0.0000 0.9145 -0.4046
vn -0.0000 0.9706 -0.2408
vn 0.0627 0.9691 -0.2385
vn 0.2094 0.9764 -0.0527
vn 0.2252 0.8996 -0.3741
vn 0.2101 0.9506 -0.2286
vn 0.2065 0.9703 -0.1262
vn 0.1218 0.9645 -0.2342
vn 0.1212 0.9151 -0.3845
vn 0.0654 0.7858 -0.6150
vn -0.0000 0.7851 -0.6193
vn 0.9786 0.1875 -0.0849
vn 0.8805 0.2955 -0.3708
vn 0.8897 0.2904 -0.3522
vn 0.9848 0.1692 -0.0383
vn 0.8728 0.3782 -0.3085
vn 0.5895 0.6054 -0.5348
vn -0.0000 0.9929 -0.1192
vn 0.0593 0.9911 -0.1192
vn 0.1213 0.9851 -0.1219
vn 0.1223 0.9896 0.0761
vn 0.1420 0.9492 0.2807
vn 0.1202 0.9918 -0.0432
vn 0.0583 0.9948 0.0838
vn 0.0565 0.9977 -0.0364
vn -0.0000 0.9994 -0.0346
vn -0.0000 0.9965 0.0830
vn 0.0725 0.9585 0.2756
vn -0.0000 0.9636 0.2673
vn 0.1284 0.7820 -0.6100
vn 0.9910 0.1339 0.0089
vn 0.8849 0.3233 -0.3354
vn 0.9906 0.1359 0.0152
vn 0.9893 0.1458 -0.0003
vn 0.7824 -0.4443 0.4364
vn 0.7507 -0.3049 0.5861
vn 0.9881 0.1529 -0.0152
vn 0.9883 0.1520 -0.0137
vn 0.9944 0.1048 -0.0142
vn 0.9973 0.0728 -0.0088
vn 0.8468 -0.3268 -0.4197
vn 0.8648 -0.4732 -0.1681
vn 0.9900 0.1330 -0.0471
vn 0.8740 -0.4838 -0.0443
vn 0.9931 0.1166 -0.0090
vn 0.9933 0.1153 -0.0073
vn 0.9883 0.1507 -0.0223
vn 0.5512 -0.2807 -0.7857
vn 0.8068 -0.1598 -0.5688
vn 0.9891 0.1315 -0.0664
vn 0.9885 0.1316 -0.0746
vn 0.9869 0.1607 -0.0166
vn 0.9867 0.1613 -0.0198
vn 0.9868 0.1610 -0.0164
vn 0.9868 0.1609 -0.0164
vn 0.9868 0.1612 -0.0164
vn 0.9868 0.1613 -0.0164
vn 0.9869 0.1608 -0.0164
vn 0.9867 0.1616 -0.0164
vn 0.9867 0.1616 -0.0166
vn 0.9867 0.1618 -0.0166
vn 0.9867 0.1618 -0.0164
vn 0.9867 0.1619 -0.0168
vn 0.9867 0.1620 -0.0168
vn 0.9875 0.1569 -0.0163
vn 0.9877 0.1556 -0.0162
vn 0.9991 0.0402 -0.0109
vn 0.8814 -0.4719 0.0205
vn 0.9919 0.1258 -0.0187
vn 0.9923 0.1214 -0.0256
vn 0.9915 0.1294 -0.0110
vn 0.8822 -0.4682 0.0501
vn 0.9908 0.1328 -0.0244
vn 0.7539 -0.6120 0.2390
vn 0.9881 0.1530 -0.0128
vn 0.8227 -0.5521 0.1352
vn 0.9884 0.1512 -0.0163
vn 0.9881 0.1529 -0.0167
vn 0.9867 0.1620 -0.0164
vn 0.9867 0.1619 -0.0164
vn 0.7215 -0.2350 0.6514
vn 0.9877 0.1553 -0.0152
vn 0.6097 -0.2041 0.7659
vn 0.5537 -0.2204 0.8030
vn 0.9870 0.1599 -0.0166
vn 0.9866 0.1623 -0.0167
vn 0.9866 0.1621 -0.0165
vn 0.9866 0.1622 -0.0165
vn 0.9866 0.1622 -0.0166
vn 0.9866 0.1621 -0.0164
vn 0.2753 0.7492 0.6024
vn 0.1752 0.7651 0.6196
vn 0.0954 0.7782 0.6207
vn -0.0000 0.7853 0.6192
vn 0.1018 0.6127 0.7837
vn -0.0000 0.6227 0.7825
vn 0.1892 0.5910 0.7841
vn 0.1117 0.4723 0.8743
vn 0.1144 0.4723 0.8740
vn 0.2061 0.4713 0.8576
vn 0.1939 0.4715 0.8603
vn 0.2858 0.5694 0.7708
vn 0.8619 0.4387 0.2544
vn 0.8544 0.3500 0.3841
vn 0.8812 0.3196 0.3485
vn 0.4222 0.7271 0.5414
vn 0.6269 0.6425 0.4407
vn 0.4403 0.5498 0.7099
vn 0.5614 0.5245 0.6400
vn 0.2886 0.4686 0.8349
vn 0.2849 0.4687 0.8362
vn 0.6162 0.4322 0.6584
vn 0.6126 0.4574 0.6446
vn 0.5596 0.4730 0.6805
vn 0.3832 0.4677 0.7965
vn 0.3837 0.4677 0.7962
vn 0.4605 0.4638 0.7568
vn 0.4603 0.4632 0.7573
vn 0.5439 0.4511 0.7076
vn -0.0000 0.5977 -0.8017
vn -0.0000 0.6760 -0.7369
vn 0.0680 0.6743 -0.7353
vn 0.0715 0.5957 -0.8001
vn 0.0774 0.4808 -0.8734
vn -0.0000 0.4821 -0.8761
vn 0.3841 0.7122 -0.5876
vn 0.2417 0.7678 -0.5933
vn 0.7072 0.3875 -0.5913
vn 0.6718 0.4040 -0.6209
vn 0.6059 0.5036 -0.6158
vn 0.4036 0.5916 -0.6979
vn 0.4110 0.4740 -0.7787
vn 0.1321 0.6724 -0.7283
vn 0.1297 0.5922 -0.7953
vn 0.2557 0.6580 -0.7083
vn 0.1939 0.5865 -0.7864
vn 0.3229 0.5706 -0.7550
vn 0.3565 0.5490 -0.7560
vn 0.3561 0.4811 -0.8011
vn 0.1524 0.4786 -0.8647
vn 0.1501 0.4787 -0.8651
vn 0.4083 0.4638 -0.7863
vn 0.3684 0.4677 -0.8035
vn 0.3521 0.4692 -0.8099
vn 0.2716 0.4734 -0.8379
vn 0.3085 0.4715 -0.8262
vn 0.2244 0.4743 -0.8513
vn -0.8583 0.5119 -0.0343
vn -0.8565 0.5154 0.0271
vn -0.5435 0.8382 0.0453
vn -0.5097 0.8588 -0.0508
vn -0.8527 0.4644 -0.2391
vn -0.8474 0.5110 -0.1441
vn -0.5161 0.8251 -0.2299
vn -0.5646 0.7357 -0.3742
vn -0.8559 0.5110 -0.0789
vn -0.5029 0.8557 -0.1217
vn -0.8581 0.5026 0.1056
vn -0.5914 0.7831 0.1924
vn -0.3007 0.9452 -0.1274
vn -0.3116 0.9209 -0.2343
vn -0.3532 0.8529 -0.3845
vn -0.3812 0.8950 0.2314
vn -0.3398 0.9394 0.0456
vn -0.3121 0.9484 -0.0564
vn -0.2155 0.9747 0.0591
vn -0.2378 0.9343 0.2656
vn -0.0631 0.9155 -0.3973
vn -0.0627 0.9691 -0.2385
vn -0.2094 0.9764 -0.0527
vn -0.2101 0.9506 -0.2286
vn -0.2252 0.8996 -0.3741
vn -0.2065 0.9703 -0.1262
vn -0.1212 0.9151 -0.3845
vn -0.1218 0.9645 -0.2342
vn -0.0654 0.7858 -0.6150
vn -0.9786 0.1875 -0.0849
vn -0.9848 0.1692 -0.0383
vn -0.8897 0.2904 -0.3522
vn -0.8805 0.2955 -0.3708
vn -0.8728 0.3782 -0.3085
vn -0.5895 0.6054 -0.5348
vn -0.0593 0.9911 -0.1192
vn -0.1213 0.9851 -0.1219
vn -0.1420 0.9492 0.2807
vn -0.1223 0.9896 0.0761
vn -0.1202 0.9918 -0.0432
vn -0.0583 0.9948 0.0838
vn -0.0565 0.9977 -0.0364
vn -0.0725 0.9585 0.2756
vn -0.1284 0.7820 -0.6100
vn -0.9910 0.1339 0.0089
vn -0.8849 0.3233 -0.3354
vn -0.9906 0.1359 0.0153
vn -0.9893 0.1458 -0.0003
vn -0.7507 -0.3049 0.5861
vn -0.7824 -0.4443 0.4364
vn -0.9881 0.1529 -0.0152
vn -0.9883 0.1520 -0.0137
vn -0.9944 0.1048 -0.0143
vn -0.9973 0.0728 -0.0088
vn -0.8468 -0.3268 -0.4197
vn -0.9900 0.1330 -0.0471
vn -0.8648 -0.4732 -0.1681
vn -0.8740 -0.4838 -0.0443
vn -0.9931 0.1165 -0.0090
vn -0.9933 0.1154 -0.0073
vn -0.9883 0.1507 -0.0223
vn -0.5512 -0.2807 -0.7857
vn -0.9885 0.1316 -0.0746
vn -0.9891 0.1315 -0.0664
vn -0.8068 -0.1598 -0.5688
vn -0.9869 0.1607 -0.0166
vn -0.9867 0.1613 -0.0198
vn -0.9868 0.1610 -0.0164
vn -0.9868 0.1613 -0.0164
vn -0.9868 0.1612 -0.0164
vn -0.9868 0.1609 -0.0164
vn -0.9869 0.1608 -0.0164
vn -0.9867 0.1616 -0.0166
vn -0.9867 0.1616 -0.0164
vn -0.9867 0.1618 -0.0166
vn -0.9867 0.1618 -0.0164
vn -0.9867 0.1619 -0.0168
vn -0.9867 0.1615 -0.0169
vn -0.9875 0.1569 -0.0163
vn -0.9877 0.1556 -0.0162
vn -0.9991 0.0402 -0.0109
vn -0.8814 -0.4719 0.0205
vn -0.9919 0.1257 -0.0185
vn -0.9923 0.1214 -0.0256
vn -0.9915 0.1295 -0.0109
vn -0.8822 -0.4682 0.0501
vn -0.9908 0.1328 -0.0244
vn -0.7539 -0.6120 0.2390
vn -0.9881 0.1530 -0.0128
vn -0.8227 -0.5521 0.1352
vn -0.9883 0.1515 -0.0161
vn -0.9881 0.1529 -0.0166
vn -0.9867 0.1619 -0.0164
vn -0.9867 0.1620 -0.0164
vn -0.7215 -0.2350 0.6513
vn -0.9877 0.1553 -0.0152
vn -0.5537 -0.2204 0.8030
vn -0.6097 -0.2041 0.7659
vn -0.9869 0.1606 -0.0168
vn -0.9866 0.1623 -0.0167
vn -0.9866 0.1621 -0.0165
vn -0.9866 0.1622 -0.0166
vn -0.9866 0.1622 -0.0165
vn -0.9866 0.1621 -0.0164
vn -0.2753 0.7492 0.6024
vn -0.1752 0.7651 0.6196
vn -0.0954 0.7782 0.6207
vn -0.1017 0.6128 0.7837
vn -0.1892 0.5910 0.7841
vn -0.1112 0.4723 0.8744
vn -0.1939 0.4715 0.8603
vn -0.2061 0.4713 0.8576
vn -0.1142 0.4723 0.8740
vn -0.2858 0.5694 0.7708
vn -0.8619 0.4387 0.2544
vn -0.8544 0.3500 0.3841
vn -0.8812 0.3196 0.3485
vn -0.4222 0.7271 0.5413
vn -0.6269 0.6425 0.4407
vn -0.4403 0.5498 0.7099
vn -0.5614 0.5245 0.6400
vn -0.2849 0.4687 0.8362
vn -0.2886 0.4686 0.8349
vn -0.6162 0.4322 0.6584
vn -0.6126 0.4574 0.6446
vn -0.5596 0.4730 0.6805
vn -0.3832 0.4677 0.7965
vn -0.3837 0.4677 0.7962
vn -0.4604 0.4633 0.7572
vn -0.4605 0.4638 0.7568
vn -0.5439 0.4511 0.7076
vn -0.0716 0.5957 -0.8000
vn -0.0680 0.6743 -0.7353
vn -0.0774 0.4808 -0.8734
vn -0.3841 0.7122 -0.5876
vn -0.2417 0.7678 -0.5933
vn -0.6718 0.4040 -0.6209
vn -0.7072 0.3875 -0.5914
vn -0.6059 0.5036 -0.6158
vn -0.4036 0.5916 -0.6979
vn -0.4110 0.4740 -0.7787
vn -0.1321 0.6724 -0.7283
vn -0.1297 0.5922 -0.7952
vn -0.2557 0.6580 -0.7083
vn -0.1939 0.5865 -0.7864
vn -0.3229 0.5706 -0.7550
vn -0.3565 0.5491 -0.7560
vn -0.3561 0.4811 -0.8011
vn -0.1524 0.4786 -0.8647
vn -0.1501 0.4787 -0.8651
vn -0.4083 0.4638 -0.7863
vn -0.3684 0.4677 -0.8035
vn -0.3521 0.4692 -0.8098
vn -0.2715 0.4734 -0.8380
vn -0.3085 0.4715 -0.8261
vn -0.2244 0.4743 -0.8513
vn 0.8423 -0.5284 -0.1061
vn 0.9787 -0.2046 -0.0158
vn 0.9790 -0.2039 -0.0003
vn 0.8223 -0.5686 -0.0221
vn 0.7615 -0.6298 0.1534
vn 0.8055 -0.5421 0.2393
vn 0.3000 -0.8799 0.3683
vn 0.2435 -0.9473 0.2079
vn 0.2806 -0.9302 -0.2364
vn 0.2214 -0.9742 -0.0442
vn 0.1818 -0.9821 -0.0497
vn 0.2065 -0.9461 -0.2497
vn 0.0561 -0.9172 0.3944
vn -0.0000 -0.9155 0.4023
vn -0.0000 -0.9791 0.2034
vn 0.0529 -0.9781 0.2015
vn 0.2010 -0.9784 0.0478
vn 0.1765 -0.9833 0.0444
vn 0.1920 -0.9119 0.3627
vn 0.1785 -0.9646 0.1942
vn 0.2089 -0.9716 0.1112
vn 0.1744 -0.9789 0.1066
vn 0.1031 -0.9747 0.1981
vn 0.1064 -0.9184 0.3811
vn 0.0602 -0.7959 0.6025
vn -0.0000 -0.7968 0.6042
vn -0.0000 -0.9950 0.1001
vn 0.0498 -0.9937 0.1001
vn 0.1020 -0.9895 0.1024
vn 0.1027 -0.9927 -0.0639
vn 0.1231 -0.9571 -0.2624
vn 0.1008 -0.9942 0.0362
vn 0.0489 -0.9963 -0.0702
vn 0.0473 -0.9984 0.0305
vn -0.0000 -0.9996 0.0290
vn -0.0000 -0.9976 -0.0696
vn 0.0625 -0.9643 -0.2572
vn -0.0000 -0.9684 -0.2495
vn 0.1173 -0.7898 0.6020
vn 0.9047 -0.3870 -0.1781
vn 0.9788 -0.2034 -0.0225
vn 0.8561 -0.5048 -0.1109
vn 0.8513 -0.5247 -0.0083
vn 0.8682 -0.4486 -0.2121
vn 0.2545 -0.7800 -0.5717
vn 0.1617 -0.8022 -0.5748
vn 0.0887 -0.8238 -0.5599
vn -0.0000 -0.8349 -0.5503
vn 0.0983 -0.8132 -0.5736
vn -0.0000 -0.8254 -0.5645
vn 0.1783 -0.7888 -0.5882
vn 0.1021 -0.3292 -0.9387
vn 0.1146 -0.4686 -0.8760
vn 0.2066 -0.4676 -0.8595
vn 0.1798 -0.3208 -0.9299
vn -0.0000 -0.3264 -0.9452
vn -0.0000 -0.4703 -0.8825
vn 0.2706 -0.7599 -0.5910
vn 0.9803 -0.1909 -0.0505
vn 0.9493 -0.2576 -0.1801
vn 0.3710 -0.7498 -0.5478
vn 0.4289 -0.6788 -0.5961
vn 0.6250 -0.5734 -0.5297
vn 0.2893 -0.4650 -0.8367
vn 0.2726 -0.3315 -0.9032
vn 0.9153 -0.3143 -0.2518
vn 0.4035 -0.3400 -0.8495
vn 0.3849 -0.4641 -0.7978
vn 0.4625 -0.4602 -0.7578
vn 0.6001 -0.3389 -0.7246
vn 0.8225 -0.3466 -0.4509
vn 0.9723 -0.2109 -0.1008
vn -0.0000 -0.8256 0.5642
vn -0.0000 -0.7212 0.6927
vn 0.0643 -0.7172 0.6939
vn 0.0641 -0.8215 0.5666
vn 0.0755 -0.4427 0.8935
vn 0.0775 -0.4771 0.8754
vn -0.0000 -0.4784 0.8782
vn -0.0000 -0.4427 0.8967
vn 0.8116 -0.4497 0.3729
vn 0.3424 -0.7201 0.6036
vn 0.2144 -0.7717 0.5987
vn 0.1246 -0.7087 0.6944
vn 0.0735 -0.9942 -0.0784
vn -0.0000 -0.9919 -0.1270
vn 0.1266 -0.9917 -0.0223
vn 0.1819 -0.9833 -0.0060
vn 0.3858 -0.9195 0.0755
vn 0.8535 -0.4707 0.2235
vn 0.9686 -0.0625 0.2407
vn 0.9727 -0.0164 0.2315
vn 0.8707 0.4869 -0.0690
vn 0.2067 0.7954 -0.5698
vn -0.0187 0.7739 -0.6330
vn -0.0378 0.7743 -0.6317
vn -0.0310 0.7812 -0.6235
vn -0.0000 0.7847 -0.6198
vn 0.9787 -0.2039 0.0225
vn 0.8071 -0.5893 0.0368
vn 0.7627 -0.6411 0.0856
vn 0.8582 -0.5116 0.0420
vn 0.4592 -0.8870 -0.0475
vn 0.4443 -0.8935 0.0654
vn 0.3198 -0.9139 -0.2498
vn 0.1795 -0.7940 -0.5807
vn 0.9693 -0.2290 0.0893
vn 0.9687 -0.2106 0.1314
vn 0.7811 -0.5287 0.3323
vn 0.1732 -0.7585 0.6283
vn 0.1254 -0.5962 0.7930
vn 0.7497 -0.4667 0.4691
vn 0.9695 -0.2377 0.0598
vn 0.9670 -0.2079 0.1475
vn 0.8318 -0.3764 0.4080
vn 0.0811 -0.4920 0.8668
vn 0.7096 -0.4195 0.5661
vn 0.9782 -0.2052 0.0315
vn 0.9882 -0.1395 -0.0628
vn 0.8557 -0.3563 -0.3752
vn 0.9815 -0.1858 -0.0456
vn 0.9987 -0.0498 0.0114
vn 0.9871 -0.1591 0.0162
vn 0.5527 0.8327 -0.0337
vn 0.1597 -0.0124 -0.9871
vn -0.0440 -0.4671 -0.8831
vn 0.0998 -0.3754 0.9215
vn 0.6245 -0.3686 0.6886
vn 0.9630 -0.2054 0.1744
vn 0.8936 -0.2897 0.3428
vn 0.9945 -0.1010 0.0264
vn 0.9842 -0.1342 0.1155
vn 0.1679 0.1832 0.9686
vn 0.5198 0.8334 0.1880
vn 0.8474 -0.2777 0.4526
vn 0.1045 -0.2681 0.9577
vn 0.9623 -0.2064 0.1773
vn 0.9567 -0.2214 0.1891
vn 0.8351 -0.3283 0.4415
vn 0.9870 -0.1600 0.0152
vn 0.5884 0.8085 -0.0126
vn 0.9980 -0.0623 0.0141
vn 0.9869 -0.1604 0.0164
vn 0.9870 -0.1597 0.0164
vn 0.9989 -0.0443 0.0116
vn 0.6068 0.7943 -0.0283
vn 0.1860 -0.8786 0.4399
vn 0.8325 -0.5219 0.1862
vn 0.9913 -0.1181 -0.0590
vn 0.9869 -0.1602 0.0164
vn 0.9448 -0.1556 0.2884
vn 0.9687 -0.1516 -0.1964
vn 0.9560 -0.1431 -0.2562
vn 0.9461 -0.1489 0.2876
vn 0.9922 -0.1048 0.0669
vn 0.9870 -0.1600 0.0164
vn 0.6463 0.4596 0.6092
vn 0.7002 0.2828 -0.6555
vn 0.5697 -0.0705 -0.8188
vn 0.6212 -0.0775 -0.7798
vn 0.3709 -0.0677 0.9262
vn 0.3859 -0.0654 0.9202
vn 0.8697 -0.4888 0.0686
vn 0.3886 -0.9143 0.1144
vn 0.9361 -0.3054 0.1746
vn 0.9727 -0.2259 0.0524
vn 0.9767 -0.1821 -0.1133
vn 0.6595 -0.4018 -0.6353
vn 0.4817 -0.5660 0.6690
vn 0.0521 0.6530 0.7555
vn -0.0000 0.6514 0.7587
vn -0.0000 -0.9761 -0.2174
vn 0.0180 -0.9755 -0.2192
vn 0.3736 -0.5939 0.7125
vn 0.1117 -0.8155 0.5679
vn 0.2386 -0.6788 0.6944
vn 0.1957 -0.7596 0.6203
vn 0.3606 -0.6537 0.6653
vn 0.5312 -0.7992 -0.2812
vn 0.0771 -0.9486 -0.3069
vn 0.4090 -0.5619 0.7190
vn 0.8840 -0.4406 -0.1562
vn 0.4662 -0.4591 0.7562
vn 0.9921 -0.1060 0.0674
vn 0.1529 -0.4749 0.8667
vn 0.1529 -0.4415 0.8841
vn 0.3870 -0.4809 0.7868
vn 0.1214 0.6593 0.7420
vn 0.3711 0.6620 0.6512
vn 0.2374 -0.4391 0.8665
vn 0.0081 -0.9662 -0.2578
vn 0.9916 -0.0825 0.0992
vn 0.4285 -0.4494 0.7839
vn 0.8706 0.3152 0.3777
vn 0.3333 -0.4531 0.8268
vn 0.2711 -0.4699 0.8400
vn 0.3982 -0.4561 0.7959
vn 0.3607 -0.4651 0.8085
vn -0.8423 -0.5284 -0.1061
vn -0.8223 -0.5686 -0.0222
vn -0.9790 -0.2039 -0.0003
vn -0.9787 -0.2046 -0.0158
vn -0.7615 -0.6295 0.1542
vn -0.2435 -0.9473 0.2079
vn -0.3000 -0.8799 0.3683
vn -0.8055 -0.5421 0.2393
vn -0.2806 -0.9302 -0.2364
vn -0.2214 -0.9742 -0.0442
vn -0.1818 -0.9821 -0.0497
vn -0.2065 -0.9461 -0.2497
vn -0.0561 -0.9172 0.3944
vn -0.0529 -0.9781 0.2015
vn -0.1765 -0.9833 0.0444
vn -0.2010 -0.9784 0.0478
vn -0.1785 -0.9646 0.1942
vn -0.1920 -0.9119 0.3627
vn -0.2089 -0.9716 0.1112
vn -0.1744 -0.9789 0.1066
vn -0.1064 -0.9184 0.3811
vn -0.1031 -0.9747 0.1981
vn -0.0602 -0.7959 0.6025
vn -0.0497 -0.9937 0.1001
vn -0.1020 -0.9895 0.1024
vn -0.1231 -0.9571 -0.2624
vn -0.1027 -0.9927 -0.0639
vn -0.1008 -0.9942 0.0362
vn -0.0489 -0.9963 -0.0702
vn -0.0473 -0.9984 0.0305
vn -0.0625 -0.9643 -0.2572
vn -0.1173 -0.7898 0.6020
vn -0.9788 -0.2034 -0.0225
vn -0.9047 -0.3870 -0.1781
vn -0.8561 -0.5048 -0.1109
vn -0.8513 -0.5247 -0.0083
vn -0.8682 -0.4485 -0.2121
vn -0.2545 -0.7800 -0.5717
vn -0.1617 -0.8022 -0.5748
vn -0.0887 -0.8238 -0.5599
vn -0.0983 -0.8132 -0.5736
vn -0.1783 -0.7888 -0.5882
vn -0.1021 -0.3292 -0.9387
vn -0.1798 -0.3208 -0.9299
vn -0.2066 -0.4676 -0.8595
vn -0.1150 -0.4686 -0.8759
vn -0.2706 -0.7599 -0.5910
vn -0.9803 -0.1909 -0.0505
vn -0.9493 -0.2575 -0.1801
vn -0.3710 -0.7498 -0.5478
vn -0.4289 -0.6788 -0.5961
vn -0.6250 -0.5734 -0.5297
vn -0.2726 -0.3315 -0.9032
vn -0.2893 -0.4650 -0.8367
vn -0.9153 -0.3143 -0.2518
vn -0.4035 -0.3400 -0.8495
vn -0.3849 -0.4641 -0.7978
vn -0.6001 -0.3390 -0.7246
vn -0.4625 -0.4602 -0.7578
vn -0.8225 -0.3466 -0.4509
vn -0.9723 -0.2109 -0.1008
vn -0.0672 -0.8214 0.5664
vn -0.0640 -0.7172 0.6939
vn -0.0785 -0.4427 0.8932
vn -0.0775 -0.4771 0.8754
vn -0.3424 -0.7201 0.6035
vn -0.8116 -0.4497 0.3729
vn -0.2144 -0.7717 0.5987
vn -0.1246 -0.7087 0.6944
vn -0.0734 -0.9942 -0.0785
vn -0.1266 -0.9917 -0.0223
vn -0.1819 -0.9833 -0.0060
vn -0.3858 -0.9195 0.0755
vn -0.8535 -0.4707 0.2235
vn -0.9686 -0.0625 0.2407
vn -0.9727 -0.0164 0.2315
vn -0.8707 0.4869 -0.0690
vn -0.2067 0.7954 -0.5698
vn 0.0187 0.7739 -0.6330
vn 0.0378 0.7742 -0.6318
vn 0.0310 0.7812 -0.6235
vn -0.8071 -0.5893 0.0368
vn -0.9787 -0.2039 0.0225
vn -0.7627 -0.6411 0.0856
vn -0.8582 -0.5116 0.0420
vn -0.4444 -0.8935 0.0654
vn -0.4592 -0.8870 -0.0475
vn -0.3198 -0.9139 -0.2498
vn -0.1795 -0.7940 -0.5807
vn -0.9687 -0.2106 0.1314
vn -0.9693 -0.2290 0.0893
vn -0.7811 -0.5287 0.3323
vn -0.7497 -0.4667 0.4691
vn -0.1254 -0.5962 0.7930
vn -0.1732 -0.7585 0.6283
vn -0.9695 -0.2377 0.0598
vn -0.9670 -0.2079 0.1475
vn -0.8318 -0.3764 0.4080
vn -0.7097 -0.4195 0.5661
vn -0.0811 -0.4920 0.8668
vn -0.9782 -0.2052 0.0315
vn -0.9882 -0.1396 -0.0628
vn -0.9815 -0.1858 -0.0456
vn -0.8557 -0.3563 -0.3752
vn -0.9987 -0.0498 0.0114
vn -0.9871 -0.1591 0.0162
vn -0.1598 -0.0124 -0.9871
vn -0.5527 0.8327 -0.0337
vn 0.0440 -0.4671 -0.8831
vn -0.6244 -0.3686 0.6886
vn -0.0998 -0.3754 0.9215
vn -0.9630 -0.2054 0.1744
vn -0.8936 -0.2897 0.3428
vn -0.9945 -0.1010 0.0264
vn -0.5198 0.8334 0.1880
vn -0.1679 0.1832 0.9686
vn -0.9842 -0.1342 0.1155
vn -0.8474 -0.2777 0.4526
vn -0.1045 -0.2681 0.9577
vn -0.9623 -0.2064 0.1773
vn -0.8351 -0.3283 0.4415
vn -0.9567 -0.2214 0.1891
vn -0.9870 -0.1602 0.0157
vn -0.9980 -0.0623 0.0141
vn -0.5884 0.8085 -0.0126
vn -0.9869 -0.1604 0.0164
vn -0.9870 -0.1597 0.0164
vn -0.9989 -0.0443 0.0115
vn -0.6061 0.7949 -0.0284
vn -0.1857 -0.8786 0.4400
vn -0.8325 -0.5219 0.1862
vn -0.9869 -0.1602 0.0164
vn -0.9912 -0.1181 -0.0590
vn -0.9448 -0.1556 0.2884
vn -0.9461 -0.1489 0.2876
vn -0.9560 -0.1431 -0.2562
vn -0.9687 -0.1516 -0.1964
vn -0.9870 -0.1600 0.0164
vn -0.9922 -0.1048 0.0670
vn -0.6463 0.4596 0.6091
vn -0.7002 0.2828 -0.6555
vn -0.6212 -0.0775 -0.7798
vn -0.5697 -0.0705 -0.8188
vn -0.3708 -0.0676 0.9263
vn -0.3859 -0.0654 0.9202
vn -0.8697 -0.4888 0.0686
vn -0.3886 -0.9143 0.1144
vn -0.9727 -0.2259 0.0524
vn -0.9361 -0.3054 0.1746
vn -0.9767 -0.1821 -0.1133
vn -0.6595 -0.4018 -0.6353
vn -0.4818 -0.5660 0.6690
vn -0.0521 0.6530 0.7555
vn -0.0180 -0.9755 -0.2192
vn -0.3736 -0.5939 0.7125
vn -0.1117 -0.8155 0.5678
vn -0.2386 -0.6788 0.6944
vn -0.1957 -0.7595 0.6203
vn -0.0771 -0.9486 -0.3069
vn -0.5312 -0.7992 -0.2812
vn -0.3606 -0.6537 0.6653
vn -0.4090 -0.5619 0.7190
vn -0.8840 -0.4406 -0.1562
vn -0.4662 -0.4591 0.7562
vn -0.9921 -0.1060 0.0674
vn -0.1529 -0.4749 0.8667
vn -0.1529 -0.4415 0.8841
vn -0.3870 -0.4809 0.7868
vn -0.1214 0.6593 0.7420
vn -0.2374 -0.4391 0.8665
vn -0.3711 0.6620 0.6512
vn -0.0081 -0.9662 -0.2578
vn -0.9916 -0.0825 0.0992
vn -0.4285 -0.4493 0.7839
vn -0.3333 -0.4531 0.8268
vn -0.8706 0.3152 0.3777
vn -0.2711 -0.4699 0.8400
vn -0.3982 -0.4561 0.7959
vn -0.3607 -0.4651 0.8085
vn -0.7461 0.2467 0.6184
vn 0.5380 -0.2891 0.7918
vn 0.3605 -0.6398 0.6787
vn -0.6198 0.5328 0.5762
vn -0.0005 -0.6052 0.7961
vn -0.0002 -0.1760 0.9844
vn -0.2945 -0.7116 0.6379
vn -0.0559 -0.2003 0.9781
vn -0.3586 -0.6392 0.6803
vn 0.2956 -0.7130 0.6358
vn 0.0561 -0.2007 0.9780
vn -0.3073 0.0310 0.9511
vn -0.5107 -0.2009 0.8360
vn 0.1597 -0.0854 0.9835
vn -0.5379 -0.2895 0.7917
vn -0.0000 0.4328 0.9015
vn 0.3408 0.2957 0.8924
vn -0.3408 0.2957 0.8924
vn 0.4672 -0.0000 0.8842
vn 0.0618 0.0849 -0.9945
vn 0.1254 0.0711 -0.9896
vn 0.1320 0.0647 -0.9891
vn 0.0626 0.0920 -0.9938
vn -0.0000 0.0936 -0.9956
vn -0.0000 0.0891 -0.9960
vn 0.1496 0.0591 -0.9870
vn 0.1684 0.0376 -0.9850
vn -0.0721 0.0350 -0.9968
vn 0.1095 -0.0102 -0.9939
vn 0.0430 -0.7475 0.6629
vn 0.0690 -0.3405 0.9377
vn -0.0000 -0.3384 0.9410
vn -0.0000 -0.7468 0.6650
vn 0.0685 -0.2084 0.9756
vn -0.0000 -0.2093 0.9779
vn 0.0698 -0.1146 0.9910
vn 0.0397 0.1823 0.9824
vn -0.0000 0.1674 0.9859
vn -0.0000 -0.1180 0.9930
vn -0.0000 -0.9416 0.3367
vn 0.0181 -0.9422 0.3347
vn 0.7934 0.5974 -0.1172
vn 0.7848 0.6116 -0.1000
vn 0.9808 0.1833 -0.0669
vn 0.9854 0.1480 -0.0844
vn -0.0069 0.8237 -0.5671
vn -0.6279 0.5569 -0.5437
vn -0.5282 0.7696 -0.3589
vn 0.0766 0.9442 -0.3205
vn 0.1391 0.9679 -0.2092
vn -0.4242 0.8734 -0.2394
vn -0.3013 0.9358 -0.1829
vn 0.1912 0.9675 -0.1653
vn 0.0504 -0.3544 0.9337
vn 0.0510 -0.2228 0.9735
vn 0.0474 -0.7263 0.6857
vn 0.0351 -0.9314 0.3623
vn 0.9332 -0.1022 -0.3444
vn 0.9315 0.0629 -0.3583
vn 0.9237 -0.3414 0.1737
vn 0.9272 -0.3287 0.1796
vn 0.9242 -0.3632 0.1182
vn 0.9278 0.2228 -0.2994
vn 0.2519 -0.5605 0.7889
vn 0.2325 -0.3467 0.9087
vn 0.2447 -0.7591 0.6032
vn 0.2392 -0.9701 0.0405
vn 0.2391 -0.9128 0.3310
vn 0.9187 -0.3908 0.0577
vn 0.9145 -0.4039 -0.0212
vn 0.2102 -0.7838 -0.5843
vn 0.2360 -0.9372 -0.2568
vn 0.9119 -0.3988 -0.0967
vn 0.8985 -0.4003 -0.1800
vn 0.9418 0.2285 0.2467
vn 0.9278 0.0819 0.3641
vn 0.8536 -0.4099 -0.3215
vn 0.8308 -0.3706 -0.4153
vn 0.9442 -0.1147 0.3087
vn 0.9278 0.3672 -0.0652
vn 0.9406 0.3309 0.0756
vn 0.9237 0.3325 -0.1904
vn 0.1731 -0.5548 -0.8138
vn 0.1620 -0.2881 -0.9438
vn 0.9934 0.1119 0.0256
vn 0.9945 0.0958 -0.0413
vn 0.9847 0.1744 0.0059
vn 0.9766 0.2120 0.0352
vn 0.4418 -0.8812 -0.1682
vn 0.8780 -0.4395 -0.1897
vn 0.8231 -0.4050 0.3981
vn 0.4092 -0.8432 0.3487
vn 0.9450 0.1966 -0.2613
vn 0.9568 0.2718 -0.1032
vn 0.9036 -0.4107 0.1214
vn 0.8973 -0.4015 0.1835
vn 0.9102 -0.4120 0.0419
vn 0.9562 0.2912 0.0289
vn 0.9517 0.2576 0.1670
vn 0.9104 -0.4128 -0.0270
vn 0.0882 -0.3143 -0.9452
vn 0.1914 -0.1651 -0.9675
vn 0.1860 -0.2135 -0.9591
vn 0.9115 -0.3583 -0.2019
vn 0.2423 -0.9697 0.0300
vn 0.2407 -0.9229 0.3006
vn 0.2327 -0.7902 0.5669
vn 0.9083 -0.4128 -0.0674
vn 0.2289 -0.7874 -0.5724
vn 0.2354 -0.9357 -0.2628
vn 0.9283 -0.0750 -0.3641
vn 0.9258 0.0798 -0.3694
vn 0.8877 -0.3822 0.2567
vn 0.8832 -0.3456 0.3169
vn 0.2258 -0.5943 0.7719
vn 0.2066 -0.3480 0.9145
vn 0.2035 -0.3417 0.9175
vn 0.8139 -0.3821 0.4378
vn 0.2028 -0.2958 -0.9335
vn 0.6375 -0.3424 -0.6902
vn 0.2721 -0.9620 0.0243
vn 0.2775 -0.9607 0.0008
vn 0.8118 -0.5840 0.0013
vn 0.8032 -0.5955 0.0157
vn 0.2749 -0.8106 0.5172
vn 0.7144 -0.6011 0.3582
vn 0.1232 -0.9339 0.3357
vn -0.0111 -0.9472 -0.3203
vn 0.0905 -0.9522 -0.2916
vn -0.0100 -0.9391 -0.3436
vn -0.0000 -0.9423 -0.3347
vn -0.0000 -0.3157 -0.9489
vn -0.0274 -0.3157 -0.9485
vn -0.0661 -0.3270 -0.9427
vn -0.0349 -0.3378 -0.9406
vn 0.9967 0.0259 -0.0767
vn 0.9735 -0.0516 -0.2228
vn 0.9852 -0.0059 -0.1711
vn 0.9936 -0.1126 0.0059
vn 0.9953 -0.0966 0.0047
vn 0.9832 0.1482 -0.1069
vn 0.9828 0.1769 -0.0538
vn 0.8024 0.5806 -0.1382
vn 0.9871 0.1217 -0.1042
vn 0.2134 0.9675 -0.1353
vn 0.8305 0.5235 -0.1904
vn 0.8219 0.5051 -0.2634
vn 0.8005 0.4637 -0.3797
vn 0.9982 -0.0606 0.0036
vn 0.9964 -0.0448 0.0718
vn 0.9933 -0.0949 0.0660
vn 0.9995 0.0168 0.0260
vn 0.9954 -0.0958 -0.0036
vn 0.9933 -0.1155 -0.0019
vn 0.9989 -0.0474 -0.0062
vn 0.0123 -0.4417 0.8971
vn 0.1345 -0.1029 0.9856
vn 0.3707 -0.5762 0.7284
vn -0.3143 -0.0013 -0.9493
vn -0.7958 -0.1352 -0.5902
vn -0.5868 -0.4491 -0.6738
vn -0.1860 -0.1028 -0.9772
vn -0.0318 -0.1789 -0.9834
vn -0.0625 -0.6879 -0.7231
vn 0.2039 -0.9756 -0.0820
vn 0.0656 -0.9860 -0.1534
vn 0.3876 -0.5447 -0.7437
vn 0.8076 -0.4965 -0.3181
vn 0.0354 -0.4644 -0.8849
vn -0.0028 -0.9718 -0.2357
vn 0.0248 -0.9513 -0.3073
vn -0.0000 -0.9533 -0.3019
vn -0.0000 -0.4562 -0.8899
vn 0.0692 -0.4586 -0.8859
vn 0.0410 -0.9570 -0.2873
vn 0.1146 -0.4775 -0.8711
vn -0.0000 -0.0823 -0.9966
vn 0.4575 -0.1840 -0.8699
vn 0.4576 -0.1834 -0.8700
vn -0.0030 -0.0722 -0.9974
vn 0.9066 -0.2235 -0.3580
vn 0.9172 -0.2066 -0.3406
vn 0.0406 -0.1538 -0.9873
vn 0.4619 -0.2362 -0.8549
vn 0.8988 -0.2552 -0.3564
vn 0.5149 -0.2931 -0.8056
vn 0.1322 -0.1078 -0.9853
vn 0.9842 0.0852 -0.1555
vn 0.9951 -0.0170 -0.0979
vn 0.9883 0.1521 0.0147
vn 0.8870 -0.3684 0.2785
vn 0.9409 -0.2131 -0.2632
vn 0.2594 -0.3747 0.8901
vn 0.4208 -0.7040 0.5721
vn 0.8827 -0.4547 0.1185
vn 0.9437 -0.2479 -0.2191
vn 0.8357 -0.5173 -0.1847
vn 0.8945 -0.4129 -0.1716
vn 0.4550 -0.8892 -0.0468
vn 0.2782 -0.9581 -0.0689
vn 0.9322 -0.1401 -0.3339
vn 0.9726 -0.1533 -0.1748
vn 0.9826 -0.1140 -0.1467
vn 0.9489 -0.0592 -0.3100
vn 0.9466 -0.2500 -0.2038
vn 0.9665 -0.1825 -0.1803
vn 0.9549 -0.2151 -0.2049
vn 0.9923 -0.0422 -0.1161
vn 0.9569 0.0657 -0.2827
vn 0.9520 -0.2063 -0.2262
vn 0.9580 -0.2097 -0.1956
vn 0.9477 -0.2483 -0.2008
vn -0.0000 0.0212 -0.9998
vn 0.0705 0.0194 -0.9973
vn 0.0757 -0.0857 -0.9934
vn -0.0000 -0.0812 -0.9967
vn 0.1064 -0.0216 -0.9941
vn 0.1052 0.9873 0.1192
vn 0.0701 0.9825 0.1728
vn 0.7432 0.6478 0.1672
vn 0.6929 0.7109 0.1205
vn 0.6991 0.7093 0.0901
vn 0.1506 0.9851 0.0832
vn 0.7218 0.6898 0.0563
vn 0.1965 0.9793 0.0485
vn 0.0546 -0.9501 -0.3070
vn 0.1581 -0.4444 -0.8818
vn -0.0000 0.0401 -0.9992
vn 0.0709 0.0394 -0.9967
vn 0.1616 0.0186 -0.9867
vn 0.1661 0.0047 -0.9861
vn 0.1745 -0.0941 -0.9801
vn -0.3422 0.8863 0.3120
vn 0.0116 0.9399 0.3412
vn 0.0368 0.9751 0.2188
vn 0.0428 -0.0666 0.9969
vn 0.1271 -0.2139 0.9686
vn 0.1306 -0.0731 0.9887
vn 0.0358 0.0210 0.9991
vn 0.3999 0.8613 0.3134
vn 0.7780 0.5981 0.1920
vn 0.7147 0.6077 0.3463
vn 0.9825 0.1537 0.1055
vn 0.9780 0.1973 0.0677
vn 0.9909 0.0914 0.0983
vn 0.9822 0.0871 0.1663
vn -0.1514 0.1531 0.9765
vn -0.0670 0.1135 0.9913
vn 0.0018 0.0740 0.9973
vn -0.0481 0.0079 0.9988
vn 0.1144 0.0951 0.9889
vn 0.1059 -0.0958 0.9897
vn 0.1571 -0.0345 0.9870
vn 0.0782 -0.0862 0.9932
vn 0.0937 -0.0940 0.9912
vn 0.8989 -0.3715 -0.2323
vn 0.1879 -0.4124 -0.8914
vn 0.2086 -0.5758 -0.7905
vn 0.9031 -0.4015 -0.1522
vn 0.9379 0.1475 0.3140
vn 0.9835 0.0407 0.1764
vn 0.9228 -0.0079 0.3852
vn 0.9984 -0.0556 0.0042
vn 0.9952 -0.0978 0.0072
vn 0.9933 -0.1153 0.0068
vn -0.7311 -0.1810 -0.6578
vn -0.0000 -0.1364 -0.9907
vn -0.0462 -0.7495 -0.6604
vn -0.5678 -0.4749 -0.6724
vn 0.6712 -0.5354 -0.5127
vn 0.9414 -0.2062 -0.2669
vn 0.9219 -0.1962 -0.3339
vn 0.9858 -0.0887 -0.1425
vn 0.9901 -0.0740 -0.1191
vn 0.9766 -0.1500 -0.1542
vn 0.5626 -0.4864 -0.6685
vn 0.7272 -0.2065 -0.6546
vn 0.0966 0.1888 -0.9773
vn 0.1596 0.8503 -0.5016
vn 0.2232 0.7686 -0.5995
vn 0.2397 0.2468 -0.9389
vn 0.1148 0.9437 -0.3102
vn 0.1629 0.9155 -0.3679
vn -0.0000 0.9489 -0.3157
vn -0.0000 0.8617 -0.5074
vn 0.0560 0.0575 -0.9968
vn -0.0000 0.2083 -0.9781
vn -0.0000 0.0228 -0.9997
vn -0.0000 0.9872 0.1592
vn -0.0000 0.9750 0.2221
vn 0.0745 0.9710 0.2272
vn 0.0735 0.9845 0.1592
vn -0.0000 0.9404 0.3401
vn 0.0821 0.9342 0.3471
vn 0.1088 0.7514 0.6509
vn -0.0000 0.7621 0.6475
vn -0.0000 0.5253 0.8509
vn -0.0000 0.2449 0.9696
vn 0.1128 0.2510 0.9614
vn 0.1171 0.5191 0.8467
vn -0.0000 -0.1088 0.9941
vn -0.0000 -0.1001 0.9950
vn 0.0635 0.0355 0.9974
vn 0.1149 -0.0168 0.9932
vn 0.0815 -0.0295 0.9962
vn -0.0000 0.1231 0.9924
vn -0.0000 -0.0121 0.9999
vn 0.3615 0.7184 0.5943
vn 0.6307 0.4993 0.5941
vn -0.0053 0.8149 0.5795
vn -0.3579 0.7422 0.5666
vn -0.6745 0.6431 0.3626
vn -0.8356 0.4177 0.3569
vn -0.8526 0.0251 0.5220
vn -0.7255 -0.0294 0.6876
vn 0.5096 -0.1996 0.8369
vn -0.5799 -0.2421 0.7779
vn -0.3722 -0.3630 0.8542
vn 0.2535 0.0684 0.9649
vn 0.3080 0.0311 0.9509
vn 0.6273 -0.2607 0.7339
vn 0.7577 -0.0418 0.6513
vn 0.7615 0.2266 0.6072
vn -0.0030 -0.0385 0.9993
vn -0.3506 -0.3028 0.8862
vn -0.1848 -0.3903 0.9020
vn -0.7141 -0.0722 0.6963
vn 0.9332 -0.2351 0.2719
vn 0.9517 -0.0102 0.3068
vn 0.5409 -0.1216 0.8323
vn 0.7982 -0.1754 0.5763
vn 0.5954 -0.4873 0.6388
vn 0.9804 0.0243 0.1955
vn 0.9108 0.3288 0.2495
vn 0.4150 -0.3878 0.8230
vn -0.1591 -0.0855 0.9836
vn -0.2605 -0.2921 0.9202
vn 0.0616 0.0399 0.9973
vn -0.4672 -0.0000 0.8842
vn -0.3408 -0.2957 0.8924
vn -0.1673 -0.4041 0.8993
vn 0.2606 -0.2923 0.9201
vn -0.2526 0.0671 0.9652
vn -0.0000 -0.4328 0.9015
vn -0.0000 -0.4239 0.9057
vn 0.3408 -0.2957 0.8924
vn 0.1881 -0.4219 0.8869
vn -0.0599 0.0380 0.9975
vn 0.0049 -0.4163 0.9092
vn 0.0005 0.0532 0.9986
vn 0.1559 0.9488 -0.2748
vn 0.1912 0.9455 -0.2637
vn 0.1783 0.9183 -0.3534
vn 0.1487 0.9190 -0.3652
vn 0.0103 0.9468 -0.3217
vn 0.0610 0.9699 -0.2357
vn 0.1592 0.9626 -0.2192
vn 0.1905 0.9573 -0.2176
vn 0.0676 0.9770 -0.2020
vn 0.0729 0.9656 -0.2496
vn 0.0692 0.9726 -0.2218
vn -0.2236 0.9628 -0.1518
vn -0.2069 0.9587 -0.1954
vn -0.2058 0.9684 -0.1408
vn -0.2884 0.9206 -0.2633
vn -0.0000 0.9754 -0.2205
vn -0.0000 0.9749 -0.2224
vn 0.2532 0.9606 -0.1146
vn -0.1167 0.9872 -0.1091
vn -0.1319 0.9900 0.0500
vn -0.0249 0.9993 0.0276
vn 0.1432 0.9851 0.0952
vn 0.0624 0.9895 0.1303
vn 0.0068 1.0000 0.0017
vn 0.1900 0.9791 0.0725
vn 0.0799 0.9886 0.1274
vn 0.1338 0.9781 0.1598
vn 0.1415 0.9824 0.1218
vn -0.0000 0.9913 0.1314
vn 0.1560 0.9818 0.1081
vn 0.0896 0.9888 0.1190
vn -0.0000 0.9920 0.1261
vn -0.5293 0.7614 0.3745
vn -0.3953 0.8815 0.2582
vn -0.2208 0.9718 0.0829
vn -0.0233 0.9834 0.1802
vn 0.1354 0.9641 0.2285
vn 0.1790 0.9212 0.3454
vn -0.3388 0.9159 0.2154
vn 0.1495 0.9252 0.3488
vn -0.3175 0.3599 0.8773
vn -0.3003 0.9449 0.1302
vn 0.1865 0.2504 0.9500
vn 0.1868 0.5077 0.8410
vn 0.1834 0.7408 0.6462
vn -0.2728 0.8273 0.4911
vn -0.2722 0.6256 0.7311
vn 0.2383 0.7385 0.6308
vn 0.2418 0.5251 0.8160
vn 0.1163 -0.7376 0.6651
vn 0.1137 -0.3471 0.9309
vn 0.3338 -0.7022 0.6289
vn 0.3791 -0.3228 0.8672
vn 0.4350 -0.2116 0.8752
vn 0.7432 -0.3792 0.5513
vn 0.8192 -0.2264 0.5268
vn 0.8996 -0.2458 0.3609
vn 0.9372 -0.1265 0.3251
vn 0.9658 -0.0887 0.2438
vn 0.9282 0.0020 0.3720
vn 0.9243 -0.0628 0.3764
vn 0.9004 -0.1084 0.4214
vn 0.1168 0.0975 -0.9884
vn 0.1638 0.8020 -0.5745
vn 0.1453 0.7907 -0.5948
vn 0.1171 0.2273 -0.9668
vn 0.1164 0.1274 -0.9850
vn 0.1291 0.0838 -0.9881
vn 0.1227 0.4243 -0.8972
vn 0.9837 -0.1797 0.0069
vn 0.9822 -0.1879 0.0035
vn 0.9328 -0.2248 -0.2817
vn 0.9785 -0.2044 -0.0291
vn 0.9725 -0.1112 -0.2048
vn 0.9901 -0.1400 0.0073
vn 0.9897 -0.1427 0.0051
vn 0.9891 -0.1475 -0.0019
vn 0.3348 -0.9423 0.0019
vn 0.8418 -0.5398 -0.0039
vn 0.9881 -0.1470 0.0458
vn 0.9640 -0.2579 0.0644
vn 0.8523 -0.5204 -0.0532
vn 0.4667 -0.8771 -0.1135
vn 0.9801 -0.1983 -0.0036
vn 0.9773 -0.2117 -0.0101
vn 0.7536 0.6568 0.0275
vn 0.2113 0.9772 0.0200
vn 0.7841 0.6169 -0.0687
vn 0.9773 0.2056 -0.0517
vn 0.3578 0.9303 -0.0809
vn -0.0793 0.9938 -0.0782
vn 0.9976 0.0676 -0.0112
vn 0.9986 0.0537 -0.0010
vn 0.9962 0.0846 -0.0209
vn 0.9837 0.1763 -0.0347
vn 0.9078 0.4191 -0.0151
vn 0.9050 0.4245 -0.0271
vn -0.1138 0.9924 -0.0477
vn -0.1288 0.9912 -0.0321
vn 0.3395 0.9401 -0.0296
vn 0.3527 0.9344 -0.0491
vn -0.1018 0.9944 -0.0285
vn 0.3321 0.9432 -0.0131
vn 0.2369 0.9715 0.0005
vn 0.9953 0.0964 -0.0061
vn 0.9984 0.0558 0.0023
vn 0.3767 0.9241 -0.0645
vn -0.0951 0.9939 -0.0557
vn 0.4100 0.9097 -0.0654
vn -0.0954 0.9937 -0.0590
vn 0.7869 0.6145 -0.0560
vn 0.7179 0.6940 -0.0539
vn 0.7356 0.6763 -0.0391
vn 0.7883 0.6152 0.0081
vn 0.7070 0.7072 -0.0088
vn 0.9124 0.4093 -0.0052
vn 0.7356 0.6770 -0.0219
vn 0.9052 0.4233 -0.0377
vn 0.7461 0.2467 0.6184
vn 0.6198 0.5328 0.5762
vn -0.3605 -0.6398 0.6787
vn -0.5380 -0.2891 0.7918
vn 0.0005 -0.6052 0.7961
vn 0.2945 -0.7116 0.6379
vn 0.0008 -0.1760 0.9844
vn 0.3586 -0.6392 0.6803
vn 0.0558 -0.2003 0.9781
vn -0.2956 -0.7130 0.6358
vn -0.0561 -0.2007 0.9780
vn 0.3073 0.0310 0.9511
vn -0.1597 -0.0855 0.9835
vn 0.5107 -0.2008 0.8360
vn 0.5379 -0.2895 0.7917
vn -0.0618 0.0849 -0.9945
vn -0.0626 0.0920 -0.9938
vn -0.1320 0.0647 -0.9891
vn -0.1254 0.0711 -0.9896
vn -0.1684 0.0376 -0.9850
vn -0.1496 0.0591 -0.9870
vn -0.1095 -0.0102 -0.9939
vn 0.0721 0.0350 -0.9968
vn -0.0430 -0.7475 0.6629
vn -0.0690 -0.3405 0.9377
vn -0.0685 -0.2084 0.9756
vn -0.0698 -0.1145 0.9910
vn -0.0397 0.1823 0.9824
vn -0.0181 -0.9422 0.3347
vn -0.7934 0.5974 -0.1172
vn -0.9854 0.1480 -0.0844
vn -0.9808 0.1833 -0.0669
vn -0.7848 0.6116 -0.1000
vn 0.0069 0.8237 -0.5670
vn -0.0766 0.9442 -0.3205
vn 0.5282 0.7696 -0.3589
vn 0.6279 0.5569 -0.5437
vn -0.1391 0.9679 -0.2092
vn -0.1912 0.9675 -0.1653
vn 0.3013 0.9358 -0.1829
vn 0.4242 0.8734 -0.2394
vn -0.0510 -0.2228 0.9735
vn -0.0504 -0.3544 0.9337
vn -0.0474 -0.7263 0.6857
vn -0.0351 -0.9314 0.3623
vn -0.9332 -0.1022 -0.3444
vn -0.9272 -0.3287 0.1796
vn -0.9237 -0.3414 0.1737
vn -0.9315 0.0629 -0.3583
vn -0.9242 -0.3632 0.1182
vn -0.9278 0.2228 -0.2994
vn -0.2325 -0.3467 0.9087
vn -0.2519 -0.5605 0.7889
vn -0.2447 -0.7592 0.6031
vn -0.2392 -0.9701 0.0405
vn -0.9145 -0.4039 -0.0212
vn -0.9187 -0.3908 0.0577
vn -0.2391 -0.9128 0.3310
vn -0.2102 -0.7838 -0.5843
vn -0.8985 -0.4003 -0.1800
vn -0.9119 -0.3988 -0.0967
vn -0.2360 -0.9372 -0.2568
vn -0.9418 0.2285 0.2467
vn -0.8536 -0.4099 -0.3216
vn -0.9278 0.0819 0.3641
vn -0.8308 -0.3706 -0.4153
vn -0.9442 -0.1147 0.3087
vn -0.9278 0.3672 -0.0652
vn -0.9406 0.3309 0.0756
vn -0.9237 0.3325 -0.1904
vn -0.1731 -0.5548 -0.8138
vn -0.1620 -0.2881 -0.9438
vn -0.9934 0.1119 0.0256
vn -0.9766 0.2120 0.0352
vn -0.9847 0.1744 0.0059
vn -0.9945 0.0958 -0.0413
vn -0.4418 -0.8812 -0.1682
vn -0.4092 -0.8432 0.3487
vn -0.8231 -0.4050 0.3981
vn -0.8780 -0.4395 -0.1897
vn -0.9450 0.1966 -0.2613
vn -0.8973 -0.4015 0.1835
vn -0.9036 -0.4107 0.1214
vn -0.9568 0.2718 -0.1032
vn -0.9102 -0.4120 0.0420
vn -0.9562 0.2912 0.0288
vn -0.9104 -0.4128 -0.0271
vn -0.9517 0.2576 0.1669
vn -0.0882 -0.3143 -0.9452
vn -0.1914 -0.1651 -0.9675
vn -0.9115 -0.3583 -0.2019
vn -0.1860 -0.2135 -0.9591
vn -0.2423 -0.9697 0.0300
vn -0.2407 -0.9228 0.3007
vn -0.2327 -0.7902 0.5669
vn -0.9083 -0.4128 -0.0674
vn -0.2354 -0.9357 -0.2628
vn -0.2289 -0.7875 -0.5723
vn -0.9283 -0.0750 -0.3641
vn -0.8832 -0.3456 0.3169
vn -0.8877 -0.3822 0.2568
vn -0.9258 0.0798 -0.3694
vn -0.2258 -0.5943 0.7719
vn -0.2066 -0.3480 0.9145
vn -0.8139 -0.3821 0.4378
vn -0.2035 -0.3417 0.9175
vn -0.2028 -0.2958 -0.9335
vn -0.6375 -0.3425 -0.6902
vn -0.2721 -0.9620 0.0243
vn -0.8032 -0.5955 0.0157
vn -0.8118 -0.5840 0.0014
vn -0.2775 -0.9607 0.0008
vn -0.2749 -0.8106 0.5172
vn -0.7144 -0.6011 0.3582
vn -0.1232 -0.9339 0.3357
vn -0.0898 -0.9523 -0.2917
vn 0.0111 -0.9472 -0.3203
vn 0.0100 -0.9391 -0.3436
vn 0.0274 -0.3157 -0.9485
vn 0.0661 -0.3270 -0.9427
vn 0.0349 -0.3378 -0.9406
vn -0.9967 0.0259 -0.0767
vn -0.9735 -0.0516 -0.2228
vn -0.9852 -0.0059 -0.1711
vn -0.9936 -0.1126 0.0059
vn -0.9953 -0.0966 0.0047
vn -0.9828 0.1769 -0.0538
vn -0.9832 0.1482 -0.1069
vn -0.8024 0.5806 -0.1382
vn -0.9871 0.1217 -0.1042
vn -0.2135 0.9675 -0.1353
vn -0.9982 -0.0606 0.0036
vn -0.9933 -0.0949 0.0660
vn -0.9964 -0.0448 0.0718
vn -0.9995 0.0168 0.0260
vn -0.9933 -0.1155 -0.0019
vn -0.9954 -0.0958 -0.0036
vn -0.9989 -0.0474 -0.0062
vn -0.0123 -0.4417 0.8971
vn -0.3707 -0.5762 0.7284
vn -0.1345 -0.1029 0.9856
vn 0.3143 -0.0013 -0.9493
vn 0.1860 -0.1028 -0.9772
vn 0.5865 -0.4517 -0.6723
vn 0.7974 -0.1358 -0.5880
vn 0.0318 -0.1789 -0.9834
vn 0.0625 -0.6879 -0.7231
vn -0.2039 -0.9756 -0.0820
vn -0.8076 -0.4965 -0.3181
vn -0.3876 -0.5447 -0.7437
vn -0.0655 -0.9860 -0.1534
vn -0.0355 -0.4644 -0.8849
vn 0.0028 -0.9718 -0.2357
vn -0.0248 -0.9513 -0.3073
vn -0.0692 -0.4586 -0.8859
vn -0.1146 -0.4775 -0.8711
vn -0.0410 -0.9570 -0.2873
vn 0.0030 -0.0722 -0.9974
vn -0.4576 -0.1834 -0.8700
vn -0.4576 -0.1840 -0.8699
vn -0.9066 -0.2235 -0.3580
vn -0.9172 -0.2066 -0.3406
vn -0.0406 -0.1538 -0.9873
vn -0.4619 -0.2362 -0.8549
vn -0.8988 -0.2552 -0.3564
vn -0.5149 -0.2931 -0.8056
vn -0.1322 -0.1078 -0.9853
vn -0.9842 0.0852 -0.1555
vn -0.9951 -0.0170 -0.0979
vn -0.9883 0.1521 0.0147
vn -0.8870 -0.3683 0.2785
vn -0.9409 -0.2131 -0.2632
vn -0.2593 -0.3747 0.8901
vn -0.8827 -0.4547 0.1185
vn -0.4208 -0.7040 0.5721
vn -0.9437 -0.2479 -0.2191
vn -0.8357 -0.5173 -0.1847
vn -0.2782 -0.9581 -0.0689
vn -0.4550 -0.8892 -0.0468
vn -0.8945 -0.4129 -0.1716
vn -0.9322 -0.1401 -0.3339
vn -0.9489 -0.0592 -0.3101
vn -0.9826 -0.1140 -0.1467
vn -0.9726 -0.1533 -0.1748
vn -0.9466 -0.2500 -0.2038
vn -0.9549 -0.2151 -0.2049
vn -0.9666 -0.1823 -0.1802
vn -0.9569 0.0657 -0.2827
vn -0.9923 -0.0422 -0.1160
vn -0.9520 -0.2063 -0.2262
vn -0.9580 -0.2097 -0.1956
vn -0.9477 -0.2483 -0.2008
vn -0.0757 -0.0857 -0.9934
vn -0.0705 0.0194 -0.9973
vn -0.1064 -0.0216 -0.9941
vn -0.1052 0.9873 0.1192
vn -0.6929 0.7109 0.1205
vn -0.7432 0.6478 0.1672
vn -0.0701 0.9825 0.1728
vn -0.1507 0.9851 0.0832
vn -0.6991 0.7093 0.0901
vn -0.7218 0.6898 0.0563
vn -0.1965 0.9793 0.0486
vn -0.0547 -0.9501 -0.3070
vn -0.1581 -0.4444 -0.8818
vn -0.0709 0.0394 -0.9967
vn -0.1662 0.0047 -0.9861
vn -0.1616 0.0186 -0.9867
vn -0.1745 -0.0941 -0.9801
vn 0.3422 0.8863 0.3120
vn -0.0367 0.9751 0.2187
vn -0.0116 0.9399 0.3412
vn -0.0428 -0.0666 0.9969
vn -0.1306 -0.0731 0.9887
vn -0.1271 -0.2138 0.9686
vn -0.0358 0.0210 0.9991
vn -0.3999 0.8613 0.3134
vn -0.7780 0.5981 0.1920
vn -0.7147 0.6077 0.3463
vn -0.9780 0.1973 0.0677
vn -0.9825 0.1537 0.1055
vn -0.9909 0.0914 0.0983
vn -0.9822 0.0871 0.1664
vn 0.1514 0.1530 0.9766
vn -0.0018 0.0740 0.9973
vn 0.0671 0.1135 0.9913
vn 0.0481 0.0079 0.9988
vn -0.1144 0.0951 0.9889
vn -0.1059 -0.0958 0.9898
vn -0.1571 -0.0345 0.9870
vn -0.0783 -0.0862 0.9932
vn -0.0937 -0.0940 0.9912
vn -0.8989 -0.3715 -0.2323
vn -0.9031 -0.4015 -0.1523
vn -0.2086 -0.5758 -0.7905
vn -0.1879 -0.4125 -0.8914
vn -0.9379 0.1475 0.3140
vn -0.9835 0.0407 0.1764
vn -0.9228 -0.0079 0.3852
vn -0.9984 -0.0556 0.0042
vn -0.9952 -0.0978 0.0074
vn -0.9933 -0.1153 0.0068
vn 0.7351 -0.1805 -0.6535
vn 0.5636 -0.4772 -0.6743
vn 0.0461 -0.7488 -0.6612
vn -0.6712 -0.5354 -0.5127
vn -0.9414 -0.2062 -0.2669
vn -0.9858 -0.0887 -0.1425
vn -0.9218 -0.1984 -0.3329
vn -0.9766 -0.1500 -0.1542
vn -0.9901 -0.0740 -0.1191
vn -0.9919 -0.0146 -0.1262
vn -0.5626 -0.4864 -0.6685
vn -0.7252 -0.2100 -0.6558
vn -0.9876 -0.0071 -0.1569
vn -0.0966 0.1888 -0.9773
vn -0.2397 0.2468 -0.9389
vn -0.2232 0.7686 -0.5995
vn -0.1596 0.8502 -0.5016
vn -0.1629 0.9155 -0.3679
vn -0.1148 0.9437 -0.3102
vn 0.5816 0.5282 -0.6186
vn 0.6766 0.1985 -0.7091
vn 0.2884 0.9206 -0.2633
vn 0.4142 0.8151 -0.4050
vn -0.0560 0.0575 -0.9968
vn -0.0735 0.9845 0.1592
vn -0.0745 0.9710 0.2272
vn -0.0821 0.9342 0.3471
vn -0.1088 0.7514 0.6509
vn -0.1171 0.5191 0.8467
vn -0.1128 0.2510 0.9614
vn -0.0635 0.0355 0.9973
vn -0.0815 -0.0295 0.9962
vn -0.1149 -0.0168 0.9932
vn -0.3615 0.7184 0.5943
vn -0.6307 0.4994 0.5940
vn 0.0053 0.8149 0.5795
vn 0.3579 0.7422 0.5666
vn 0.6745 0.6431 0.3626
vn 0.8356 0.4177 0.3569
vn 0.7255 -0.0294 0.6876
vn 0.8526 0.0251 0.5220
vn -0.5096 -0.1996 0.8369
vn 0.5799 -0.2421 0.7779
vn -0.3079 0.0310 0.9509
vn -0.2535 0.0684 0.9649
vn 0.3722 -0.3630 0.8542
vn -0.6273 -0.2607 0.7339
vn -0.7577 -0.0418 0.6513
vn -0.7615 0.2266 0.6072
vn 0.0030 -0.0385 0.9993
vn 0.3506 -0.3028 0.8862
vn 0.1848 -0.3903 0.9020
vn 0.7141 -0.0721 0.6963
vn -0.9517 -0.0102 0.3068
vn -0.9332 -0.2351 0.2719
vn -0.7982 -0.1754 0.5763
vn -0.5409 -0.1216 0.8323
vn -0.5954 -0.4873 0.6388
vn -0.9804 0.0243 0.1955
vn -0.9108 0.3288 0.2495
vn -0.4150 -0.3878 0.8230
vn 0.1591 -0.0854 0.9836
vn 0.2605 -0.2921 0.9202
vn -0.0616 0.0399 0.9973
vn 0.1673 -0.4041 0.8993
vn 0.2526 0.0671 0.9652
vn -0.2605 -0.2923 0.9201
vn 0.0001 -0.4239 0.9057
vn -0.1881 -0.4219 0.8869
vn 0.0598 0.0380 0.9975
vn -0.0049 -0.4163 0.9092
vn -0.0005 0.0532 0.9986
vn -0.1559 0.9488 -0.2748
vn -0.1487 0.9190 -0.3652
vn -0.1783 0.9183 -0.3534
vn -0.1912 0.9455 -0.2637
vn -0.0103 0.9468 -0.3217
vn -0.0610 0.9699 -0.2357
vn -0.1592 0.9626 -0.2192
vn -0.1905 0.9573 -0.2176
vn -0.0676 0.9770 -0.2020
vn -0.0729 0.9656 -0.2496
vn -0.0692 0.9726 -0.2218
vn 0.2069 0.9587 -0.1954
vn 0.2236 0.9628 -0.1518
vn 0.2058 0.9684 -0.1408
vn -0.2532 0.9606 -0.1146
vn 0.1167 0.9872 -0.1091
vn 0.1319 0.9900 0.0500
vn -0.0624 0.9895 0.1303
vn -0.1432 0.9851 0.0952
vn 0.0249 0.9993 0.0276
vn -0.1900 0.9791 0.0725
vn -0.0068 1.0000 0.0017
vn -0.0799 0.9886 0.1275
vn -0.1415 0.9824 0.1218
vn -0.1338 0.9781 0.1598
vn -0.1560 0.9818 0.1082
vn -0.0896 0.9888 0.1190
vn 0.5293 0.7614 0.3745
vn 0.3953 0.8815 0.2582
vn 0.2208 0.9718 0.0829
vn 0.0233 0.9834 0.1802
vn -0.1354 0.9641 0.2285
vn 0.3388 0.9159 0.2154
vn -0.1790 0.9212 0.3455
vn -0.1495 0.9252 0.3488
vn 0.3175 0.3599 0.8773
vn 0.3003 0.9449 0.1302
vn -0.1865 0.2504 0.9500
vn -0.1868 0.5077 0.8410
vn -0.1834 0.7408 0.6462
vn 0.2722 0.6256 0.7311
vn 0.2728 0.8273 0.4911
vn -0.2383 0.7385 0.6308
vn -0.2418 0.5251 0.8160
vn -0.1163 -0.7376 0.6651
vn -0.1137 -0.3471 0.9309
vn -0.3337 -0.7022 0.6289
vn -0.4350 -0.2116 0.8752
vn -0.3791 -0.3229 0.8672
vn -0.7432 -0.3792 0.5513
vn -0.8192 -0.2264 0.5268
vn -0.8996 -0.2458 0.3609
vn -0.9372 -0.1265 0.3251
vn -0.9658 -0.0887 0.2438
vn -0.9282 0.0020 0.3720
vn -0.9243 -0.0628 0.3764
vn -0.9004 -0.1084 0.4214
vn -0.1168 0.0974 -0.9884
vn -0.1453 0.7907 -0.5948
vn -0.1638 0.8020 -0.5744
vn -0.1291 0.0838 -0.9881
vn -0.1164 0.1274 -0.9850
vn -0.1179 0.2272 -0.9667
vn 0.0986 0.0511 -0.9938
vn -0.1227 0.4243 -0.8972
vn -0.9837 -0.1797 0.0069
vn -0.9822 -0.1879 0.0035
vn -0.9328 -0.2248 -0.2817
vn -0.9725 -0.1112 -0.2048
vn -0.9785 -0.2044 -0.0291
vn -0.9901 -0.1400 0.0072
vn -0.9890 -0.1476 -0.0019
vn -0.9897 -0.1429 0.0053
vn -0.8418 -0.5398 -0.0039
vn -0.3348 -0.9423 0.0019
vn -0.9640 -0.2579 0.0644
vn -0.9881 -0.1470 0.0458
vn -0.4667 -0.8771 -0.1135
vn -0.8522 -0.5204 -0.0532
vn -0.9801 -0.1983 -0.0036
vn -0.9773 -0.2117 -0.0101
vn -0.7536 0.6568 0.0275
vn -0.2113 0.9772 0.0200
vn -0.9772 0.2057 -0.0517
vn -0.7841 0.6169 -0.0687
vn -0.3578 0.9303 -0.0809
vn 0.0793 0.9938 -0.0782
vn -0.9976 0.0676 -0.0112
vn -0.9986 0.0537 -0.0010
vn -0.9962 0.0846 -0.0209
vn -0.9837 0.1763 -0.0347
vn -0.9078 0.4191 -0.0151
vn -0.9050 0.4245 -0.0271
vn 0.1138 0.9924 -0.0477
vn -0.3527 0.9344 -0.0491
vn -0.3395 0.9401 -0.0296
vn 0.1288 0.9912 -0.0321
vn -0.3322 0.9431 -0.0131
vn 0.1018 0.9944 -0.0285
vn -0.2368 0.9716 0.0005
vn -0.9953 0.0964 -0.0061
vn -0.9984 0.0557 0.0018
vn -0.3767 0.9241 -0.0645
vn 0.0950 0.9939 -0.0557
vn -0.4100 0.9097 -0.0654
vn 0.0956 0.9937 -0.0593
vn -0.7869 0.6145 -0.0560
vn -0.7179 0.6940 -0.0539
vn -0.7356 0.6763 -0.0391
vn -0.7883 0.6152 0.0081
vn -0.7069 0.7072 -0.0088
vn -0.9124 0.4093 -0.0052
vn -0.7356 0.6770 -0.0219
vn -0.9052 0.4233 -0.0377
vn -0.5766 0.1301 0.8066
vn -0.4189 0.2489 0.8733
vn -0.0000 0.2968 0.9550
vn -0.0000 0.2164 0.9763
vn 0.5766 0.1301 0.8066
vn 0.4189 0.2489 0.8733
vn 0.7467 -0.1956 0.6357
vn 0.7908 -0.1062 0.6027
vn -0.0000 0.9989 0.0470
vn -0.7256 0.6831 0.0829
vn -0.5105 0.5919 0.6237
vn -0.0000 0.6663 0.7457
vn 0.7256 0.6831 0.0829
vn 0.5105 0.5919 0.6237
vn -0.3090 -0.6842 0.6606
vn -0.0000 -0.6900 0.7239
vn 0.3090 -0.6842 0.6606
vn 0.5486 -0.6596 0.5137
vn 0.5694 -0.2576 0.7806
vn 0.9898 -0.0573 0.1304
vn -0.5695 -0.2576 0.7806
vn -0.0000 -0.3352 0.9421
vn 0.0004 1.0000 -0.0000
vn 0.7312 0.6796 -0.0598
vn -0.4121 0.8759 -0.2510
vn -0.0078 0.8468 -0.5318
vn -0.0076 -0.0000 -1.0000
vn -0.4845 -0.0000 -0.8748
vn 0.9898 -0.0696 0.1244
vn 0.9972 0.0058 -0.0749
vn 0.9942 0.0009 -0.1077
vn 0.9284 -0.0000 -0.3716
vn 0.6506 0.7388 -0.1759
vn 0.9804 -0.0690 0.1844
vn 0.4120 0.8760 -0.2506
vn 0.4842 -0.0000 -0.8750
vn -0.9972 0.0058 -0.0749
vn -0.9804 -0.0690 0.1844
vn -0.9898 -0.0696 0.1244
vn -0.7908 -0.1062 0.6027
vn -0.7467 -0.1956 0.6357
vn -0.9898 -0.0573 0.1305
vn -0.9942 0.0009 -0.1077
vn -0.5486 -0.6596 0.5137
vn -0.7316 0.6791 -0.0599
vn -0.6514 0.7384 -0.1745
vn -0.9294 -0.0000 -0.3692
vn -0.2935 -0.2885 -0.9114
vn -0.9189 -0.1826 -0.3497
vn -0.8691 0.2243 -0.4409
vn -0.1652 0.2403 -0.9565
vn -0.9218 0.3217 -0.2166
vn -0.9939 -0.0724 -0.0835
vn 0.9940 -0.0703 -0.0840
vn 0.9189 -0.1820 -0.3500
vn 0.8712 0.2185 -0.4397
vn 0.9244 0.3154 -0.2146
vn 0.9074 0.2998 0.2944
vn 0.1614 0.6547 0.7384
vn 0.1019 0.2732 0.9565
vn 0.8968 0.1238 0.4248
vn -0.9004 0.3083 0.3070
vn -0.8891 0.1268 0.4398
vn -0.1040 0.2718 0.9567
vn -0.1642 0.6555 0.7371
vn -0.9988 -0.0352 -0.0342
vn -0.9166 0.3724 -0.1456
vn -0.2352 0.9465 -0.2210
vn 0.9198 0.3649 -0.1440
vn 0.2356 0.9465 -0.2208
vn 0.9989 -0.0321 -0.0342
vn 0.2754 0.8791 -0.3891
vn -0.2741 0.8795 -0.3891
vn 0.1660 0.2408 -0.9563
vn 0.2929 -0.2883 -0.9116
vn 0.2380 0.7558 -0.6101
vn -0.2355 0.7563 -0.6103
vn 0.2935 -0.2885 -0.9114
vn 0.1652 0.2403 -0.9565
vn 0.8691 0.2243 -0.4409
vn 0.9189 -0.1826 -0.3497
vn 0.9218 0.3217 -0.2166
vn 0.9939 -0.0724 -0.0835
vn -0.9940 -0.0703 -0.0840
vn -0.9244 0.3154 -0.2146
vn -0.8712 0.2185 -0.4397
vn -0.9189 -0.1820 -0.3500
vn -0.9074 0.2998 0.2944
vn -0.8968 0.1238 0.4248
vn -0.1019 0.2711 0.9572
vn -0.1614 0.6547 0.7384
vn 0.9004 0.3083 0.3070
vn 0.1642 0.6555 0.7371
vn 0.1040 0.2733 0.9563
vn 0.8891 0.1268 0.4398
vn 0.9166 0.3724 -0.1456
vn 0.9988 -0.0352 -0.0342
vn 0.2352 0.9465 -0.2210
vn -0.2356 0.9464 -0.2208
vn -0.9198 0.3649 -0.1440
vn -0.9989 -0.0321 -0.0342
vn -0.2754 0.8791 -0.3891
vn 0.2741 0.8795 -0.3891
vn -0.1660 0.2408 -0.9563
vn -0.2929 -0.2883 -0.9116
vn -0.2380 0.7557 -0.6101
vn 0.2355 0.7563 -0.6103
vn 0.1504 -0.6026 -0.7838
vn 0.2787 -0.9264 0.2531
vn 0.5456 -0.8369 0.0439
vn 0.3355 -0.5834 -0.7397
vn -0.2787 -0.9264 0.2532
vn -0.1504 -0.6028 -0.7836
vn -0.3359 -0.5836 -0.7394
vn -0.5460 -0.8366 0.0440
vn -0.0000 -0.9629 0.2700
vn -0.0000 -0.7722 -0.6354
vn -0.3152 0.5700 -0.7588
vn -0.2938 0.8339 -0.4672
vn -0.0000 0.8683 -0.4961
vn -0.0000 0.5386 -0.8426
vn 0.3152 0.5701 -0.7587
vn 0.2938 0.8339 -0.4672
vn 0.9783 -0.0170 -0.2066
vn 0.8017 -0.0464 -0.5959
vn -0.8013 -0.0471 -0.5964
vn -0.9782 -0.0178 -0.2067
vn -0.0655 0.8134 -0.5780
vn -0.0157 0.9897 -0.1421
vn -0.0000 0.9897 -0.1430
vn -0.0000 0.8089 -0.5880
vn -0.0885 0.8392 -0.5366
vn -0.0228 0.9897 -0.1412
vn 0.0363 0.8139 -0.5799
vn -0.0010 0.9893 -0.1456
vn 0.1473 0.8145 -0.5611
vn 0.0278 0.9877 -0.1538
vn 0.1026 0.8283 -0.5507
vn 0.0274 0.9869 -0.1587
vn -0.0010 0.7907 -0.6122
vn 0.0024 0.9894 -0.1453
vn -0.2751 0.8010 -0.5318
vn -0.0512 0.9925 -0.1110
vn -0.7080 0.7034 -0.0630
vn -0.0907 0.9949 0.0431
vn -0.1240 0.9923 -0.0074
vn -0.5813 0.7493 -0.3172
vn -0.6573 0.7365 0.1598
vn -0.1804 0.9338 0.3090
vn -0.6990 -0.7125 -0.0611
vn -0.0914 -0.9949 0.0429
vn -0.1777 -0.9363 0.3031
vn -0.6487 -0.7445 0.1581
vn -0.5735 -0.7574 -0.3121
vn -0.1243 -0.9922 -0.0077
vn -0.0011 -0.7977 -0.6030
vn 0.0024 -0.9893 -0.1459
vn -0.0515 -0.9924 -0.1115
vn -0.2708 -0.8078 -0.5236
vn 0.1010 -0.8343 -0.5420
vn 0.0273 -0.9868 -0.1593
vn 0.1450 -0.8207 -0.5527
vn 0.0277 -0.9876 -0.1543
vn 0.0357 -0.8204 -0.5707
vn -0.0010 -0.9893 -0.1460
vn -0.0870 -0.8451 -0.5275
vn -0.0228 -0.9897 -0.1416
vn -0.0645 -0.8197 -0.5691
vn -0.0159 -0.9897 -0.1426
vn -0.0000 -0.9896 -0.1436
vn -0.0000 -0.8153 -0.5790
vn -0.9507 0.0005 0.3101
vn -0.4688 0.0009 0.8833
vn -0.9902 0.0004 -0.1395
vn -0.8481 0.0009 -0.5298
vn 0.0096 0.0009 -1.0000
vn -0.4510 0.0008 -0.8925
vn 0.1858 0.0006 -0.9826
vn 0.2642 0.0003 -0.9645
vn 0.0594 0.0001 -0.9982
vn -0.1657 -0.0001 -0.9862
vn -0.1094 0.0003 -0.9940
vn -0.0000 0.0003 -1.0000
vn 0.1094 0.0003 -0.9940
vn 0.0645 -0.8197 -0.5691
vn 0.8497 0.0009 -0.5272
vn 0.9842 0.0004 -0.1768
vn 0.6838 -0.7246 -0.0861
vn 0.5714 -0.7601 -0.3094
vn 0.4495 0.0008 -0.8933
vn 0.2716 -0.8081 -0.5227
vn 0.1657 -0.0001 -0.9862
vn 0.0870 -0.8451 -0.5275
vn -0.0594 0.0001 -0.9982
vn -0.2642 0.0003 -0.9645
vn -0.1450 -0.8207 -0.5527
vn -0.0357 -0.8204 -0.5707
vn 0.9664 0.0005 0.2569
vn 0.6552 -0.7463 0.1170
vn -0.1858 0.0006 -0.9826
vn -0.0061 0.0009 -1.0000
vn 0.0031 -0.7949 -0.6067
vn -0.1010 -0.8343 -0.5420
vn 0.0655 0.8134 -0.5780
vn 0.0157 0.9897 -0.1421
vn 0.0885 0.8392 -0.5366
vn 0.0228 0.9897 -0.1412
vn -0.0363 0.8139 -0.5799
vn 0.0010 0.9893 -0.1456
vn -0.1473 0.8145 -0.5611
vn -0.0278 0.9877 -0.1538
vn -0.1026 0.8283 -0.5507
vn -0.0274 0.9869 -0.1587
vn 0.0030 0.7878 -0.6159
vn -0.0026 0.9893 -0.1456
vn 0.5793 0.7520 -0.3144
vn 0.2759 0.8012 -0.5310
vn 0.0508 0.9925 -0.1114
vn 0.1232 0.9924 -0.0080
vn 0.6929 0.7156 -0.0883
vn 0.0902 0.9951 0.0414
vn 0.6640 0.7384 0.1182
vn 0.1697 0.9425 0.2879
vn 0.4688 0.0009 0.8833
vn 0.1672 -0.9446 0.2823
vn 0.0909 -0.9950 0.0411
vn 0.1238 -0.9923 -0.0085
vn 0.0514 -0.9924 -0.1118
vn -0.0025 -0.9893 -0.1462
vn -0.0274 -0.9868 -0.1593
vn -0.0277 -0.9876 -0.1543
vn 0.0010 -0.9893 -0.1460
vn 0.0228 -0.9897 -0.1416
vn 0.0159 -0.9897 -0.1426
vn 0.3234 -0.6798 -0.6582
vn 0.4353 -0.5829 -0.6861
vn 0.5863 -0.8014 -0.1182
vn 0.4418 -0.8880 -0.1276
vn -0.4595 0.8783 -0.1323
vn -0.2921 0.9484 -0.1231
vn -0.2074 0.7259 -0.6558
vn -0.3491 0.6598 -0.6654
vn 0.1271 0.0682 -0.9895
vn -0.0108 -0.0229 -0.9997
vn 0.0276 0.7978 -0.6023
vn 0.5469 0.1386 -0.8256
vn -0.0346 0.9994 0.0016
vn 0.8902 -0.2816 -0.3581
vn 0.9332 -0.3593 -0.0060
vn -0.9283 0.3716 0.0113
vn -0.7409 0.1719 -0.6493
vn 0.4049 0.1439 0.9030
vn 0.8530 -0.1725 0.4926
vn 0.8086 -0.1183 0.5764
vn 0.2021 0.1885 0.9611
vn -0.4061 0.4254 0.8088
vn -0.6818 0.3803 0.6250
vn -0.9550 0.2939 -0.0398
vn -0.7989 0.1424 -0.5844
vn 0.0588 -0.1574 -0.9858
vn -0.1472 -0.1242 -0.9813
vn 0.8070 -0.3630 -0.4658
vn 0.6698 -0.3322 -0.6641
vn 0.9403 -0.3399 0.0178
vn 0.9502 -0.3105 -0.0280
vn 0.4501 -0.8833 0.1313
vn 0.6571 -0.7395 0.1462
vn 0.5833 -0.5482 0.5993
vn 0.4025 -0.6583 0.6361
vn 0.9672 -0.0595 0.2470
vn 0.9610 0.2269 0.1578
vn -0.2825 0.6946 0.6616
vn -0.0938 0.8002 0.5923
vn -0.1985 0.9693 0.1450
vn -0.4552 0.8811 0.1280
vn 0.5583 0.7361 0.3827
vn 0.8721 0.3190 0.3710
vn 0.1238 0.0267 0.9919
vn 0.2766 0.1284 0.9524
vn 0.8541 0.4947 0.1602
vn 0.9165 0.3617 0.1712
vn -0.0000 0.8142 0.5805
vn -0.6233 0.5446 0.5612
vn -0.8388 -0.0000 0.5444
vn -0.6233 -0.5446 0.5611
vn -0.0000 -0.8142 0.5805
vn 0.6233 0.5446 0.5612
vn 0.6233 -0.5446 0.5612
vn 0.1737 -0.0637 -0.9827
vn 0.1352 -0.1199 -0.9835
vn -0.0000 -0.0000 -1.0000
vn 0.1881 0.0001 -0.9821
vn 0.6638 0.0280 0.7474
vn 0.6129 -0.2328 0.7551
vn 0.8388 -0.0000 0.5444
vn 0.1737 0.0636 -0.9827
vn 0.6205 0.2249 0.7512
vn 0.4912 -0.0228 0.8708
vn 0.3727 0.2874 0.8823
vn 0.4542 0.4510 0.7683
vn 0.1352 0.1199 -0.9835
vn 0.0737 0.1575 -0.9848
vn 0.2696 0.5716 0.7750
vn -0.0002 0.1730 -0.9849
vn -0.0331 0.6239 0.7808
vn -0.0737 0.1575 -0.9848
vn -0.2587 0.5716 0.7787
vn 0.0310 0.4404 0.8973
vn -0.1352 0.1198 -0.9835
vn -0.5026 0.4130 0.7595
vn -0.1737 0.0635 -0.9827
vn -0.6129 0.2328 0.7551
vn -0.3342 0.3245 0.8849
vn -0.1881 -0.0001 -0.9821
vn -0.6638 -0.0280 0.7474
vn -0.1737 -0.0636 -0.9827
vn -0.6205 -0.2249 0.7512
vn -0.4912 0.0228 0.8708
vn -0.1351 -0.1199 -0.9835
vn -0.4542 -0.4510 0.7683
vn -0.0737 -0.1575 -0.9848
vn -0.2696 -0.5716 0.7750
vn -0.3727 -0.2874 0.8823
vn 0.0737 -0.1576 -0.9848
vn -0.0000 -0.1730 -0.9849
vn 0.5026 -0.4130 0.7595
vn 0.2588 -0.5715 0.7787
vn 0.3341 -0.3245 0.8849
vn 0.0331 -0.6239 0.7808
vn -0.0310 -0.4404 0.8973
vn 0.0121 0.9845 0.1748
vn -0.0000 0.9845 0.1753
vn -0.0002 0.7950 0.6066
vn 0.0413 0.7986 0.6005
vn 0.0151 0.9844 0.1755
vn 0.0546 0.8019 0.5949
vn 0.0600 0.8097 0.5837
vn 0.0171 0.9840 0.1773
vn 0.0318 0.7869 0.6162
vn 0.0190 0.9841 0.1763
vn -0.0993 0.8338 0.5431
vn -0.0129 0.9845 0.1747
vn -0.0649 0.8126 0.5792
vn -0.0132 0.9862 0.1648
vn 0.0129 0.9888 0.1488
vn 0.0575 0.8032 0.5929
vn 0.0499 0.9900 0.1316
vn 0.2684 0.8006 0.5357
vn 0.1250 0.9911 0.0453
vn 0.5233 0.7680 0.3692
vn 0.6349 0.7552 0.1629
vn 0.1656 0.9826 -0.0836
vn 0.6977 0.6409 -0.3202
vn 0.2630 0.8054 -0.5312
vn 0.1209 -0.9859 -0.1160
vn 0.2139 -0.8033 -0.5558
vn 0.6678 -0.6671 -0.3302
vn 0.6114 -0.7782 0.1436
vn 0.0941 -0.9955 0.0095
vn 0.5070 -0.7877 0.3501
vn 0.0542 -0.8213 0.5679
vn 0.0088 -0.9945 0.1047
vn 0.0346 -0.9951 0.0923
vn 0.2588 -0.8185 0.5129
vn -0.0093 -0.9932 0.1160
vn -0.0635 -0.8323 0.5507
vn -0.0090 -0.9923 0.1232
vn -0.0956 -0.8552 0.5094
vn 0.0288 -0.8098 0.5860
vn 0.0139 -0.9922 0.1241
vn 0.0570 -0.8326 0.5509
vn 0.0121 -0.9922 0.1242
vn 0.0518 -0.8244 0.5637
vn 0.0106 -0.9923 0.1232
vn -0.0001 -0.8172 0.5764
vn -0.0000 -0.9924 0.1229
vn 0.0085 -0.9924 0.1226
vn 0.0391 -0.8208 0.5699
vn 0.8453 -0.0041 -0.5342
vn 0.3790 0.0096 -0.9254
vn 0.9337 0.0003 0.3580
vn 0.7795 0.0007 0.6264
vn 0.0812 0.0006 0.9967
vn 0.4442 0.0006 0.8959
vn -0.1280 0.0005 0.9918
vn -0.1963 0.0002 0.9805
vn 0.0537 0.0002 0.9986
vn 0.1022 -0.0001 0.9948
vn 0.0918 0.0003 0.9958
vn -0.0006 0.0003 1.0000
vn 0.0678 0.0003 0.9977
vn -0.0391 -0.8228 0.5670
vn -0.0677 0.0003 0.9977
vn -0.0920 0.0003 0.9958
vn -0.0514 -0.8276 0.5590
vn -0.7778 0.0007 0.6285
vn -0.9337 0.0003 0.3580
vn -0.6113 -0.7783 0.1435
vn -0.5024 -0.7909 0.3494
vn -0.4450 0.0005 0.8955
vn -0.2606 -0.8153 0.5170
vn -0.1023 -0.0001 0.9948
vn -0.0570 -0.8326 0.5509
vn -0.0537 0.0002 0.9986
vn 0.1963 0.0002 0.9805
vn 0.0956 -0.8552 0.5094
vn -0.0288 -0.8098 0.5860
vn -0.8453 -0.0041 -0.5342
vn -0.6678 -0.6671 -0.3302
vn 0.1280 0.0005 0.9918
vn -0.0863 0.0006 0.9963
vn -0.0576 -0.8180 0.5723
vn 0.0635 -0.8323 0.5507
vn -0.0151 0.9844 0.1754
vn -0.0542 0.8052 0.5905
vn -0.0412 0.8006 0.5978
vn -0.0118 0.9845 0.1748
vn -0.0169 0.9841 0.1770
vn -0.0600 0.8097 0.5837
vn -0.0190 0.9841 0.1763
vn -0.0318 0.7869 0.6162
vn 0.0129 0.9845 0.1747
vn 0.0994 0.8337 0.5431
vn 0.0132 0.9862 0.1648
vn 0.0649 0.8126 0.5792
vn -0.0127 0.9888 0.1489
vn -0.0609 0.7999 0.5971
vn -0.1236 0.9912 0.0467
vn -0.5189 0.7712 0.3688
vn -0.2702 0.7973 0.5397
vn -0.0496 0.9901 0.1315
vn -0.1656 0.9826 -0.0836
vn -0.6349 0.7552 0.1629
vn -0.2630 0.8054 -0.5312
vn -0.6977 0.6409 -0.3202
vn -0.3790 0.0096 -0.9254
vn -0.2139 -0.8033 -0.5558
vn -0.1209 -0.9859 -0.1160
vn -0.0930 -0.9956 0.0109
vn -0.0350 -0.9951 0.0921
vn 0.0093 -0.9932 0.1160
vn -0.0085 -0.9945 0.1048
vn 0.0090 -0.9923 0.1232
vn -0.0139 -0.9922 0.1241
vn -0.0121 -0.9922 0.1242
vn -0.0106 -0.9923 0.1231
vn -0.0083 -0.9924 0.1227
vn -0.9993 0.0375 0.0024
vn -0.0528 0.9965 0.0651
vn -0.0432 0.8573 -0.5130
vn -0.0974 0.0540 -0.9938
vn 0.0464 -0.7672 -0.6398
vn 0.0570 -0.9962 -0.0651
vn -0.0570 -0.9962 -0.0651
vn -0.0464 -0.7671 -0.6398
vn 0.0528 0.9965 0.0651
vn 0.0432 0.8573 -0.5130
vn 0.0974 0.0540 -0.9938
vn 0.9993 0.0375 0.0024
vn 0.0989 0.0466 -0.9940
vn 0.9993 -0.0384 -0.0025
vn -0.0989 0.0466 -0.9940
vn -0.9993 -0.0384 -0.0025
vn 0.0014 -0.1862 0.9825
vn -0.1984 -0.3848 0.9014
vn -0.3238 -0.0058 0.9461
vn 0.0023 0.0026 1.0000
vn -0.3091 -0.4337 0.8464
vn 0.0006 -0.6283 0.7780
vn -0.3925 -0.1179 0.9121
vn 0.3250 -0.0031 0.9457
vn 0.2001 -0.3765 0.9046
vn 0.3971 -0.1505 0.9054
vn 0.3128 -0.4218 0.8510
vn 0.9997 -0.0247 -0.0008
vn 0.8264 -0.5631 0.0054
vn -0.9994 -0.0359 -0.0007
vn -0.9315 -0.3637 -0.0000
vn 0.8989 -0.4382 -0.0000
vn -0.8117 -0.5841 0.0055
vn -0.4902 -0.8716 -0.0000
vn 0.0045 -1.0000 -0.0000
vn 0.4963 -0.8682 -0.0000
vn -0.8696 -0.0640 0.4896
vn -0.3684 -0.3450 0.8633
vn -0.4629 0.1437 0.8747
vn -0.8263 0.4117 0.3843
vn -0.3654 0.3257 0.8720
vn -0.4989 0.7687 0.4004
vn -0.0451 -0.4689 0.8821
vn -0.1237 0.3998 0.9082
vn -0.2004 0.4300 0.8803
vn -0.0702 -0.4522 0.8891
vn -0.2079 0.8936 0.3979
vn -0.1254 0.8989 0.4197
vn -0.0514 0.4165 0.9077
vn -0.0554 0.9081 0.4151
vn -0.0000 0.4204 0.9073
vn -0.0175 -0.4505 0.8926
vn 0.0002 -0.4357 0.9001
vn -0.0000 0.9093 0.4162
vn 0.2768 -0.8551 0.4384
vn 0.4286 -0.9032 0.0221
vn 0.1397 -0.9901 0.0163
vn 0.0638 -0.9125 0.4040
vn 0.0671 -0.9977 0.0138
vn 0.0281 -0.9134 0.4062
vn 0.6476 -0.6072 0.4604
vn 0.7971 -0.6031 0.0291
vn 0.8329 -0.2873 0.4730
vn 0.9383 -0.3447 0.0285
vn -0.9942 -0.1054 0.0192
vn -0.6351 -0.7707 0.0522
vn -0.9087 0.4171 0.0143
vn -0.4947 0.8689 0.0144
vn -0.1649 0.9861 0.0186
vn -0.0940 0.9954 0.0178
vn -0.0443 0.9989 0.0170
vn -0.0000 0.9999 0.0170
vn -0.0312 -0.4241 0.9051
vn 0.0209 -0.2864 0.9579
vn 0.1604 -0.3547 0.9211
vn 0.5965 -0.8011 0.0491
vn 0.8696 -0.0640 0.4896
vn 0.8263 0.4117 0.3843
vn 0.4629 0.1437 0.8747
vn 0.3684 -0.3450 0.8633
vn 0.4989 0.7687 0.4004
vn 0.3654 0.3257 0.8720
vn 0.0449 -0.4690 0.8821
vn 0.0702 -0.4522 0.8891
vn 0.2004 0.4300 0.8803
vn 0.1237 0.3998 0.9082
vn 0.2079 0.8936 0.3979
vn 0.1254 0.8989 0.4197
vn 0.0554 0.9081 0.4151
vn 0.0515 0.4165 0.9077
vn 0.0175 -0.4516 0.8921
vn -0.2768 -0.8551 0.4384
vn -0.0638 -0.9125 0.4040
vn -0.1397 -0.9901 0.0163
vn -0.4286 -0.9032 0.0221
vn -0.0679 -0.9976 0.0138
vn -0.0287 -0.9133 0.4063
vn -0.7971 -0.6031 0.0291
vn -0.6476 -0.6071 0.4604
vn -0.9383 -0.3447 0.0285
vn -0.8329 -0.2873 0.4731
vn 0.6351 -0.7707 0.0522
vn 0.9942 -0.1054 0.0192
vn 0.9087 0.4171 0.0143
vn 0.4947 0.8689 0.0144
vn 0.1649 0.9861 0.0186
vn 0.0941 0.9954 0.0178
vn 0.0443 0.9989 0.0170
vn 0.0312 -0.4241 0.9051
vn -0.0209 -0.2864 0.9579
vn -0.1604 -0.3547 0.9211
vn -0.5965 -0.8011 0.0491
vn -0.7431 0.2740 -0.6105
vn -0.7741 0.0660 -0.6296
vn -0.9983 0.0584 -0.0012
vn -0.9893 0.1461 -0.0036
vn -0.3604 0.7691 -0.5278
vn -0.3183 0.9480 0.0023
vn 0.3115 0.9503 0.0024
vn 0.3794 0.7739 -0.5071
vn 0.0012 0.2231 -0.9748
vn -0.0026 0.3514 -0.9362
vn -0.7503 0.4834 -0.4510
vn -0.8834 0.4686 -0.0048
vn 0.7714 0.4709 -0.4280
vn 0.8924 0.4513 -0.0049
vn 0.9893 0.1461 -0.0036
vn 0.7627 0.2695 -0.5880
vn 0.0231 -0.9997 -0.0060
vn -0.3713 -0.7925 -0.4838
vn 0.3514 -0.8009 -0.4848
vn -0.7778 -0.5456 -0.3120
vn -0.7647 -0.6444 -0.0000
vn 0.7859 -0.5376 -0.3056
vn 0.7720 -0.6357 -0.0000
vn 0.0165 -0.2420 -0.9701
vn 0.9983 0.0584 -0.0012
vn 0.7872 0.0617 -0.6136
vn -0.3684 0.7862 -0.4961
vn -0.2840 0.9585 0.0229
vn 0.2451 0.9693 0.0201
vn 0.3011 0.8062 -0.5093
vn 0.7413 0.2742 -0.6127
vn 0.7532 0.4759 -0.4541
vn 0.8903 0.4553 -0.0050
vn 0.0098 0.3527 -0.9357
vn -0.9102 0.4142 -0.0053
vn -0.7827 0.4503 -0.4297
vn -0.7618 0.2692 -0.5893
vn 0.7713 0.0658 -0.6330
vn -0.0062 -1.0000 -0.0049
vn 0.3633 -0.7962 -0.4839
vn 0.7715 -0.5530 -0.3147
vn 0.7563 -0.6542 -0.0000
vn -0.7745 -0.6325 -0.0000
vn -0.7881 -0.5353 -0.3039
vn -0.3702 -0.7946 -0.4811
vn -0.0056 -0.2507 -0.9681
vn -0.7874 0.0648 -0.6130
vn -0.0012 0.2200 -0.9755
vn 0.2656 0.9633 -0.0380
vn 0.3287 0.7811 0.5309
vn 0.7419 0.4608 0.4870
vn 0.8871 0.4615 0.0051
vn -0.3275 0.7992 0.5041
vn -0.3129 0.9491 -0.0366
vn -0.8999 0.4360 0.0052
vn -0.7629 0.4439 0.4701
vn 0.7396 0.2315 0.6319
vn 0.9932 0.1165 0.0030
vn 0.0002 0.2941 0.9558
vn -0.9932 0.1165 0.0029
vn -0.7616 0.2272 0.6069
vn -0.7952 -0.5259 0.3019
vn -0.8239 0.0634 0.5632
vn -0.9988 0.0493 0.0010
vn -0.7845 -0.6202 -0.0000
vn 0.7689 -0.5544 0.3184
vn 0.3451 -0.8005 0.4900
vn 0.0076 -0.9999 0.0066
vn 0.7545 -0.6563 -0.0000
vn -0.3753 -0.7906 0.4838
vn 0.0043 -0.2785 0.9604
vn -0.0014 0.2281 0.9736
vn 0.9988 0.0493 0.0010
vn 0.8001 0.0620 0.5967
vn 0.3419 0.7938 0.5030
vn 0.3201 0.9464 -0.0419
vn -0.2712 0.9616 -0.0411
vn -0.3173 0.7888 0.5264
vn -0.8844 0.4667 0.0051
vn -0.7389 0.4635 0.4891
vn 0.7640 0.4428 0.4692
vn 0.9009 0.4340 0.0053
vn -0.9932 0.1165 0.0030
vn -0.7416 0.2313 0.6297
vn -0.0032 0.2941 0.9558
vn 0.9932 0.1165 0.0029
vn 0.7639 0.2268 0.6042
vn 0.0015 0.2256 0.9742
vn 0.8279 0.0635 0.5573
vn 0.0039 -0.2772 0.9608
vn 0.0031 -1.0000 0.0091
vn -0.3492 -0.8026 0.4836
vn -0.7770 -0.5479 0.3100
vn -0.7626 -0.6469 -0.0000
vn -0.8059 0.0641 0.5886
vn 0.3622 -0.7993 0.4796
vn 0.7855 -0.6188 -0.0000
vn 0.7976 -0.5252 0.2965
vn 0.1917 0.0685 0.9791
vn 0.2036 0.8430 0.4980
vn 0.0719 0.8205 0.5671
vn 0.0642 0.1307 0.9893
vn -0.1566 0.5594 -0.8140
vn -0.1690 -0.8737 0.4562
vn -0.1429 0.0746 0.9869
vn -0.1501 0.8500 0.5050
vn -0.0463 -0.0908 -0.9948
vn -0.0527 -0.8897 -0.4535
vn -0.0601 -0.8174 -0.5729
vn -0.0542 -0.1578 -0.9860
vn 0.1619 -0.8794 0.4478
vn 0.1418 0.5534 -0.8207
vn -0.0088 0.5379 -0.8429
vn -0.0018 -0.9018 0.4322
vn -0.0158 0.1318 0.9911
vn -0.0190 0.8224 0.5687
vn -0.0100 -0.9019 0.4318
vn 0.0054 -0.1587 -0.9873
vn 0.0068 -0.8180 -0.5752
vn 0.0024 -0.8896 -0.4567
vn -0.0011 -0.0908 -0.9959
vn -0.0099 0.5377 -0.8431
vn 0.7534 -0.0015 0.6576
vn 0.8571 0.3691 0.3594
vn 0.6561 0.6999 0.2824
vn 0.3804 0.2423 0.8925
vn -0.2792 0.9404 0.1940
vn -0.4764 0.5346 -0.6980
vn -0.8975 0.1430 -0.4171
vn -0.6948 0.5214 0.4954
vn -0.1189 -0.3597 -0.9255
vn 0.2525 0.1943 -0.9479
vn 0.5293 -0.0542 -0.8467
vn 0.4067 -0.5057 -0.7608
vn 0.1036 -0.4088 0.9067
vn -0.2398 -0.9025 -0.3579
vn 0.1853 -0.8878 -0.4213
vn 0.5052 -0.3879 0.7709
vn 0.1264 0.3569 0.9256
vn 0.3545 0.8963 0.2665
vn 0.3511 0.9092 0.2236
vn 0.1147 0.3614 0.9253
vn -0.2105 -0.3017 0.9299
vn -0.4369 -0.8587 -0.2677
vn -0.4508 -0.8654 -0.2187
vn -0.2104 -0.3185 0.9243
vn -0.1521 -0.3467 -0.9256
vn 0.1409 0.3551 -0.9241
vn 0.1314 0.3524 -0.9266
vn -0.1637 -0.3420 -0.9253
vn 0.4991 0.8148 0.2949
vn 0.2617 0.2998 0.9174
vn -0.3721 -0.8825 -0.2876
vn -0.0458 -0.3309 0.9426
vn 0.1830 0.3072 -0.9339
vn -0.1530 -0.3463 -0.9256
vn 0.0545 0.3836 0.9219
vn 0.2653 0.9532 0.1450
vn -0.6844 -0.0235 0.7287
vn -0.8994 -0.4084 -0.1558
vn -0.4486 -0.8621 -0.2357
vn -0.3206 -0.3289 0.8883
vn 0.1332 0.3758 -0.9171
vn -0.0933 -0.3695 -0.9245
vn 0.5039 0.7383 -0.4484
vn 0.8972 0.4348 0.0778
vn 0.8444 0.5155 0.1460
vn 0.6872 0.4344 -0.5823
vn 0.7921 0.6045 0.0845
vn 0.8879 0.1544 -0.4333
vn 0.7796 0.6258 -0.0247
vn 0.9990 0.0386 -0.0233
vn 0.7828 0.6024 -0.1559
vn 0.9398 0.2114 0.2685
vn 0.8306 0.5067 -0.2311
vn 0.7987 0.4955 0.3413
vn 0.8915 0.4284 -0.1472
vn 0.5838 0.7620 0.2804
vn 0.9076 0.4190 -0.0248
vn 0.4369 0.8991 -0.0262
vn 0.9156 0.2728 0.2956
vn 0.8513 0.5242 -0.0218
vn 0.7747 0.4832 0.4079
vn 0.6391 0.7058 0.3055
vn 0.5690 0.8221 -0.0200
vn 0.6303 0.6975 -0.3410
vn 0.7616 0.4752 -0.4405
vn 0.9051 0.2684 -0.3297
vn 0.9853 0.1699 -0.0182
vn 0.0464 0.0217 0.9987
vn -0.0792 0.3362 0.9385
vn -0.9394 0.0740 0.3348
vn -0.7671 -0.4868 0.4179
vn 0.3149 -0.2108 0.9254
vn -0.2787 -0.8938 0.3513
vn 0.9172 -0.2130 0.3368
vn 0.6710 -0.6355 0.3820
vn 0.7233 -0.6896 -0.0358
vn 0.8654 -0.4998 -0.0360
vn 0.4985 -0.4278 -0.7540
vn 0.6197 -0.3124 -0.7200
vn 0.0948 0.0696 -0.9931
vn 0.2326 0.1554 -0.9601
vn -0.2893 0.5852 -0.7575
vn -0.1233 0.6631 -0.7383
vn -0.4879 0.8721 -0.0359
vn -0.2401 0.9700 -0.0381
vn -0.4514 0.8020 0.3912
vn 0.1048 0.9220 0.3727
vn -0.4036 -0.2377 0.8835
vn -0.6122 0.4560 0.6459
vn -0.5259 0.3497 0.7753
vn -0.1437 -0.1058 0.9840
vn 0.2647 -0.6689 0.6946
vn 0.2066 -0.5975 0.7748
vn 0.5254 -0.8505 -0.0237
vn 0.4074 -0.9130 0.0198
vn 0.2906 -0.5754 -0.7645
vn 0.1681 -0.6610 -0.7313
vn -0.1122 -0.0646 -0.9916
vn -0.2227 -0.1616 -0.9614
vn -0.4941 0.4437 -0.7477
vn -0.5992 0.3358 -0.7268
vn -0.6898 0.7235 -0.0246
vn -0.7799 0.6257 0.0154
vn 0.8517 0.5223 -0.0421
vn 0.8393 0.5101 0.1880
vn 0.4933 0.8698 -0.0061
vn -0.5770 0.8071 0.1254
vn -0.9612 0.1321 0.2423
vn -0.8451 -0.5175 0.1339
vn 0.9944 0.1059 -0.0027
vn -0.2326 -0.9318 0.2786
vn 0.6594 -0.7405 0.1300
vn 0.8516 0.5239 0.0175
vn 0.9919 0.1257 0.0195
vn 0.6364 -0.7708 0.0275
vn -0.3745 -0.9271 0.0139
vn -0.8522 -0.5230 -0.0125
vn -0.9994 0.0331 0.0062
vn 0.5094 0.8603 0.0173
vn -0.6117 0.7909 0.0166
vn 0.5689 0.3422 0.7478
vn 0.3595 0.5883 0.7243
vn 0.7140 0.0714 0.6965
vn 0.5290 -0.8378 0.1351
vn -0.8350 -0.5253 -0.1639
vn -0.5778 -0.3484 -0.7380
vn -0.0242 -0.8926 -0.4502
vn -0.4040 -0.8756 -0.2648
vn -0.9675 -0.0371 -0.2502
vn -0.8689 0.2687 -0.4158
vn -0.6855 0.7196 0.1107
vn 0.7508 0.4607 0.4734
vn 0.5145 0.7363 0.4395
vn 0.8897 0.1662 0.4253
vn 0.6486 -0.7544 0.1004
vn -0.7717 -0.4723 -0.4259
vn -0.2222 -0.9410 -0.2550
vn -0.9626 0.1455 -0.2286
vn -0.5909 0.8026 0.0810
vn -0.5039 0.7383 -0.4484
vn -0.6872 0.4344 -0.5823
vn -0.8444 0.5155 0.1460
vn -0.8972 0.4348 0.0778
vn -0.8879 0.1544 -0.4333
vn -0.7921 0.6045 0.0845
vn -0.9990 0.0386 -0.0233
vn -0.7796 0.6258 -0.0252
vn -0.9398 0.2114 0.2685
vn -0.7828 0.6024 -0.1559
vn -0.7987 0.4955 0.3413
vn -0.8306 0.5067 -0.2311
vn -0.5838 0.7620 0.2804
vn -0.8915 0.4284 -0.1472
vn -0.4369 0.8991 -0.0262
vn -0.9076 0.4190 -0.0248
vn -0.9156 0.2727 0.2956
vn -0.7747 0.4832 0.4079
vn -0.8513 0.5242 -0.0218
vn -0.6391 0.7058 0.3055
vn -0.5690 0.8221 -0.0200
vn -0.6303 0.6975 -0.3410
vn -0.7616 0.4752 -0.4405
vn -0.9051 0.2684 -0.3297
vn -0.9853 0.1699 -0.0178
vn -0.0464 0.0217 0.9987
vn 0.7671 -0.4868 0.4179
vn 0.9394 0.0740 0.3348
vn 0.0792 0.3362 0.9385
vn -0.3149 -0.2108 0.9254
vn 0.2787 -0.8938 0.3513
vn -0.9172 -0.2130 0.3368
vn -0.8654 -0.4998 -0.0360
vn -0.7233 -0.6896 -0.0358
vn -0.6710 -0.6355 0.3820
vn -0.6197 -0.3124 -0.7200
vn -0.4985 -0.4279 -0.7540
vn -0.2326 0.1554 -0.9601
vn -0.0948 0.0696 -0.9931
vn 0.1233 0.6631 -0.7383
vn 0.2893 0.5852 -0.7575
vn 0.2401 0.9700 -0.0381
vn 0.4879 0.8721 -0.0359
vn -0.1048 0.9220 0.3727
vn 0.4514 0.8020 0.3912
vn 0.4036 -0.2377 0.8835
vn 0.1437 -0.1057 0.9840
vn 0.5259 0.3497 0.7753
vn 0.6122 0.4560 0.6459
vn -0.2647 -0.6689 0.6946
vn -0.2067 -0.5975 0.7748
vn -0.5254 -0.8505 -0.0237
vn -0.4074 -0.9130 0.0198
vn -0.2906 -0.5754 -0.7645
vn -0.1681 -0.6610 -0.7313
vn 0.1122 -0.0646 -0.9916
vn 0.2228 -0.1616 -0.9614
vn 0.4941 0.4437 -0.7476
vn 0.5992 0.3358 -0.7268
vn 0.6898 0.7235 -0.0246
vn 0.7799 0.6257 0.0154
vn -0.8517 0.5223 -0.0421
vn -0.4933 0.8698 -0.0061
vn -0.8393 0.5101 0.1880
vn 0.5769 0.8071 0.1255
vn 0.9612 0.1321 0.2423
vn 0.8451 -0.5175 0.1339
vn -0.9944 0.1059 -0.0027
vn 0.2326 -0.9318 0.2786
vn -0.6594 -0.7405 0.1300
vn -0.9919 0.1257 0.0195
vn -0.8516 0.5239 0.0175
vn -0.6364 -0.7708 0.0275
vn 0.8522 -0.5230 -0.0125
vn 0.3745 -0.9271 0.0139
vn 0.9994 0.0331 0.0062
vn -0.5094 0.8603 0.0173
vn 0.6117 0.7909 0.0166
vn -0.3595 0.5883 0.7243
vn -0.5689 0.3422 0.7478
vn -0.7140 0.0714 0.6965
vn -0.5290 -0.8378 0.1351
vn 0.8350 -0.5252 -0.1639
vn 0.4040 -0.8756 -0.2648
vn 0.0242 -0.8926 -0.4502
vn 0.5778 -0.3484 -0.7380
vn 0.9675 -0.0371 -0.2502
vn 0.8689 0.2687 -0.4158
vn 0.6855 0.7196 0.1107
vn -0.5145 0.7363 0.4395
vn -0.7508 0.4607 0.4734
vn -0.8897 0.1662 0.4252
vn -0.6486 -0.7544 0.1004
vn 0.2222 -0.9411 -0.2550
vn 0.7717 -0.4723 -0.4259
vn 0.9626 0.1455 -0.2286
vn 0.5909 0.8026 0.0810
vn -0.6483 -0.6668 0.3677
vn -0.0000 -0.8299 0.5579
vn -0.0054 -0.4144 0.9101
vn -0.6833 -0.4204 0.5970
vn -0.6410 -0.7675 0.0079
vn -0.0000 -0.9995 0.0301
vn -0.0426 -0.6849 0.7274
vn -0.1708 -0.9785 0.1156
vn -0.0639 -0.9976 0.0255
vn -0.0243 -0.9996 -0.0123
vn -0.3715 -0.9284 0.0016
vn 0.6483 -0.6668 0.3677
vn 0.6833 -0.4204 0.5970
vn 0.0054 -0.4144 0.9101
vn 0.6410 -0.7675 0.0079
vn 0.6142 -0.6967 -0.3706
vn 0.1708 -0.9785 0.1156
vn 0.0426 -0.6849 0.7274
vn 0.0243 -0.9996 -0.0123
vn 0.0639 -0.9976 0.0255
vn 0.3715 -0.9284 0.0016
vn -0.0000 -1.0000 0.0069
vn -0.0024 -0.9994 -0.0332
vn -0.0000 -1.0000 0.0025
vn -0.0014 -0.9995 -0.0302
vn -0.0000 -0.9995 -0.0302
vn 0.0024 -0.9994 -0.0332
vn 0.0014 -0.9995 -0.0302
vn -0.8305 0.5235 -0.1904
vn -0.8005 0.4637 -0.3797
vn -0.8219 0.5051 -0.2634
vn -0.9842 0.1037 -0.1433
vn 0.8286 0.0006 -0.5598
vn 0.3793 0.0415 -0.9243
vn -0.0000 -0.1367 -0.9906
vn 0.7797 -0.0595 -0.6233
vn -0.9650 -0.0094 -0.2623
vn -0.9760 0.1118 -0.1868
vn -0.9715 0.0296 -0.2353
vn -0.9420 0.2038 -0.2666
vn -0.7929 -0.0613 -0.6063
vn 0.4524 0.2443 -0.8577
vn 0.7620 0.0556 -0.6452
vn 0.1335 0.7816 -0.6093
vn 0.1066 0.1413 -0.9842
vn 0.0593 0.3960 -0.9163
vn 0.7725 -0.0343 -0.6341
vn -0.8116 -0.0269 -0.5836
vn 0.9842 0.1037 -0.1433
vn 0.9919 -0.0146 -0.1262
vn -0.3771 0.0416 -0.9252
vn -0.8297 -0.0086 -0.5582
vn -0.7485 -0.0575 -0.6606
vn -0.7700 -0.0734 -0.6339
vn -0.7703 0.0462 -0.6360
vn 0.9715 0.0239 -0.2360
vn 0.9760 0.1118 -0.1869
vn 0.9876 -0.0073 -0.1566
vn 0.9646 -0.0121 -0.2635
vn 0.9431 0.1996 -0.2658
vn 0.7756 -0.0471 -0.6295
vn 0.7766 -0.0694 -0.6261
vn -0.5820 0.5265 -0.6197
vn -0.6754 0.1951 -0.7111
vn -0.4538 0.2428 -0.8574
vn -0.4142 0.8151 -0.4050
vn -0.0986 0.0511 -0.9938
vn -0.1336 0.7816 -0.6093
vn -0.1066 0.1413 -0.9842
vn -0.0593 0.3960 -0.9163
vn 0.7001 -0.5436 -0.4629
vn -0.0000 -0.7970 -0.6039
vn -0.0000 -0.7023 -0.7119
vn 0.5306 -0.6041 -0.5946
vn -0.7001 0.6800 0.2178
vn 0.0001 0.9334 0.3588
vn -0.0000 0.9712 0.2384
vn -0.6709 0.7351 0.0977
vn 0.7002 0.6800 0.2178
vn 0.6709 0.7350 0.0977
vn 0.9901 0.0682 -0.1226
vn 0.9583 0.2806 -0.0539
vn -0.0000 0.8739 0.4862
vn 0.7037 0.6209 0.3454
vn 0.6674 0.7440 -0.0329
vn -0.7037 0.6208 0.3454
vn -0.6674 0.7440 -0.0329
vn 0.3144 -0.8640 0.3932
vn 0.5023 -0.2702 0.8214
vn 0.5492 -0.4774 -0.6859
vn -0.0000 -0.6311 -0.7757
vn -0.0000 -0.0801 -0.9968
vn 0.3302 0.0086 -0.9439
vn -0.9223 0.2805 -0.2657
vn -0.3922 0.7473 -0.5365
vn -0.5533 0.4643 -0.6916
vn -0.0000 0.8892 -0.4575
vn 0.3922 0.7472 -0.5365
vn 0.9227 0.2776 -0.2675
vn 0.5534 0.4626 -0.6927
vn 0.8523 -0.1209 -0.5088
vn 0.4922 0.2332 -0.8386
vn 0.4798 -0.1341 0.8671
vn 0.2899 -0.8601 0.4198
vn 0.2358 -0.8182 0.5243
vn 0.3755 -0.1955 0.9060
vn -0.2545 0.9623 -0.0965
vn -0.0817 0.9920 -0.0965
vn -0.0000 0.7567 -0.6538
vn -0.2049 0.7007 -0.6834
vn -0.3319 0.0100 -0.9433
vn 0.2059 0.6998 -0.6840
vn -0.4920 0.2334 -0.8387
vn 0.4251 0.5855 -0.6903
vn 0.2428 0.2444 -0.9388
vn 0.3431 0.4185 -0.8410
vn -0.0000 0.1565 -0.9877
vn -0.2428 0.2444 -0.9388
vn -0.3431 0.4196 -0.8404
vn -0.4247 0.5855 -0.6905
vn -0.2608 0.7507 -0.6069
vn -0.0000 0.8697 -0.4935
vn -0.0000 0.4862 -0.8739
vn 0.2633 0.7505 -0.6061
vn 0.2490 0.5583 -0.7914
vn 0.4534 0.3807 -0.8059
vn 0.3678 0.0939 -0.9252
vn -0.0000 -0.0392 -0.9992
vn -0.3677 0.0939 -0.9252
vn -0.4552 0.3816 -0.8044
vn -0.2491 0.5584 -0.7913
vn 0.6879 -0.7137 -0.1321
vn -0.0000 -0.9627 -0.2707
vn -0.7001 -0.5436 -0.4629
vn -0.6879 -0.7137 -0.1321
vn -0.9901 0.0682 -0.1226
vn -0.9728 -0.1126 0.2023
vn -0.6879 0.4886 0.5367
vn -0.0000 0.7376 0.6753
vn 0.6879 0.4886 0.5367
vn 0.9728 -0.1125 0.2023
vn 0.6646 -0.7468 -0.0247
vn -0.0000 -0.9874 -0.1586
vn -0.6646 -0.7468 -0.0247
vn -0.9399 -0.1660 0.2984
vn -0.6646 0.4148 0.6215
vn 0.0001 0.6554 0.7553
vn 0.6646 0.4148 0.6215
vn 0.9399 -0.1659 0.2984
vn 0.7071 -0.6179 -0.3438
vn -0.0000 -0.8739 -0.4862
vn -0.7071 -0.6179 -0.3438
vn -1.0000 -0.0000 -0.0000
vn -0.7071 0.6179 0.3438
vn 0.7071 0.6179 0.3438
vn 1.0000 -0.0000 -0.0000
vn -0.5323 -0.5988 -0.5984
vn -0.9580 0.2789 -0.0661
vn -0.9067 0.3917 0.1564
vn -0.5522 -0.4753 -0.6850
vn -0.3970 -0.7869 -0.4724
vn 0.0787 0.4859 -0.8705
vn -0.8523 -0.1208 -0.5090
vn -0.3209 -0.8576 0.4018
vn -0.5021 -0.2713 0.8211
vn -0.4762 -0.1323 0.8693
vn -0.2886 -0.8572 0.4265
vn 0.0494 0.9929 -0.1083
vn 0.0791 0.9927 -0.0907
vn 0.3857 -0.3662 -0.8468
vn 0.3582 0.5960 -0.7187
vn 0.3367 -0.4413 -0.8318
vn 0.2574 0.9625 -0.0863
vn -0.3713 -0.1909 0.9087
vn -0.2312 -0.8206 0.5227
vn 0.5162 -0.3482 -0.7825
vn 0.3923 0.5574 -0.7318
vn 0.3959 -0.7883 -0.4711
vn 0.9058 0.3948 0.1538
vn -0.0775 0.4896 -0.8685
vn -0.3313 -0.4547 -0.8268
vn -0.0505 0.9925 -0.1116
vn -0.3567 0.6021 -0.7143
vn -0.3911 0.5575 -0.7323
vn -0.5118 -0.3593 -0.7803
vn -0.3807 -0.3837 -0.8414
vn -0.9239 0.3344 0.1860
vn -0.6248 0.5843 -0.5179
vn -0.4782 0.7760 -0.4113
vn -0.3827 0.8074 0.4491
vn -0.2588 0.9041 -0.3400
vn -0.0000 0.9491 -0.3150
vn 0.3827 0.8074 0.4492
vn 0.2588 0.9041 -0.3400
vn 0.4782 0.7760 -0.4113
vn 0.9239 0.3344 0.1860
vn 0.6248 0.5843 -0.5179
vn 0.6763 0.3581 -0.6437
vn 0.9239 -0.3344 -0.1860
vn 0.6248 0.1320 -0.7696
vn 0.4782 -0.0597 -0.8762
vn 0.3827 -0.8074 -0.4491
vn 0.2588 -0.1879 -0.9475
vn -0.0000 -0.2329 -0.9725
vn -0.3827 -0.8074 -0.4491
vn -0.2588 -0.1879 -0.9475
vn -0.4782 -0.0598 -0.8762
vn -0.9239 -0.3344 -0.1860
vn -0.6248 0.1320 -0.7696
vn -0.6763 0.3581 -0.6437
vn 0.0564 0.4648 -0.8836
vn 0.0432 0.4475 -0.8932
vn 0.0234 0.4359 -0.8997
vn -0.0000 0.4319 -0.9019
vn -0.0234 0.4359 -0.8997
vn -0.0432 0.4475 -0.8932
vn -0.0564 0.4648 -0.8836
vn -0.0611 0.4853 -0.8722
vn -0.0564 0.5057 -0.8609
vn -0.0432 0.5230 -0.8512
vn -0.0234 0.5346 -0.8448
vn 0.0234 0.5346 -0.8448
vn 0.0432 0.5230 -0.8512
vn 0.0564 0.5057 -0.8609
vn 0.0611 0.4852 -0.8722
vn 0.6813 0.0817 -0.7274
vn 0.5215 -0.1274 -0.8437
vn 0.2822 -0.2671 -0.9214
vn -0.0000 -0.3161 -0.9487
vn -0.2822 -0.2671 -0.9214
vn -0.5215 -0.1274 -0.8437
vn -0.6813 0.0817 -0.7274
vn -0.7375 0.3283 -0.5902
vn -0.6813 0.5750 -0.4530
vn -0.5215 0.7840 -0.3367
vn -0.2822 0.9237 -0.2590
vn -0.0000 0.9728 -0.2317
vn 0.2822 0.9237 -0.2589
vn 0.5215 0.7840 -0.3367
vn 0.6813 0.5750 -0.4530
vn 0.7375 0.3283 -0.5902
vn 0.3827 -0.8074 -0.4492
vn 0.3827 0.8074 0.4491
vn 0.6813 -0.5750 0.4530
vn 0.5215 -0.7840 0.3367
vn 0.2822 -0.9237 0.2590
vn -0.0000 -0.9728 0.2317
vn -0.2822 -0.9237 0.2589
vn -0.5215 -0.7840 0.3367
vn -0.6813 -0.5750 0.4530
vn -0.7375 -0.3283 0.5902
vn -0.6813 -0.0817 0.7274
vn -0.5215 0.1274 0.8437
vn -0.2822 0.2671 0.9214
vn -0.0000 0.3161 0.9487
vn 0.2822 0.2671 0.9214
vn 0.5215 0.1274 0.8437
vn 0.6813 -0.0817 0.7274
vn 0.7375 -0.3283 0.5902
vn 0.0564 -0.5057 0.8609
vn 0.0432 -0.5230 0.8512
vn 0.0234 -0.5346 0.8448
vn -0.0000 -0.5386 0.8426
vn -0.0234 -0.5346 0.8448
vn -0.0432 -0.5230 0.8512
vn -0.0564 -0.5057 0.8609
vn -0.0611 -0.4852 0.8722
vn -0.0564 -0.4648 0.8836
vn -0.0432 -0.4475 0.8932
vn -0.0234 -0.4359 0.8997
vn -0.0000 -0.4319 0.9019
vn 0.0234 -0.4359 0.8997
vn 0.0432 -0.4475 0.8932
vn 0.0564 -0.4648 0.8836
vn 0.0611 -0.4852 0.8722
vn -0.6248 -0.1320 0.7696
vn -0.4782 0.0598 0.8762
vn -0.2588 0.1879 0.9475
vn -0.0000 0.2328 0.9725
vn 0.2588 0.1879 0.9475
vn 0.4782 0.0598 0.8762
vn 0.6248 -0.1320 0.7696
vn 0.6763 -0.3581 0.6437
vn 0.6248 -0.5843 0.5179
vn 0.4782 -0.7760 0.4113
vn 0.2588 -0.9041 0.3400
vn -0.0000 -0.9491 0.3150
vn -0.2588 -0.9041 0.3400
vn -0.4782 -0.7760 0.4113
vn -0.6248 -0.5843 0.5180
vn -0.6763 -0.3581 0.6437
vn -0.1105 0.9935 -0.0276
vn -0.1691 0.9855 -0.0138
vn 0.3044 0.9524 -0.0126
vn 0.4748 0.8798 -0.0218
vn 0.4797 0.8767 -0.0350
vn -0.0711 0.9965 -0.0447
vn 0.4983 0.8656 -0.0499
vn -0.0771 0.9952 -0.0599
vn 0.9982 0.0603 0.0058
vn 0.9993 0.0358 0.0043
vn 0.9990 0.0452 0.0046
vn 1.0000 0.0020 0.0048
vn 1.0000 0.0005 0.0046
vn 1.0000 -0.0010 0.0066
vn 0.1007 -0.0000 0.9949
vn -0.1007 -0.0000 0.9949
vn 0.1007 -0.0000 -0.9949
vn -0.1007 -0.0001 -0.9949
vn -0.1007 -0.0000 -0.9949
vn 0.1007 -0.0001 -0.9949
vn -0.9933 -0.0000 0.1158
vn -0.9933 -0.0000 -0.1158
vn -0.9933 -0.0001 0.1158
vn 0.9933 -0.0000 -0.1158
vn 0.9933 -0.0000 0.1158
vn 0.9933 0.0001 -0.1158
vn 0.1007 0.0001 -0.9949
vn 0.9933 0.0001 0.1158
vn -0.9933 0.0001 -0.1158
vn -0.0000 1.0000 -0.0000
vn -0.2336 0.5449 0.8053
vn 0.2336 0.5449 0.8053
vn 0.1518 0.9873 0.0467
vn -0.1518 0.9873 0.0468
vn 0.2504 0.7082 -0.6602
vn -0.2505 0.7081 -0.6602
vn -0.1473 0.0926 -0.9848
vn 0.1473 0.0926 -0.9848
vn 0.1911 -0.5500 -0.8130
vn -0.1911 -0.5500 -0.8130
vn 0.9924 0.0687 0.1016
vn -0.9924 0.0687 0.1016
vn -0.9841 -0.0994 -0.1470
vn -0.2866 0.6451 -0.7083
vn 0.2866 0.6451 -0.7083
vn 0.9841 -0.0994 -0.1469
vn -0.3532 0.5243 0.7749
vn 0.3532 0.5243 0.7749
vn 0.2549 0.9609 0.1085
vn -0.2549 0.9609 0.1085
vn 0.3957 0.6905 -0.6055
vn -0.3956 0.6905 -0.6055
vn -0.2807 0.1143 -0.9530
vn 0.2807 0.1143 -0.9530
vn 0.3740 -0.5197 -0.7681
vn -0.3740 -0.5197 -0.7681
vn -0.9856 -0.0947 -0.1399
vn -0.4470 0.5879 -0.6742
vn 0.4470 0.5879 -0.6742
vn 0.9856 -0.0947 -0.1399
vn -0.4299 0.5059 0.7478
vn 0.4299 0.5059 0.7478
vn 0.2712 0.9606 -0.0601
vn -0.2713 0.9606 -0.0601
vn 0.3799 0.7014 -0.6030
vn -0.3799 0.7015 -0.6030
vn -0.2574 0.1374 -0.9565
vn 0.2574 0.1374 -0.9565
vn 0.3585 -0.5231 -0.7732
vn -0.3585 -0.5231 -0.7732
vn 0.9890 0.0830 0.1227
vn -0.9890 0.0830 0.1227
vn -0.9773 -0.1187 -0.1754
vn -0.4165 0.5903 -0.6914
vn 0.4165 0.5903 -0.6914
vn 0.9773 -0.1187 -0.1754
vn 0.3934 0.9179 0.0521
vn 0.3198 0.7501 -0.5788
vn -0.0001 0.7836 -0.6213
vn -0.0001 0.9982 0.0593
vn 0.4234 0.4199 -0.8027
vn 0.2634 -0.1402 -0.9544
vn 0.0005 -0.4058 -0.9140
vn -0.0000 0.5603 -0.8283
vn 0.3094 0.7207 0.6203
vn -0.0001 0.7446 0.6675
vn -0.2948 0.7239 0.6237
vn -0.3765 0.9249 0.0525
vn -0.3048 0.7538 -0.5821
vn -0.9828 -0.1652 -0.0821
vn -0.4050 0.4282 -0.8078
vn -0.4362 -0.8399 -0.3229
vn -0.2511 -0.1430 -0.9574
vn 0.4542 -0.8310 -0.3212
vn -0.0001 -0.9456 -0.3253
vn 0.9828 -0.1652 -0.0821
vn -0.9999 0.0102 -0.0035
vn -0.3716 0.3497 0.8600
vn 0.3879 0.3475 0.8537
vn 0.2459 0.4145 0.8762
vn 0.9775 0.2109 -0.0054
vn 0.9999 0.0102 -0.0035
vn -0.0002 0.3833 0.9236
vn -0.9775 0.2109 -0.0054
vn -0.2445 0.4130 0.8773
vn 0.2189 0.1141 0.9691
vn 0.2137 0.2146 0.9530
vn -0.2137 0.2146 0.9530
vn -0.2189 0.1142 0.9690
vn 0.1476 -0.2985 0.9429
vn -0.1476 -0.2985 0.9429
vn -0.3366 -0.9416 -0.0000
vn 0.3366 -0.9416 -0.0000
vn 0.9748 -0.2232 -0.0000
vn -0.9748 -0.2232 -0.0000
vn 0.9876 0.1571 -0.0000
vn -0.9876 0.1571 -0.0000
vn -0.3973 0.7020 0.5911
vn -0.6650 0.5452 0.5104
vn -0.6542 0.3721 0.6584
vn -0.3687 0.5384 0.7578
vn -0.1743 0.7675 0.6168
vn -0.1595 0.6076 0.7781
vn 0.0002 0.7834 0.6215
vn -0.0000 0.6243 0.7812
vn 0.1760 0.7671 0.6169
vn 0.1607 0.6070 0.7782
vn 0.4069 0.6997 0.5872
vn 0.3780 0.5342 0.7561
vn 0.6723 0.5408 0.5056
vn 0.6613 0.3668 0.6543
vn 0.0009 0.4663 -0.8846
vn -0.0111 0.4926 -0.8702
vn -0.0004 0.4613 -0.8872
vn 0.9798 -0.1819 -0.0830
vn 0.9599 -0.2804 -0.0030
vn -0.9797 -0.1823 -0.0830
vn -0.9599 -0.2804 -0.0031
vn 0.0642 0.4907 -0.8690
vn 0.1480 0.3813 -0.9125
vn -0.0640 0.4923 -0.8680
vn -0.1454 0.3821 -0.9126
vn -0.0656 0.4180 -0.9061
vn -0.0632 0.5537 -0.8303
vn -0.0010 0.5700 -0.8216
vn -0.0186 0.2179 -0.9758
vn -0.0866 0.4698 -0.8785
vn 0.0511 0.5590 -0.8276
vn -0.1117 0.6040 -0.7891
vn 0.0947 0.4702 -0.8775
vn 0.1236 0.6013 -0.7894
vn 0.0286 0.3641 -0.9309
vn 0.0442 0.4073 -0.9122
vn -0.0011 0.4679 -0.8838
vn 0.0110 0.4909 -0.8712
vn -0.0122 0.3561 -0.9344
vn 0.0028 0.3576 -0.9339
vn 0.0128 0.3535 -0.9353
vn -0.0429 0.4101 -0.9110
vn -0.0282 0.3670 -0.9298
vn -0.0022 0.5717 -0.8204
vn -0.0000 -0.2622 -0.9650
vn 0.3637 -0.2083 -0.9079
vn 0.4974 -0.7076 -0.5018
vn -0.0000 -0.8157 -0.5785
vn -0.3597 -0.2090 -0.9094
vn -0.4921 -0.7101 -0.5036
vn 0.9482 -0.2954 -0.1168
vn 0.9347 -0.3472 -0.0761
vn 0.0595 0.4206 -0.9053
vn 0.5318 -0.3490 -0.7716
vn 0.0506 -0.5452 -0.8368
vn 0.0198 0.2246 -0.9743
vn 0.7504 0.0033 -0.6610
vn 0.9213 -0.3172 -0.2250
vn -0.9213 -0.3172 -0.2250
vn -0.7477 0.0059 -0.6641
vn -0.0000 0.4241 -0.9056
vn 0.9536 -0.2507 -0.1666
vn -0.9483 -0.2964 -0.1131
vn -0.9345 -0.3479 -0.0759
vn -0.0468 -0.5457 -0.8367
vn -0.5246 -0.3486 -0.7767
vn -0.9537 -0.2499 -0.1671
vn -0.1363 0.9513 0.2765
vn -0.1916 0.9642 0.1831
vn -0.0499 0.9536 0.2968
vn -0.0238 0.9202 0.3908
vn -0.0000 0.7624 0.6471
vn -0.0000 0.9225 0.3860
vn -0.0000 0.2499 0.9683
vn -0.0000 0.9248 0.3805
vn -0.0243 0.9611 -0.2750
vn -0.1821 0.9792 -0.0894
vn -0.0000 0.8516 -0.5241
vn -0.0418 0.9396 0.3397
vn -0.1856 0.8760 0.4452
vn -0.0075 0.9902 0.1395
vn -0.0000 0.9965 0.0840
vn -0.2753 0.9613 0.0088
vn -0.2177 0.9728 0.0786
vn -0.4194 0.9074 0.0265
vn -0.4732 0.8541 0.2157
vn -0.0141 0.8461 -0.5328
vn -0.4300 0.8846 -0.1808
vn -0.3664 0.8390 0.4023
vn -0.0000 0.9532 -0.3023
vn -0.0000 0.2358 0.9718
vn 0.1916 0.9642 0.1831
vn 0.1363 0.9513 0.2765
vn 0.0499 0.9536 0.2968
vn 0.0238 0.9202 0.3908
vn 0.0243 0.9612 -0.2749
vn 0.1821 0.9792 -0.0894
vn 0.0418 0.9396 0.3397
vn 0.1856 0.8760 0.4452
vn 0.0076 0.9902 0.1395
vn 0.2753 0.9613 0.0088
vn 0.2177 0.9728 0.0786
vn 0.4194 0.9074 0.0265
vn 0.4732 0.8541 0.2157
vn 0.0141 0.8461 -0.5328
vn 0.4300 0.8846 -0.1808
vn 0.3664 0.8390 0.4023
vn 0.0039 -0.9033 -0.4289
vn -0.0004 -0.9103 -0.4140
vn 0.0020 -0.9885 -0.1512
vn 0.0020 -0.9884 -0.1516
vn 0.0065 -0.8957 -0.4445
vn 0.0050 -0.8998 -0.4362
vn 0.0020 -0.9891 -0.1471
vn 0.0021 -0.9899 -0.1420
vn 0.0027 -0.1221 -0.9925
vn -0.0039 -0.1330 -0.9911
vn 0.0045 -0.0962 -0.9953
vn 0.0038 -0.1085 -0.9941
vn -0.0017 0.2310 -0.9729
vn -0.0009 0.2080 -0.9781
vn -0.0935 -0.9956 0.0002
vn -0.0948 -0.9955 0.0009
vn -0.0000 -1.0000 0.0007
vn -0.0000 -1.0000 0.0002
vn -0.0375 -0.3941 -0.9183
vn -0.0000 -0.3606 -0.9327
vn -0.0069 0.2645 -0.9644
vn -0.0027 0.2517 -0.9678
vn -0.0135 0.5355 -0.8444
vn -0.0135 0.5455 -0.8380
vn -0.1143 0.9860 -0.1217
vn -0.0839 0.9900 -0.1133
vn -0.1188 0.9925 -0.0288
vn -0.0858 0.9959 -0.0284
vn -0.0015 -0.0024 -1.0000
vn -0.0000 -0.0028 -1.0000
vn -0.6904 -0.7233 -0.0145
vn -0.6823 -0.7310 -0.0108
vn -0.1853 -0.9170 -0.3534
vn -0.1791 -0.9739 -0.1395
vn -0.1469 -0.1491 -0.9778
vn -0.0178 -0.0871 -0.9960
vn -0.0107 0.5536 -0.8327
vn -0.0122 0.5519 -0.8338
vn -0.0000 0.5299 -0.8481
vn -0.0135 0.5035 -0.8639
vn -0.1429 0.9889 -0.0409
vn 0.0001 1.0000 -0.0026
vn -0.0000 0.2268 -0.9739
vn -0.0959 0.8824 -0.4606
vn -0.1305 0.9789 -0.1570
vn -0.1414 0.9895 -0.0304
vn -0.0111 0.2796 -0.9601
vn -0.0140 0.5224 -0.8526
vn -0.0065 0.2635 -0.9646
vn -0.0127 0.5042 -0.8635
vn -0.0049 -0.9033 -0.4289
vn -0.0020 -0.9884 -0.1516
vn -0.0020 -0.9885 -0.1513
vn -0.0010 -0.9103 -0.4140
vn -0.0065 -0.8957 -0.4445
vn -0.0021 -0.9899 -0.1420
vn -0.0020 -0.9891 -0.1471
vn -0.0052 -0.8998 -0.4362
vn 0.0039 -0.1330 -0.9911
vn -0.0027 -0.1221 -0.9925
vn -0.0038 -0.1085 -0.9941
vn -0.0045 -0.0962 -0.9953
vn 0.0014 0.2310 -0.9729
vn 0.0016 0.2080 -0.9781
vn 0.0935 -0.9956 0.0010
vn 0.0948 -0.9955 0.0005
vn 0.0375 -0.3940 -0.9183
vn 0.0069 0.2645 -0.9644
vn 0.0027 0.2517 -0.9678
vn 0.0135 0.5355 -0.8444
vn 0.0135 0.5455 -0.8380
vn 0.0015 -0.0025 -1.0000
vn 0.6904 -0.7233 -0.0145
vn 0.6823 -0.7310 -0.0108
vn 0.1853 -0.9169 -0.3534
vn 0.1791 -0.9739 -0.1395
vn 0.1470 -0.1490 -0.9778
vn 0.0178 -0.0871 -0.9960
vn 0.0107 0.5536 -0.8327
vn 0.0122 0.5519 -0.8338
vn 0.0135 0.5035 -0.8639
vn 0.0959 0.8824 -0.4606
vn 0.1305 0.9789 -0.1570
vn 0.1415 0.9895 -0.0304
vn 0.1142 0.9860 -0.1217
vn 0.1188 0.9925 -0.0288
vn 0.0109 0.2796 -0.9601
vn 0.0140 0.5224 -0.8526
vn 0.0065 0.2635 -0.9646
vn 0.0127 0.5042 -0.8635
vn 0.0839 0.9900 -0.1133
vn 0.0858 0.9959 -0.0284
vn 0.0551 0.9980 -0.0308
vn 0.0547 0.9902 -0.1282
vn 0.0562 0.9980 0.0279
vn 0.0381 0.9992 -0.0097
vn 0.0739 0.9973 0.0012
vn -0.0000 0.9938 0.1107
vn -0.0000 1.0000 0.0015
vn 0.1429 0.9889 -0.0409
vn 0.0678 0.9885 -0.1350
vn -0.0550 0.9980 -0.0308
vn -0.0548 0.9902 -0.1282
vn -0.0562 0.9980 0.0279
vn -0.0381 0.9992 -0.0097
vn -0.0739 0.9973 0.0012
vn -0.0678 0.9885 -0.1350
vn 0.0010 0.9984 -0.0562
vn 0.0011 0.9502 -0.3116
vn -0.0405 0.9447 -0.3255
vn -0.0553 0.9970 -0.0533
vn -0.0904 0.9945 -0.0535
vn -0.0502 0.9335 -0.3549
vn -0.0661 0.9181 -0.3909
vn -0.1386 0.9886 -0.0589
vn -0.0664 0.9116 -0.4057
vn -0.1824 0.9821 -0.0464
vn -0.1673 0.9855 -0.0294
vn -0.1513 0.9882 -0.0242
vn 0.2058 0.8418 -0.4990
vn 0.0009 0.9977 -0.0678
vn -0.0259 0.9942 -0.1040
vn 0.6897 0.4761 -0.5455
vn 0.2971 -0.0000 -0.9548
vn 0.7165 -0.0000 -0.6976
vn 0.9163 -0.0000 -0.4004
vn 0.1569 -0.0000 -0.9876
vn 0.0389 -0.0000 -0.9992
vn 0.1081 -0.0000 -0.9941
vn 0.2225 0.9582 -0.1797
vn -0.3292 0.9437 -0.0315
vn 0.1478 0.8969 -0.4169
vn 0.7279 0.3748 -0.5742
vn -0.0029 0.1256 -0.9921
vn 0.7280 0.3747 -0.5742
vn 0.4931 0.1218 -0.8614
vn 0.3929 -0.0006 -0.9196
vn 0.0036 -0.0007 -1.0000
vn 0.7722 0.3026 -0.5587
vn 0.9469 -0.0000 -0.3215
vn 0.0622 0.9962 -0.0609
vn 0.0354 0.9497 -0.3112
vn 0.0932 0.9938 -0.0611
vn 0.1359 0.9889 -0.0607
vn 0.0641 0.9172 -0.3933
vn 0.0504 0.9226 -0.3823
vn 0.0605 0.9069 -0.4170
vn 0.1794 0.9825 -0.0508
vn 0.1753 0.9841 -0.0298
vn 0.1423 0.9895 -0.0247
vn -0.2193 0.8289 -0.5147
vn -0.0294 0.9972 -0.0692
vn 0.0239 0.9940 -0.1071
vn -0.6897 0.4761 -0.5455
vn -0.7165 -0.0000 -0.6976
vn -0.2971 -0.0000 -0.9548
vn -0.9163 -0.0000 -0.4004
vn -0.1569 -0.0000 -0.9876
vn -0.0389 -0.0000 -0.9992
vn -0.1081 -0.0000 -0.9941
vn -0.2500 0.9544 -0.1632
vn -0.0358 0.9993 -0.0057
vn -0.1478 0.8969 -0.4169
vn -0.7280 0.3747 -0.5741
vn 0.0029 0.1256 -0.9921
vn -0.4931 0.1218 -0.8614
vn -0.0036 -0.0007 -1.0000
vn -0.3929 -0.0006 -0.9196
vn -0.7722 0.3026 -0.5587
vn -0.9469 -0.0000 -0.3215
vn -0.3866 0.9208 0.0522
vn 0.0001 0.9982 0.0592
vn 0.0001 0.7836 -0.6212
vn -0.3138 0.7517 -0.5801
vn -0.4171 0.4211 -0.8054
vn -0.0005 -0.4035 -0.9150
vn -0.2583 -0.1394 -0.9559
vn -0.3036 0.7220 0.6217
vn 0.0001 0.7447 0.6673
vn 0.3699 0.9276 0.0527
vn 0.2892 0.7251 0.6250
vn 0.2990 0.7552 -0.5833
vn 0.9822 -0.1684 -0.0837
vn 0.3989 0.4292 -0.8103
vn 0.4291 -0.8431 -0.3242
vn 0.2462 -0.1422 -0.9587
vn 0.0001 -0.9456 -0.3253
vn -0.4469 -0.8344 -0.3226
vn -0.9822 -0.1684 -0.0837
vn 0.3653 0.3506 0.8623
vn 0.9999 0.0104 -0.0036
vn -0.3814 0.3485 0.8562
vn -0.9999 0.0104 -0.0036
vn -0.9766 0.2150 -0.0055
vn -0.2410 0.4147 0.8774
vn 0.0002 0.3835 0.9235
vn 0.2397 0.4133 0.8785
vn 0.9766 0.2150 -0.0055
vn -0.2152 0.1141 0.9699
vn 0.2151 0.1141 0.9699
vn 0.2097 0.2147 0.9539
vn -0.2098 0.2147 0.9539
vn -0.1443 -0.2969 0.9439
vn 0.1443 -0.2969 0.9439
vn -0.3306 -0.9438 -0.0000
vn 0.3306 -0.9438 -0.0000
vn -0.9738 -0.2276 -0.0000
vn 0.9738 -0.2276 -0.0000
vn -0.9871 0.1602 -0.0000
vn 0.9871 0.1602 -0.0000
vn 0.6771 -0.5855 0.4457
vn -0.1175 -0.3710 0.9212
vn 0.3380 -0.9310 0.1382
vn 0.7262 -0.6682 0.1617
vn -0.6366 -0.6143 0.4662
vn -0.7102 -0.6799 0.1827
vn -0.3341 -0.9251 0.1805
vn 0.1022 -0.3711 0.9230
vn 0.1652 0.0578 0.9846
vn -0.8564 0.0062 0.5163
vn 0.1784 0.1591 0.9710
vn -0.8573 0.0733 0.5095
vn 0.0082 0.6365 0.7712
vn 0.0853 0.9428 -0.3222
vn -0.0820 0.9429 -0.3229
vn -0.0065 0.6380 0.7700
vn -0.1154 -0.2342 0.9653
vn -0.1300 0.0842 0.9879
vn 0.1219 0.0828 0.9891
vn 0.1079 -0.2370 0.9655
vn -0.1341 0.1703 0.9762
vn 0.1261 0.1699 0.9774
vn 0.0460 0.2871 0.9568
vn -0.0476 0.2849 0.9574
vn 0.8787 0.0676 0.4725
vn -0.2017 0.1585 0.9665
vn -0.1868 0.0578 0.9807
vn 0.8777 0.0057 0.4792
vn 0.9957 -0.0277 0.0882
vn 0.9965 0.0094 0.0828
vn 0.9440 0.3283 -0.0326
vn 0.4966 0.4712 0.7289
vn 0.7441 0.2564 0.6169
vn 0.9944 0.0766 0.0727
vn 0.3479 -0.0341 -0.9369
vn 0.5248 0.2313 -0.8192
vn 0.7845 0.1119 -0.6099
vn 0.4072 -0.0801 -0.9098
vn 0.2601 0.0324 -0.9650
vn 0.3342 0.4921 -0.8038
vn 0.0931 0.2192 -0.9712
vn 0.0624 0.4496 -0.8911
vn -0.0904 0.2334 -0.9682
vn -0.0591 0.4524 -0.8898
vn 0.7065 0.6574 -0.2620
vn 0.3412 0.6522 0.6769
vn 0.3491 0.8784 -0.3263
vn 0.0632 0.6365 0.7687
vn -0.1111 0.3145 0.9427
vn -0.9948 -0.0307 0.0967
vn -0.9958 0.0107 0.0907
vn -0.4630 0.4765 0.7473
vn -0.3113 0.6560 0.6876
vn -0.6757 0.6848 -0.2729
vn -0.9384 0.3443 -0.0305
vn -0.0565 0.6364 0.7693
vn -0.3168 0.8892 -0.3302
vn 0.8383 0.1481 0.5247
vn 0.9963 0.0139 0.0851
vn 0.1148 0.2400 0.9640
vn 0.1614 0.2557 0.9532
vn -0.1220 0.2388 0.9634
vn 0.5169 -0.8399 -0.1657
vn 0.6765 -0.7364 0.0022
vn 0.7463 -0.2219 -0.6276
vn 0.8692 -0.1972 -0.4534
vn -0.5435 -0.8267 -0.1454
vn -0.8926 -0.1806 -0.4132
vn -0.7825 -0.2025 -0.5888
vn -0.6876 -0.7257 0.0229
vn -0.3030 0.5126 -0.8034
vn 0.8675 -0.0708 -0.4924
vn 0.8675 -0.1105 -0.4849
vn 0.8943 -0.0798 -0.4404
vn -0.9132 -0.0730 -0.4009
vn -0.9955 0.0160 0.0930
vn -0.8888 -0.1025 -0.4467
vn -0.9935 0.0809 0.0805
vn -0.8873 -0.0598 -0.4573
vn -0.7961 0.1382 -0.5892
vn -0.5205 0.2779 -0.8074
vn -0.1468 0.2919 0.9451
vn -0.1825 0.2548 0.9496
vn -0.0978 0.2595 0.9608
vn 0.0918 0.2613 0.9609
vn 0.0984 0.3164 0.9435
vn 0.1293 0.2932 0.9473
vn -0.7148 0.2668 0.6464
vn -0.8151 0.1576 0.5575
vn 0.5006 -0.1638 -0.8500
vn 0.0562 -0.2459 -0.9677
vn 0.0614 -0.2711 -0.9606
vn 0.0951 -0.3054 -0.9475
vn -0.4336 -0.0626 -0.8989
vn -0.3542 -0.0054 -0.9352
vn -0.2435 0.0740 -0.9671
vn 0.0437 -0.1958 -0.9797
vn -0.0396 -0.1949 -0.9800
vn -0.0893 -0.2870 -0.9538
vn -0.0624 -0.2664 -0.9618
vn -0.0591 -0.2442 -0.9679
vn -0.5372 -0.1553 -0.8290
vn 0.6026 -0.1392 -0.7858
vn 0.5656 -0.1694 -0.8071
vn -0.6448 -0.1336 -0.7526
vn -0.6052 -0.1631 -0.7792
vn -0.0953 -0.2211 -0.9706
vn -0.0772 -0.4033 -0.9118
vn -0.2734 -0.9563 0.1032
vn 0.0560 -0.2274 -0.9722
vn -0.0003 -0.2429 -0.9701
vn -0.0581 -0.2272 -0.9721
vn 0.0506 -0.2052 -0.9774
vn -0.0519 -0.2050 -0.9774
vn -0.0000 -0.2059 -0.9786
vn -0.0681 -0.1720 -0.9827
vn 0.0953 -0.2211 -0.9706
vn 0.2734 -0.9560 0.1061
vn 0.0771 -0.4034 -0.9118
vn -0.0000 -0.4512 -0.8924
vn -0.0000 -0.9950 0.0996
vn 0.0678 -0.1719 -0.9828
vn -0.0000 -0.1716 -0.9852
vn -0.0000 0.9715 -0.2371
vn 0.0366 0.9726 -0.2294
vn 0.0055 0.9763 0.2162
vn -0.0003 0.9801 0.1984
vn -0.1099 -0.1901 -0.9756
vn -0.0001 -0.1872 -0.9823
vn -0.0001 -0.8137 -0.5813
vn -0.1222 -0.7866 -0.6052
vn -0.0001 -0.9998 0.0188
vn -0.1013 -0.9948 0.0099
vn 0.0038 -0.6817 0.7316
vn 0.0029 -0.9442 0.3292
vn -0.0003 -0.9444 0.3287
vn -0.0002 -0.6902 0.7236
vn -0.0003 -0.1369 0.9906
vn 0.0023 -0.1340 0.9910
vn -0.0003 0.2473 0.9689
vn 0.0023 0.2417 0.9703
vn -0.1002 -0.0539 -0.9935
vn -0.0153 0.5755 -0.8177
vn -0.0002 0.5762 -0.8173
vn -0.0001 -0.0620 -0.9981
vn -0.4948 0.0039 -0.8690
vn -0.2532 0.5822 -0.7726
vn -0.5046 -0.2076 -0.8380
vn 0.0173 0.5728 -0.8195
vn 0.1088 -0.0532 -0.9926
vn -0.0000 0.9625 -0.2712
vn -0.0444 0.9628 -0.2664
vn 0.0414 0.9632 -0.2657
vn 0.0020 0.9701 -0.2426
vn 0.1190 -0.1911 -0.9743
vn 0.1253 0.9654 0.2286
vn 0.0320 0.9777 -0.2074
vn -0.0396 0.9724 -0.2301
vn -0.0062 0.9762 0.2167
vn 0.3044 -0.9482 0.0909
vn 0.4568 -0.7103 -0.5356
vn 0.7711 -0.6331 0.0677
vn 0.5649 -0.2080 -0.7985
vn 0.9910 -0.1314 -0.0236
vn -0.0045 -0.6812 0.7321
vn -0.0033 -0.9444 0.3289
vn 0.2130 -0.9506 0.2257
vn 0.1121 -0.6566 0.7459
vn 0.8028 -0.5912 0.0773
vn 0.8761 -0.4093 0.2547
vn 0.3473 -0.9289 0.1287
vn 0.9112 -0.0889 0.4022
vn 0.1277 -0.1358 0.9825
vn 0.8994 0.1367 0.4151
vn 0.1350 0.2463 0.9597
vn 0.7719 0.6316 0.0729
vn 0.5538 0.0145 -0.8326
vn 0.2867 0.5935 -0.7520
vn 0.7628 0.6266 -0.1598
vn 0.9918 0.1089 -0.0666
vn 0.1304 -0.7846 -0.6062
vn 0.1104 -0.9938 0.0114
vn -0.0028 -0.1337 0.9910
vn -0.0028 0.2411 0.9705
vn -0.0062 0.9702 -0.2423
vn 0.7528 0.6439 -0.1370
vn 0.9926 0.1171 -0.0310
vn 0.9944 -0.1057 0.0073
vn -0.7729 -0.6293 0.0816
vn -0.3081 -0.9423 0.1305
vn -0.8590 -0.4303 0.2773
vn -0.1863 -0.9544 0.2333
vn -0.1011 -0.6562 0.7478
vn -0.8959 -0.0934 0.4343
vn -0.9943 -0.1061 0.0049
vn -0.0283 0.9778 -0.2077
vn -0.1084 0.9672 0.2298
vn -0.1150 -0.1354 0.9841
vn -0.1194 0.2439 0.9624
vn -0.9925 0.1178 -0.0335
vn -0.8816 0.1415 0.4503
vn -0.7428 0.6639 0.0868
vn -0.7195 0.6792 -0.1451
vn -0.9913 0.1075 -0.0765
vn -0.7339 0.6570 -0.1721
vn -0.9906 -0.1325 -0.0339
vn -0.7433 -0.6657 0.0663
vn -0.4046 -0.7183 -0.5660
vn -0.2671 -0.9593 0.0914
vn -0.6771 -0.5855 0.4457
vn -0.7262 -0.6682 0.1617
vn -0.3380 -0.9310 0.1382
vn 0.1175 -0.3709 0.9212
vn 0.6366 -0.6143 0.4662
vn -0.1022 -0.3711 0.9230
vn 0.3341 -0.9251 0.1805
vn 0.7102 -0.6799 0.1827
vn 0.8564 0.0062 0.5163
vn -0.1652 0.0578 0.9846
vn 0.8573 0.0733 0.5095
vn -0.1784 0.1591 0.9710
vn -0.0082 0.6365 0.7712
vn 0.0065 0.6380 0.7700
vn 0.0820 0.9429 -0.3229
vn -0.0853 0.9428 -0.3222
vn 0.1155 -0.2342 0.9653
vn -0.1079 -0.2370 0.9655
vn -0.1219 0.0828 0.9891
vn 0.1300 0.0842 0.9879
vn -0.1261 0.1699 0.9774
vn 0.1341 0.1703 0.9762
vn 0.0476 0.2849 0.9574
vn -0.0460 0.2871 0.9568
vn -0.8787 0.0676 0.4725
vn -0.8777 0.0057 0.4792
vn 0.1867 0.0579 0.9807
vn 0.2017 0.1586 0.9665
vn -0.9957 -0.0277 0.0882
vn -0.9965 0.0094 0.0828
vn -0.9440 0.3283 -0.0326
vn -0.9944 0.0766 0.0726
vn -0.7441 0.2564 0.6169
vn -0.4966 0.4712 0.7289
vn -0.3478 -0.0341 -0.9369
vn -0.4072 -0.0801 -0.9098
vn -0.7845 0.1119 -0.6099
vn -0.5248 0.2313 -0.8192
vn -0.2601 0.0324 -0.9650
vn -0.3342 0.4921 -0.8038
vn -0.0931 0.2192 -0.9712
vn -0.0624 0.4496 -0.8911
vn 0.0904 0.2334 -0.9682
vn 0.0591 0.4524 -0.8899
vn -0.3412 0.6522 0.6769
vn -0.7065 0.6574 -0.2620
vn -0.3491 0.8784 -0.3263
vn -0.0632 0.6365 0.7687
vn 0.1111 0.3145 0.9427
vn 0.9948 -0.0307 0.0968
vn 0.9958 0.0107 0.0907
vn 0.4630 0.4765 0.7473
vn 0.9384 0.3443 -0.0305
vn 0.6757 0.6848 -0.2729
vn 0.3113 0.6560 0.6876
vn 0.0565 0.6364 0.7693
vn 0.3168 0.8892 -0.3302
vn -0.8383 0.1481 0.5247
vn -0.9963 0.0139 0.0851
vn -0.1148 0.2400 0.9640
vn -0.1614 0.2557 0.9532
vn 0.1220 0.2388 0.9634
vn -0.5169 -0.8399 -0.1657
vn -0.8692 -0.1972 -0.4535
vn -0.7462 -0.2220 -0.6276
vn -0.6765 -0.7364 0.0022
vn 0.5435 -0.8267 -0.1454
vn 0.6876 -0.7257 0.0229
vn 0.7825 -0.2025 -0.5888
vn 0.8926 -0.1806 -0.4132
vn 0.3030 0.5126 -0.8034
vn -0.8675 -0.0708 -0.4924
vn -0.8675 -0.1105 -0.4849
vn -0.8943 -0.0798 -0.4404
vn 0.9132 -0.0730 -0.4009
vn 0.9955 0.0160 0.0930
vn 0.8888 -0.1025 -0.4467
vn 0.9935 0.0809 0.0805
vn 0.8873 -0.0598 -0.4573
vn 0.7961 0.1382 -0.5892
vn 0.5205 0.2779 -0.8074
vn 0.1468 0.2919 0.9451
vn 0.0978 0.2595 0.9608
vn 0.1825 0.2548 0.9496
vn -0.0918 0.2613 0.9609
vn -0.0984 0.3164 0.9435
vn -0.1293 0.2932 0.9473
vn 0.7148 0.2668 0.6464
vn 0.8151 0.1576 0.5575
vn -0.5006 -0.1637 -0.8500
vn -0.0562 -0.2459 -0.9677
vn -0.0614 -0.2711 -0.9606
vn -0.0951 -0.3054 -0.9475
vn 0.4336 -0.0626 -0.8989
vn 0.3542 -0.0055 -0.9351
vn 0.2435 0.0740 -0.9671
vn -0.0437 -0.1958 -0.9797
vn 0.0396 -0.1950 -0.9800
vn 0.0893 -0.2870 -0.9537
vn 0.0591 -0.2442 -0.9679
vn 0.0625 -0.2664 -0.9618
vn 0.5372 -0.1553 -0.8290
vn -0.6026 -0.1392 -0.7858
vn -0.5656 -0.1693 -0.8071
vn 0.6448 -0.1336 -0.7526
vn 0.6052 -0.1631 -0.7792
vn 0.2733 -0.9560 0.1062
vn 0.0772 -0.4033 -0.9118
vn -0.0560 -0.2275 -0.9722
vn 0.0003 -0.2429 -0.9701
vn 0.0581 -0.2272 -0.9721
vn -0.0506 -0.2052 -0.9774
vn 0.0519 -0.2050 -0.9774
vn 0.0681 -0.1720 -0.9827
vn -0.0953 -0.2212 -0.9706
vn -0.2734 -0.9563 0.1031
vn -0.0678 -0.1719 -0.9828
vn 0.0001 0.9801 0.1984
vn -0.0055 0.9763 0.2162
vn -0.0366 0.9726 -0.2294
vn 0.1099 -0.1901 -0.9756
vn 0.1222 -0.7866 -0.6052
vn 0.0001 -0.8137 -0.5813
vn 0.0001 -0.1872 -0.9823
vn 0.0001 -0.9998 0.0188
vn 0.1013 -0.9948 0.0099
vn -0.0038 -0.6817 0.7316
vn 0.0002 -0.6902 0.7236
vn 0.0003 -0.9444 0.3287
vn -0.0029 -0.9442 0.3292
vn 0.0003 -0.1369 0.9906
vn -0.0023 -0.1340 0.9910
vn -0.0023 0.2417 0.9703
vn 0.0006 0.2473 0.9689
vn 0.1002 -0.0539 -0.9935
vn 0.0001 -0.0620 -0.9981
vn 0.0002 0.5762 -0.8173
vn 0.0153 0.5755 -0.8177
vn 0.4948 0.0039 -0.8690
vn 0.2527 0.5839 -0.7715
vn 0.5046 -0.2077 -0.8380
vn -0.1088 -0.0532 -0.9926
vn -0.0173 0.5728 -0.8195
vn 0.0444 0.9628 -0.2664
vn -0.0414 0.9632 -0.2657
vn -0.0020 0.9701 -0.2426
vn -0.1190 -0.1911 -0.9743
vn -0.1253 0.9654 0.2285
vn 0.0062 0.9762 0.2167
vn 0.0396 0.9724 -0.2301
vn -0.0320 0.9777 -0.2074
vn -0.3044 -0.9482 0.0909
vn -0.7711 -0.6331 0.0677
vn -0.4567 -0.7103 -0.5356
vn -0.9910 -0.1314 -0.0236
vn -0.5649 -0.2080 -0.7985
vn 0.0045 -0.6812 0.7321
vn -0.1121 -0.6566 0.7459
vn -0.2130 -0.9506 0.2257
vn 0.0034 -0.9444 0.3288
vn -0.8028 -0.5912 0.0773
vn -0.3473 -0.9289 0.1287
vn -0.8761 -0.4093 0.2547
vn -0.9112 -0.0890 0.4022
vn -0.1277 -0.1358 0.9825
vn -0.1350 0.2464 0.9597
vn -0.8994 0.1367 0.4151
vn -0.7719 0.6316 0.0729
vn -0.5537 0.0145 -0.8326
vn -0.9918 0.1089 -0.0666
vn -0.7628 0.6266 -0.1598
vn -0.2867 0.5935 -0.7520
vn -0.1104 -0.9938 0.0114
vn -0.1304 -0.7846 -0.6062
vn 0.0028 -0.1337 0.9910
vn 0.0029 0.2411 0.9705
vn 0.0062 0.9702 -0.2423
vn -0.7528 0.6439 -0.1370
vn -0.9926 0.1171 -0.0310
vn -0.9944 -0.1057 0.0073
vn 0.7729 -0.6293 0.0815
vn 0.8590 -0.4303 0.2773
vn 0.3081 -0.9423 0.1305
vn 0.1863 -0.9544 0.2333
vn 0.1011 -0.6562 0.7478
vn 0.9943 -0.1061 0.0049
vn 0.8959 -0.0934 0.4343
vn 0.1084 0.9672 0.2298
vn 0.0283 0.9778 -0.2077
vn 0.1150 -0.1354 0.9841
vn 0.1194 0.2440 0.9624
vn 0.9925 0.1178 -0.0335
vn 0.7195 0.6792 -0.1451
vn 0.7428 0.6639 0.0868
vn 0.8816 0.1415 0.4503
vn 0.9913 0.1075 -0.0765
vn 0.7340 0.6570 -0.1721
vn 0.9906 -0.1325 -0.0339
vn 0.7433 -0.6657 0.0663
vn 0.2671 -0.9593 0.0914
vn 0.4046 -0.7183 -0.5660
vn -0.0514 0.9984 -0.0228
vn -0.0390 0.9868 0.1572
vn -0.0000 0.9846 0.1751
vn -0.0000 1.0000 -0.0012
vn -0.1241 0.9879 -0.0930
vn -0.0848 0.9916 0.0981
vn -0.1420 0.9763 -0.1631
vn -0.0798 0.9965 0.0253
vn -0.0734 0.9701 -0.2315
vn 0.0727 0.9973 -0.0059
vn 0.0397 0.9873 -0.1541
vn 0.0092 0.9927 -0.1204
vn 0.1916 0.9812 0.0225
vn -0.0664 0.9961 -0.0576
vn 0.3305 0.9437 -0.0154
vn 0.2072 0.9783 -0.0025
vn -0.0401 0.9926 -0.1149
vn 0.0218 0.2846 0.9584
vn -0.0000 0.2768 0.9609
vn 0.1085 0.3216 0.9406
vn 0.2679 0.3439 0.9000
vn -0.0000 0.0058 1.0000
vn 0.0332 0.0063 0.9994
vn 0.1414 0.0083 0.9899
vn 0.3070 0.0112 0.9516
vn 0.5772 0.3571 0.7344
vn 0.7708 0.3262 0.5472
vn 0.5943 0.0146 0.8041
vn 0.7897 0.0142 0.6133
vn 0.9180 0.2653 0.2947
vn 0.9431 0.0147 0.3322
vn 0.4912 0.3203 -0.8101
vn 0.4990 0.2380 -0.8333
vn 0.2000 0.2259 -0.9534
vn 0.1905 0.3398 -0.9210
vn 0.3418 0.3260 -0.8815
vn 0.3230 0.2088 -0.9231
vn 0.3361 0.5283 -0.7797
vn 0.1667 0.5536 -0.8159
vn 0.6462 0.3132 -0.6960
vn 0.6796 0.2436 -0.6919
vn 0.4385 0.4878 -0.7548
vn 0.3218 -0.1148 -0.9398
vn 0.2953 0.1379 -0.9454
vn 0.9656 0.0529 -0.2547
vn 0.9726 -0.0242 -0.2312
vn 0.2632 0.6542 -0.7091
vn 0.9982 0.0426 -0.0420
vn 1.0000 0.0026 -0.0021
vn 0.1268 0.2632 -0.9564
vn 0.1077 0.2772 -0.9547
vn -0.0000 0.2618 -0.9651
vn -0.0000 0.2561 -0.9667
vn 0.1509 0.6573 -0.7384
vn 0.4592 0.4926 -0.7392
vn 0.0756 0.2848 -0.9556
vn 0.1204 0.1167 -0.9858
vn 0.0124 -0.0576 -0.9983
vn 0.0948 -0.1209 -0.9881
vn 0.0114 -0.1142 -0.9934
vn -0.0000 -0.0545 -0.9985
vn -0.0000 -0.1128 -0.9936
vn -0.0000 0.2467 -0.9691
vn 0.4788 0.8769 -0.0411
vn -0.0441 0.9975 -0.0545
vn 0.4592 0.8868 -0.0513
vn -0.0353 0.9976 -0.0598
vn 0.9995 0.0218 -0.0232
vn 0.9990 0.0197 -0.0406
vn 0.9794 0.0424 -0.1972
vn 1.0000 0.0028 0.0039
vn 1.0000 0.0015 0.0048
vn 1.0000 0.0012 0.0038
vn 0.0515 0.9984 -0.0229
vn 0.0390 0.9868 0.1572
vn 0.1241 0.9879 -0.0930
vn 0.0848 0.9916 0.0981
vn 0.1420 0.9763 -0.1631
vn 0.0798 0.9965 0.0253
vn -0.0727 0.9973 -0.0059
vn 0.0734 0.9701 -0.2315
vn -0.0397 0.9873 -0.1541
vn -0.1916 0.9812 0.0225
vn -0.0092 0.9927 -0.1204
vn 0.0664 0.9961 -0.0576
vn 0.0401 0.9926 -0.1149
vn -0.2072 0.9783 -0.0025
vn -0.3305 0.9437 -0.0154
vn -0.0218 0.2846 0.9584
vn -0.1085 0.3216 0.9406
vn -0.2679 0.3439 0.9000
vn -0.0332 0.0063 0.9994
vn -0.1414 0.0083 0.9899
vn -0.3070 0.0114 0.9516
vn -0.5772 0.3571 0.7344
vn -0.7709 0.3262 0.5472
vn -0.5943 0.0147 0.8041
vn -0.7897 0.0142 0.6133
vn -0.9180 0.2653 0.2947
vn -0.9901 0.1220 0.0698
vn -0.9431 0.0147 0.3322
vn -0.9984 0.0064 0.0558
vn -0.4912 0.3203 -0.8101
vn -0.1905 0.3398 -0.9210
vn -0.2000 0.2259 -0.9534
vn -0.4990 0.2380 -0.8333
vn -0.3418 0.3259 -0.8815
vn -0.3230 0.2088 -0.9231
vn -0.3361 0.5283 -0.7797
vn -0.1667 0.5536 -0.8159
vn -0.6796 0.2436 -0.6919
vn -0.6462 0.3132 -0.6960
vn -0.4385 0.4878 -0.7548
vn -0.3218 -0.1148 -0.9398
vn -0.9726 -0.0242 -0.2312
vn -0.9656 0.0529 -0.2547
vn -0.2953 0.1379 -0.9454
vn -0.2632 0.6542 -0.7091
vn -0.9982 0.0426 -0.0420
vn -1.0000 0.0026 -0.0021
vn -0.1268 0.2632 -0.9564
vn -0.1077 0.2772 -0.9548
vn -0.1509 0.6573 -0.7384
vn -0.4592 0.4926 -0.7392
vn -0.0756 0.2848 -0.9556
vn -0.1204 0.1167 -0.9858
vn -0.0124 -0.0576 -0.9983
vn -0.0947 -0.1209 -0.9881
vn -0.0114 -0.1142 -0.9934
vn -0.4788 0.8769 -0.0411
vn 0.0440 0.9975 -0.0546
vn -0.4592 0.8868 -0.0513
vn 0.0353 0.9976 -0.0598
vn -0.9995 0.0218 -0.0232
vn -0.9990 0.0197 -0.0406
vn -0.9794 0.0424 -0.1972
vn -1.0000 0.0029 0.0043
vn -1.0000 0.0020 0.0048
vn -1.0000 0.0015 0.0048
vn -1.0000 0.0029 0.0042
vn -1.0000 0.0005 0.0046
vn -1.0000 0.0012 0.0038
vn 0.0426 0.9986 -0.0316
vn -0.4965 0.8677 -0.0230
vn -0.4249 0.9051 -0.0169
vn 0.0056 0.9997 -0.0232
vn 0.0711 0.9965 -0.0447
vn -0.4798 0.8767 -0.0350
vn -0.4983 0.8656 -0.0499
vn 0.0771 0.9952 -0.0599
vn -0.9993 0.0358 0.0043
vn -0.9982 0.0603 0.0058
vn 0.9983 0.0590 0.0021
vn 1.0000 0.0015 0.0059
vn 0.9901 0.1220 0.0698
vn 0.9984 0.0064 0.0558
vn 0.9986 0.0507 0.0130
vn 0.9999 -0.0025 0.0135
vn 0.9992 0.0393 0.0105
vn 1.0000 -0.0021 0.0077
vn -0.9986 0.0507 0.0130
vn -0.9999 -0.0025 0.0135
vn -0.9992 0.0393 0.0105
vn -1.0000 -0.0010 0.0066
vn -1.0000 0.0015 0.0059
vn -1.0000 -0.0021 0.0077
vn -0.9990 0.0452 0.0046
vn -0.9983 0.0590 0.0021
vt 0.773918 0.549043
vt 0.773915 0.598655
vt 0.750118 0.600091
vt 0.746382 0.550202
vt 0.773914 0.608600
vt 0.750706 0.609417
vt 0.725280 0.603196
vt 0.726470 0.612183
vt 0.715923 0.614843
vt 0.708116 0.614791
vt 0.706595 0.607217
vt 0.703702 0.612181
vt 0.702446 0.608460
vt 0.701977 0.572626
vt 0.696442 0.574104
vt 0.700634 0.597938
vt 0.718600 0.554251
vt 0.702655 0.558895
vt 0.700415 0.560928
vt 0.696766 0.564357
vt 0.736321 0.903784
vt 0.742521 0.832862
vt 0.773905 0.834143
vt 0.773902 0.904528
vt 0.698752 0.901024
vt 0.712487 0.829474
vt 0.743334 0.827372
vt 0.773906 0.828445
vt 0.713844 0.824017
vt 0.690225 0.825193
vt 0.691991 0.819724
vt 0.669184 0.897098
vt 0.684327 0.817148
vt 0.682044 0.822908
vt 0.680098 0.817527
vt 0.676878 0.821331
vt 0.661393 0.894131
vt 0.658364 0.890993
vt 0.657308 0.883653
vt 0.801455 0.550206
vt 0.797711 0.600095
vt 0.797122 0.609420
vt 0.822549 0.603203
vt 0.821357 0.612190
vt 0.831904 0.614852
vt 0.841233 0.607227
vt 0.839711 0.614801
vt 0.844125 0.612192
vt 0.845381 0.608470
vt 0.845857 0.572636
vt 0.851391 0.574116
vt 0.847196 0.597949
vt 0.829236 0.554259
vt 0.845181 0.558906
vt 0.847420 0.560939
vt 0.851069 0.564368
vt 0.811482 0.903788
vt 0.805290 0.832865
vt 0.849052 0.901032
vt 0.835325 0.829481
vt 0.804477 0.827375
vt 0.833968 0.824023
vt 0.855822 0.819733
vt 0.857587 0.825202
vt 0.878621 0.897109
vt 0.863486 0.817158
vt 0.865768 0.822918
vt 0.867715 0.817537
vt 0.870934 0.821341
vt 0.886412 0.894143
vt 0.889441 0.891006
vt 0.890498 0.883666
vt 0.661983 0.734443
vt 0.651356 0.729825
vt 0.662046 0.710288
vt 0.661733 0.762557
vt 0.597125 0.739642
vt 0.641825 0.734692
vt 0.643613 0.770742
vt 0.595381 0.786771
vt 0.659998 0.775891
vt 0.655983 0.787909
vt 0.644754 0.797840
vt 0.593705 0.824259
vt 0.599344 0.688085
vt 0.640519 0.691225
vt 0.649032 0.691496
vt 0.661674 0.692569
vt 0.885828 0.734443
vt 0.885766 0.710288
vt 0.896456 0.729825
vt 0.886079 0.762557
vt 0.950687 0.739642
vt 0.952431 0.786771
vt 0.904199 0.770742
vt 0.905987 0.734692
vt 0.887814 0.775891
vt 0.891829 0.787909
vt 0.903058 0.797840
vt 0.954107 0.824259
vt 0.948467 0.688085
vt 0.907293 0.691225
vt 0.886137 0.692569
vt 0.898780 0.691496
vt 0.900321 0.666072
vt 0.889444 0.666250
vt 0.893912 0.657887
vt 0.901755 0.653175
vt 0.886576 0.675918
vt 0.899419 0.680960
vt 0.885620 0.682379
vt 0.647491 0.666072
vt 0.646057 0.653175
vt 0.653900 0.657887
vt 0.658368 0.666250
vt 0.661236 0.675918
vt 0.662191 0.682379
vt 0.648393 0.680960
vt 0.639694 0.663769
vt 0.638839 0.648539
vt 0.599823 0.676740
vt 0.601342 0.647448
vt 0.640201 0.680641
vt 0.610742 0.633035
vt 0.601801 0.635344
vt 0.604027 0.632588
vt 0.908118 0.663769
vt 0.908973 0.648539
vt 0.947989 0.676740
vt 0.907611 0.680641
vt 0.946470 0.647448
vt 0.937070 0.633035
vt 0.946011 0.635344
vt 0.943785 0.632588
vt 0.865958 0.099559
vt 0.892290 0.099677
vt 0.892380 0.081830
vt 0.866033 0.081702
vt 0.918592 0.099783
vt 0.918763 0.081975
vt 0.944687 0.100104
vt 0.945361 0.082135
vt 0.523915 0.100108
vt 0.550010 0.099787
vt 0.549839 0.081979
vt 0.523240 0.082137
vt 0.576312 0.099680
vt 0.576222 0.081832
vt 0.602646 0.099563
vt 0.602571 0.081705
vt 0.628980 0.099462
vt 0.628918 0.081603
vt 0.655312 0.099384
vt 0.655265 0.081525
vt 0.681642 0.099328
vt 0.681612 0.081470
vt 0.707974 0.099296
vt 0.707958 0.081439
vt 0.734303 0.099287
vt 0.734303 0.081429
vt 0.760633 0.099297
vt 0.760647 0.081439
vt 0.786965 0.099330
vt 0.786992 0.081471
vt 0.813294 0.099384
vt 0.813339 0.081525
vt 0.839626 0.099460
vt 0.839686 0.081602
vt 0.724654 0.194755
vt 0.739603 0.209706
vt 0.744137 0.202827
vt 0.745795 0.194755
vt 0.744137 0.186686
vt 0.739603 0.179806
vt 0.732724 0.175273
vt 0.724654 0.173615
vt 0.716583 0.175273
vt 0.709704 0.179806
vt 0.705171 0.186686
vt 0.703514 0.194755
vt 0.705171 0.202827
vt 0.709704 0.209706
vt 0.716583 0.214238
vt 0.724654 0.215897
vt 0.732724 0.214238
vt 0.828655 0.229617
vt 0.818185 0.240090
vt 0.838657 0.253766
vt 0.844326 0.240084
vt 0.804504 0.219620
vt 0.818185 0.213951
vt 0.799701 0.195471
vt 0.814508 0.195471
vt 0.804503 0.171322
vt 0.818185 0.176989
vt 0.818185 0.150850
vt 0.828654 0.161323
vt 0.838657 0.137174
vt 0.844323 0.150857
vt 0.862806 0.132372
vt 0.862806 0.147180
vt 0.886955 0.137174
vt 0.881287 0.150855
vt 0.907424 0.150850
vt 0.896954 0.161322
vt 0.921105 0.171322
vt 0.907424 0.176988
vt 0.925908 0.195469
vt 0.911100 0.195469
vt 0.921104 0.219617
vt 0.907423 0.213951
vt 0.907424 0.240089
vt 0.896954 0.229617
vt 0.886955 0.253766
vt 0.881287 0.240084
vt 0.862806 0.258569
vt 0.862806 0.243760
vt 0.748312 0.251866
vt 0.768368 0.238468
vt 0.757830 0.227932
vt 0.742608 0.238098
vt 0.781766 0.218413
vt 0.767997 0.212709
vt 0.786474 0.194755
vt 0.771573 0.194755
vt 0.781766 0.171100
vt 0.767997 0.176803
vt 0.768366 0.151045
vt 0.757830 0.161580
vt 0.748310 0.137644
vt 0.742606 0.151414
vt 0.724654 0.132936
vt 0.724654 0.147837
vt 0.700997 0.137644
vt 0.706701 0.151414
vt 0.680941 0.151045
vt 0.691478 0.161580
vt 0.667543 0.171100
vt 0.681311 0.176803
vt 0.662834 0.194755
vt 0.677736 0.194755
vt 0.667543 0.218413
vt 0.681311 0.212709
vt 0.680942 0.238468
vt 0.691478 0.227932
vt 0.700998 0.251866
vt 0.706701 0.238098
vt 0.724655 0.256575
vt 0.724655 0.241674
vt 0.836103 0.222171
vt 0.848354 0.230355
vt 0.827915 0.209919
vt 0.825042 0.195471
vt 0.827915 0.181020
vt 0.836103 0.168772
vt 0.848354 0.160585
vt 0.862806 0.157712
vt 0.877256 0.160585
vt 0.889507 0.168769
vt 0.897694 0.181017
vt 0.900568 0.195469
vt 0.897694 0.209919
vt 0.889506 0.222170
vt 0.877256 0.230355
vt 0.862806 0.233228
vt 0.813382 0.064524
vt 0.839744 0.064602
vt 0.787020 0.064472
vt 0.760660 0.064438
vt 0.734303 0.064430
vt 0.707944 0.064438
vt 0.681585 0.064470
vt 0.655223 0.064524
vt 0.628859 0.064603
vt 0.602496 0.064707
vt 0.576134 0.064843
vt 0.549808 0.065027
vt 0.523703 0.065019
vt 0.944899 0.065016
vt 0.918793 0.065024
vt 0.892467 0.064840
vt 0.866107 0.064704
vt 0.849443 0.227720
vt 0.838118 0.220154
vt 0.830550 0.208828
vt 0.827893 0.195469
vt 0.830550 0.182109
vt 0.838118 0.170786
vt 0.849443 0.163220
vt 0.862806 0.160563
vt 0.876165 0.163220
vt 0.887491 0.170786
vt 0.895059 0.182109
vt 0.897716 0.195469
vt 0.895059 0.208828
vt 0.887491 0.220154
vt 0.876165 0.227720
vt 0.862805 0.230377
vt 0.852616 0.220064
vt 0.843978 0.214295
vt 0.838206 0.205657
vt 0.836179 0.195469
vt 0.838206 0.185282
vt 0.843978 0.176646
vt 0.852616 0.170875
vt 0.862805 0.168848
vt 0.872993 0.170875
vt 0.881632 0.176643
vt 0.887403 0.185280
vt 0.889429 0.195469
vt 0.887402 0.205657
vt 0.881632 0.214295
vt 0.872993 0.220065
vt 0.862805 0.222092
vt 0.856797 0.209970
vt 0.851705 0.206565
vt 0.848301 0.201475
vt 0.847108 0.195469
vt 0.848301 0.189463
vt 0.851706 0.184370
vt 0.856797 0.180968
vt 0.862806 0.179774
vt 0.868812 0.180968
vt 0.873904 0.184370
vt 0.877308 0.189462
vt 0.878502 0.195469
vt 0.877308 0.201475
vt 0.873905 0.206568
vt 0.868812 0.209971
vt 0.862806 0.211165
vt 0.862806 0.195471
vt 0.154554 0.289287
vt 0.157643 0.280843
vt 0.163125 0.285713
vt 0.159700 0.288127
vt 0.144016 0.289421
vt 0.145003 0.282239
vt 0.149294 0.289932
vt 0.161885 0.305874
vt 0.151924 0.306594
vt 0.170930 0.301318
vt 0.176596 0.295318
vt 0.130697 0.279561
vt 0.129444 0.287470
vt 0.140134 0.304818
vt 0.168572 0.274857
vt 0.182172 0.279780
vt 0.161374 0.271694
vt 0.126180 0.301338
vt 0.577785 0.330134
vt 0.584465 0.327608
vt 0.584465 0.339205
vt 0.591145 0.330134
vt 0.594749 0.336943
vt 0.592743 0.345454
vt 0.584462 0.351898
vt 0.576182 0.345454
vt 0.574180 0.336941
vt 0.567091 0.315444
vt 0.584466 0.309382
vt 0.601840 0.315446
vt 0.611751 0.330760
vt 0.610983 0.347994
vt 0.604442 0.361700
vt 0.564482 0.361699
vt 0.557943 0.347992
vt 0.557179 0.330756
vt 0.593444 0.267036
vt 0.586764 0.276108
vt 0.586764 0.264510
vt 0.580082 0.267036
vt 0.576477 0.273845
vt 0.578479 0.282356
vt 0.586762 0.288800
vt 0.595045 0.282357
vt 0.597047 0.273845
vt 0.586765 0.246284
vt 0.604138 0.252348
vt 0.569388 0.252347
vt 0.559478 0.267657
vt 0.560241 0.284891
vt 0.566778 0.298598
vt 0.613283 0.284896
vt 0.606743 0.298603
vt 0.614047 0.267660
vt 0.410631 0.289259
vt 0.405485 0.288100
vt 0.402059 0.285687
vt 0.407540 0.280815
vt 0.403304 0.305847
vt 0.415891 0.289903
vt 0.413265 0.306565
vt 0.394258 0.301293
vt 0.388591 0.295295
vt 0.420182 0.282209
vt 0.421169 0.289390
vt 0.396365 0.274288
vt 0.403622 0.271183
vt 0.383159 0.280335
vt 0.435116 0.279438
vt 0.436004 0.287410
vt 0.425055 0.304787
vt 0.437923 0.301575
vt 0.333369 0.485413
vt 0.317923 0.480887
vt 0.323745 0.475288
vt 0.339369 0.478779
vt 0.327991 0.489143
vt 0.310717 0.485177
vt 0.327549 0.464625
vt 0.343566 0.465554
vt 0.307285 0.554882
vt 0.323865 0.550929
vt 0.314963 0.559160
vt 0.329665 0.555210
vt 0.321626 0.566050
vt 0.336423 0.562801
vt 0.278960 0.555119
vt 0.283460 0.484902
vt 0.306973 0.460048
vt 0.326433 0.452477
vt 0.281534 0.461070
vt 0.315247 0.441555
vt 0.315381 0.434144
vt 0.321917 0.430120
vt 0.328471 0.432413
vt 0.320810 0.444700
vt 0.335519 0.438243
vt 0.342192 0.449692
vt 0.306519 0.439600
vt 0.281148 0.441227
vt 0.214738 0.485413
vt 0.208739 0.478779
vt 0.224362 0.475288
vt 0.230184 0.480887
vt 0.220116 0.489143
vt 0.237390 0.485177
vt 0.220559 0.464625
vt 0.204541 0.465554
vt 0.240822 0.554882
vt 0.224243 0.550929
vt 0.233145 0.559160
vt 0.218442 0.555210
vt 0.269148 0.555119
vt 0.264648 0.484902
vt 0.221675 0.452477
vt 0.241134 0.460048
vt 0.266574 0.461070
vt 0.232861 0.441555
vt 0.219636 0.432413
vt 0.226190 0.430120
vt 0.232726 0.434144
vt 0.227297 0.444700
vt 0.212588 0.438243
vt 0.205915 0.449692
vt 0.241589 0.439600
vt 0.266959 0.441227
vt 0.678567 0.737197
vt 0.684260 0.737910
vt 0.683778 0.767685
vt 0.678004 0.766031
vt 0.675863 0.655814
vt 0.683780 0.653878
vt 0.685247 0.672857
vt 0.677972 0.674131
vt 0.678697 0.702415
vt 0.684813 0.701949
vt 0.682794 0.789530
vt 0.676500 0.786904
vt 0.694935 0.701554
vt 0.695764 0.672073
vt 0.695860 0.652428
vt 0.689599 0.791327
vt 0.691821 0.768741
vt 0.693198 0.738263
vt 0.702423 0.769802
vt 0.699071 0.793186
vt 0.750521 0.645846
vt 0.773912 0.644630
vt 0.773912 0.664325
vt 0.750385 0.665235
vt 0.704845 0.738611
vt 0.710896 0.650357
vt 0.710134 0.670189
vt 0.707922 0.700892
vt 0.727179 0.667016
vt 0.727552 0.647705
vt 0.751107 0.631283
vt 0.773913 0.629865
vt 0.623720 0.574105
vt 0.640602 0.554904
vt 0.665908 0.621307
vt 0.651143 0.631159
vt 0.672924 0.642855
vt 0.682772 0.639630
vt 0.773910 0.699001
vt 0.749641 0.699918
vt 0.725633 0.700625
vt 0.721149 0.772293
vt 0.718713 0.797350
vt 0.723245 0.739679
vt 0.747206 0.774458
vt 0.748381 0.740612
vt 0.773908 0.740682
vt 0.773907 0.774491
vt 0.745978 0.801047
vt 0.773906 0.802081
vt 0.727946 0.633787
vt 0.655285 0.640216
vt 0.669454 0.631514
vt 0.660147 0.652151
vt 0.664521 0.662362
vt 0.660644 0.664947
vt 0.655576 0.655745
vt 0.653899 0.657887
vt 0.658367 0.666250
vt 0.666094 0.783097
vt 0.668389 0.763692
vt 0.658486 0.791384
vt 0.662010 0.781142
vt 0.663406 0.794700
vt 0.664568 0.762661
vt 0.661732 0.762557
vt 0.629035 0.884175
vt 0.653748 0.810663
vt 0.657724 0.812859
vt 0.632343 0.888627
vt 0.644938 0.802225
vt 0.576320 0.836982
vt 0.595380 0.786771
vt 0.578533 0.792370
vt 0.580686 0.741463
vt 0.576510 0.833158
vt 0.583116 0.686847
vt 0.583635 0.675177
vt 0.640200 0.680641
vt 0.640518 0.691225
vt 0.669242 0.736222
vt 0.665517 0.735979
vt 0.669264 0.703080
vt 0.667844 0.676277
vt 0.665567 0.703852
vt 0.664184 0.678030
vt 0.661235 0.675918
vt 0.664978 0.692850
vt 0.585174 0.640568
vt 0.601341 0.647448
vt 0.651352 0.642874
vt 0.646056 0.653175
vt 0.645755 0.650468
vt 0.647431 0.634096
vt 0.620797 0.578707
vt 0.638838 0.648539
vt 0.638713 0.646312
vt 0.610741 0.633035
vt 0.602070 0.628251
vt 0.604026 0.632588
vt 0.585895 0.619326
vt 0.586013 0.615856
vt 0.695584 0.808595
vt 0.716646 0.812742
vt 0.745112 0.815371
vt 0.773905 0.816216
vt 0.773905 0.828445
vt 0.713843 0.824017
vt 0.734881 0.920253
vt 0.695782 0.916492
vt 0.773901 0.904528
vt 0.773901 0.921680
vt 0.691990 0.819724
vt 0.674449 0.800053
vt 0.668195 0.818493
vt 0.643208 0.895832
vt 0.687138 0.806060
vt 0.680984 0.802905
vt 0.684326 0.817148
vt 0.680097 0.817527
vt 0.664857 0.911881
vt 0.669183 0.897098
vt 0.649425 0.900864
vt 0.673473 0.820245
vt 0.676877 0.821331
vt 0.661392 0.894131
vt 0.655613 0.905799
vt 0.651407 0.902444
vt 0.773914 0.612235
vt 0.750966 0.613556
vt 0.750705 0.609417
vt 0.743425 0.510720
vt 0.773918 0.508732
vt 0.773916 0.549043
vt 0.695737 0.637988
vt 0.711224 0.637175
vt 0.654426 0.539872
vt 0.676767 0.615272
vt 0.679753 0.626557
vt 0.693815 0.623214
vt 0.691193 0.611831
vt 0.726977 0.616017
vt 0.709177 0.620074
vt 0.715922 0.614843
vt 0.713202 0.514706
vt 0.718599 0.554251
vt 0.680328 0.568016
vt 0.669463 0.524200
vt 0.696441 0.574104
vt 0.688311 0.516545
vt 0.696765 0.564357
vt 0.702654 0.558895
vt 0.869250 0.737205
vt 0.869810 0.766039
vt 0.864036 0.767693
vt 0.863557 0.737918
vt 0.871961 0.655822
vt 0.869850 0.674139
vt 0.862575 0.672865
vt 0.864044 0.653886
vt 0.869123 0.702423
vt 0.863007 0.701957
vt 0.871312 0.786912
vt 0.865018 0.789538
vt 0.852885 0.701561
vt 0.852058 0.672080
vt 0.851964 0.652435
vt 0.858213 0.791334
vt 0.855993 0.768748
vt 0.854618 0.738270
vt 0.845391 0.769808
vt 0.848741 0.793192
vt 0.797303 0.645848
vt 0.797438 0.665237
vt 0.842972 0.738617
vt 0.837688 0.670194
vt 0.836928 0.650362
vt 0.839898 0.700898
vt 0.820272 0.647709
vt 0.820644 0.667020
vt 0.796719 0.631285
vt 0.924110 0.574118
vt 0.896683 0.631169
vt 0.881918 0.621316
vt 0.907230 0.554915
vt 0.874901 0.642864
vt 0.865053 0.639638
vt 0.798179 0.699920
vt 0.822187 0.700629
vt 0.829098 0.797355
vt 0.826665 0.772298
vt 0.824571 0.739683
vt 0.800607 0.774460
vt 0.799435 0.740614
vt 0.801833 0.801049
vt 0.819879 0.633791
vt 0.892540 0.640226
vt 0.878372 0.631523
vt 0.887677 0.652161
vt 0.883302 0.662371
vt 0.892247 0.655755
vt 0.887179 0.664957
vt 0.893924 0.657897
vt 0.889456 0.666260
vt 0.881719 0.783106
vt 0.879425 0.763701
vt 0.889326 0.791394
vt 0.884406 0.794709
vt 0.885803 0.781152
vt 0.883246 0.762670
vt 0.887816 0.775901
vt 0.886082 0.762567
vt 0.891830 0.787919
vt 0.918769 0.884187
vt 0.915461 0.888639
vt 0.890086 0.812869
vt 0.894062 0.810673
vt 0.954105 0.824275
vt 0.971488 0.836999
vt 0.902873 0.802236
vt 0.903058 0.797851
vt 0.952432 0.786786
vt 0.950692 0.739658
vt 0.967130 0.741480
vt 0.969279 0.792387
vt 0.971299 0.833175
vt 0.948477 0.688100
vt 0.964705 0.686863
vt 0.948000 0.676754
vt 0.964187 0.675193
vt 0.907621 0.680652
vt 0.907303 0.691236
vt 0.899429 0.680970
vt 0.898789 0.691506
vt 0.878575 0.736231
vt 0.882300 0.735988
vt 0.885834 0.734453
vt 0.878555 0.703089
vt 0.879978 0.676286
vt 0.882252 0.703861
vt 0.885774 0.710298
vt 0.883638 0.678039
vt 0.886587 0.675927
vt 0.882843 0.692859
vt 0.886147 0.692579
vt 0.885631 0.682388
vt 0.946483 0.647463
vt 0.962651 0.640584
vt 0.896473 0.642884
vt 0.902069 0.650479
vt 0.901768 0.653186
vt 0.927033 0.578720
vt 0.900394 0.634107
vt 0.909111 0.646324
vt 0.908986 0.648550
vt 0.937085 0.633049
vt 0.946025 0.635358
vt 0.943799 0.632603
vt 0.945756 0.628265
vt 0.961932 0.619342
vt 0.961814 0.615872
vt 0.852226 0.808602
vt 0.831164 0.812747
vt 0.802698 0.815373
vt 0.804475 0.827374
vt 0.833966 0.824022
vt 0.849051 0.901031
vt 0.852019 0.916499
vt 0.812920 0.920256
vt 0.855819 0.819731
vt 0.873362 0.800062
vt 0.879615 0.818502
vt 0.904595 0.895843
vt 0.860673 0.806067
vt 0.866827 0.802913
vt 0.863484 0.817156
vt 0.867713 0.817536
vt 0.878620 0.897107
vt 0.882945 0.911890
vt 0.898378 0.900875
vt 0.874336 0.820254
vt 0.870932 0.821339
vt 0.886411 0.894141
vt 0.892189 0.905809
vt 0.889440 0.891003
vt 0.896396 0.902455
vt 0.890497 0.883663
vt 0.797123 0.609419
vt 0.796861 0.613558
vt 0.801451 0.550205
vt 0.804411 0.510723
vt 0.852088 0.637995
vt 0.836601 0.637180
vt 0.871060 0.615280
vt 0.893407 0.539882
vt 0.868073 0.626565
vt 0.854011 0.623221
vt 0.856634 0.611838
vt 0.820850 0.616021
vt 0.821358 0.612187
vt 0.838650 0.620080
vt 0.831905 0.614848
vt 0.839711 0.614796
vt 0.844126 0.612187
vt 0.845382 0.608466
vt 0.834634 0.514711
vt 0.829233 0.554256
vt 0.867503 0.568024
vt 0.878372 0.524209
vt 0.851389 0.574111
vt 0.859524 0.516552
vt 0.851067 0.564363
vt 0.845178 0.558901
vt 0.865016 0.789530
vt 0.885800 0.781142
vt 0.883242 0.762661
vt 0.864032 0.767685
vt 0.862563 0.672857
vt 0.864030 0.653878
vt 0.851950 0.652428
vt 0.852046 0.672073
vt 0.858211 0.791327
vt 0.855989 0.768741
vt 0.845387 0.769802
vt 0.848739 0.793186
vt 0.797289 0.645846
vt 0.773898 0.644630
vt 0.773898 0.664325
vt 0.797425 0.665235
vt 0.854612 0.738263
vt 0.842965 0.738611
vt 0.836914 0.650357
vt 0.837676 0.670189
vt 0.852875 0.701554
vt 0.839888 0.700892
vt 0.820631 0.667016
vt 0.820258 0.647705
vt 0.796703 0.631283
vt 0.773897 0.629865
vt 0.773900 0.699001
vt 0.798169 0.699918
vt 0.822177 0.700625
vt 0.826661 0.772293
vt 0.829097 0.797350
vt 0.824565 0.739679
vt 0.800604 0.774458
vt 0.799429 0.740612
vt 0.773902 0.740682
vt 0.773903 0.774491
vt 0.801832 0.801047
vt 0.773904 0.802081
vt 0.819864 0.633787
vt 0.866826 0.802905
vt 0.889324 0.791384
vt 0.887394 0.776983
vt 0.885092 0.762593
vt 0.891282 0.788666
vt 0.852226 0.808595
vt 0.831164 0.812742
vt 0.802698 0.815371
vt 0.804331 0.826391
vt 0.773905 0.827463
vt 0.833727 0.823053
vt 0.811576 0.904783
vt 0.812929 0.920253
vt 0.852028 0.916492
vt 0.849248 0.902011
vt 0.773909 0.905529
vt 0.773909 0.921680
vt 0.855510 0.818765
vt 0.894062 0.810663
vt 0.874337 0.820245
vt 0.860672 0.806060
vt 0.863236 0.816172
vt 0.867650 0.816496
vt 0.882953 0.911881
vt 0.878911 0.898068
vt 0.871949 0.821007
vt 0.886857 0.895019
vt 0.892197 0.905799
vt 0.896403 0.902444
vt 0.889949 0.891821
vt 0.890911 0.884545
vt 0.898385 0.900864
vt 0.773896 0.609158
vt 0.773896 0.612235
vt 0.796844 0.613556
vt 0.797069 0.609976
vt 0.801472 0.549613
vt 0.804385 0.510720
vt 0.773892 0.508732
vt 0.773893 0.548453
vt 0.865038 0.639630
vt 0.852073 0.637988
vt 0.836586 0.637175
vt 0.820833 0.616017
vt 0.804476 0.827372
vt 0.833967 0.824017
vt 0.855820 0.819724
vt 0.863484 0.817148
vt 0.867713 0.817527
vt 0.870932 0.821331
vt 0.890502 0.883653
vt 0.889446 0.890993
vt 0.886418 0.894131
vt 0.878627 0.897098
vt 0.849058 0.901024
vt 0.811489 0.903784
vt 0.773909 0.904528
vt 0.882293 0.735979
vt 0.863550 0.737910
vt 0.862997 0.701949
vt 0.884782 0.734897
vt 0.886077 0.762557
vt 0.885827 0.734443
vt 0.887812 0.775891
vt 0.891827 0.787909
vt 0.887166 0.664947
vt 0.892234 0.655745
vt 0.888946 0.665965
vt 0.889443 0.666250
vt 0.893910 0.657887
vt 0.893490 0.657350
vt 0.883626 0.678030
vt 0.896458 0.642874
vt 0.868057 0.626557
vt 0.901754 0.653175
vt 0.901826 0.652528
vt 0.882243 0.703852
vt 0.902055 0.650468
vt 0.955005 0.824918
vt 0.903019 0.798726
vt 0.902872 0.802225
vt 0.971490 0.836982
vt 0.953744 0.787208
vt 0.969277 0.792370
vt 0.952430 0.786771
vt 0.954105 0.824259
vt 0.918775 0.884175
vt 0.903056 0.797840
vt 0.908972 0.648539
vt 0.909004 0.647963
vt 0.900379 0.634096
vt 0.871043 0.615272
vt 0.909097 0.646312
vt 0.946982 0.634364
vt 0.944266 0.631519
vt 0.943784 0.632588
vt 0.946009 0.635344
vt 0.936530 0.632387
vt 0.937069 0.633035
vt 0.913696 0.606401
vt 0.927013 0.578707
vt 0.893384 0.539872
vt 0.961914 0.619326
vt 0.961797 0.615856
vt 0.935447 0.631084
vt 0.946469 0.647448
vt 0.947745 0.646905
vt 0.962636 0.640568
vt 0.967124 0.741463
vt 0.952058 0.739794
vt 0.950685 0.739642
vt 0.886575 0.675918
vt 0.885960 0.676358
vt 0.949422 0.677827
vt 0.964175 0.675177
vt 0.907330 0.689953
vt 0.907562 0.682225
vt 0.899316 0.682635
vt 0.898856 0.690216
vt 0.949795 0.686696
vt 0.964694 0.686847
vt 0.948466 0.688085
vt 0.947987 0.676740
vt 0.907610 0.680641
vt 0.899417 0.680960
vt 0.907292 0.691225
vt 0.898778 0.691496
vt 0.885205 0.709266
vt 0.885764 0.710288
vt 0.885042 0.691251
vt 0.882832 0.692850
vt 0.885140 0.684178
vt 0.885619 0.682379
vt 0.886136 0.692569
vt 0.801428 0.550202
vt 0.773893 0.549043
vt 0.773896 0.608600
vt 0.797105 0.609417
vt 0.853995 0.623214
vt 0.821267 0.612737
vt 0.838633 0.620074
vt 0.832334 0.615189
vt 0.839521 0.615650
vt 0.839694 0.614791
vt 0.831888 0.614843
vt 0.844769 0.612919
vt 0.844108 0.612181
vt 0.846345 0.608754
vt 0.845364 0.608460
vt 0.834608 0.514706
vt 0.829291 0.553666
vt 0.856617 0.611831
vt 0.829211 0.554251
vt 0.845156 0.558895
vt 0.845345 0.558335
vt 0.821340 0.612183
vt 0.851369 0.574104
vt 0.852600 0.573639
vt 0.851045 0.564357
vt 0.852280 0.564632
vt 0.859499 0.516545
vt 0.867482 0.568016
vt 0.878347 0.524200
vt 0.682792 0.789538
vt 0.683774 0.767693
vt 0.664564 0.762670
vt 0.662007 0.781152
vt 0.685235 0.672865
vt 0.695752 0.672080
vt 0.695846 0.652435
vt 0.683766 0.653886
vt 0.689597 0.791334
vt 0.691817 0.768748
vt 0.702419 0.769808
vt 0.699069 0.793192
vt 0.750507 0.645848
vt 0.750372 0.665237
vt 0.704839 0.738617
vt 0.693191 0.738270
vt 0.710122 0.670195
vt 0.710882 0.650362
vt 0.694925 0.701561
vt 0.707912 0.700898
vt 0.727538 0.647709
vt 0.727166 0.667020
vt 0.751091 0.631285
vt 0.749631 0.699920
vt 0.725623 0.700629
vt 0.718712 0.797355
vt 0.721145 0.772298
vt 0.723239 0.739683
vt 0.747203 0.774460
vt 0.748375 0.740614
vt 0.745977 0.801049
vt 0.727931 0.633791
vt 0.658484 0.791394
vt 0.680983 0.802913
vt 0.660412 0.776992
vt 0.662713 0.762603
vt 0.656525 0.788676
vt 0.695584 0.808602
vt 0.716646 0.812747
vt 0.745112 0.815373
vt 0.743480 0.826393
vt 0.714083 0.823058
vt 0.736241 0.904787
vt 0.698569 0.902018
vt 0.695791 0.916499
vt 0.734890 0.920256
vt 0.692300 0.818772
vt 0.653748 0.810673
vt 0.673474 0.820254
vt 0.687137 0.806067
vt 0.684574 0.816180
vt 0.680159 0.816504
vt 0.668906 0.898077
vt 0.664865 0.911890
vt 0.675862 0.821015
vt 0.660959 0.895028
vt 0.655621 0.905809
vt 0.657867 0.891831
vt 0.651414 0.902455
vt 0.656905 0.884555
vt 0.649432 0.900875
vt 0.750723 0.609978
vt 0.750949 0.613558
vt 0.746315 0.549616
vt 0.743399 0.510723
vt 0.695722 0.637995
vt 0.682757 0.639638
vt 0.711209 0.637180
vt 0.726960 0.616021
vt 0.743335 0.827374
vt 0.713844 0.824022
vt 0.691991 0.819731
vt 0.684326 0.817156
vt 0.680097 0.817536
vt 0.676878 0.821339
vt 0.657313 0.883663
vt 0.658370 0.891003
vt 0.661399 0.894141
vt 0.669190 0.897107
vt 0.698759 0.901031
vt 0.736328 0.903788
vt 0.684253 0.737918
vt 0.665510 0.735988
vt 0.684803 0.701957
vt 0.663021 0.734907
vt 0.661976 0.734453
vt 0.661728 0.762567
vt 0.659994 0.775901
vt 0.655980 0.787919
vt 0.655562 0.655755
vt 0.660631 0.664957
vt 0.658851 0.665975
vt 0.654306 0.657360
vt 0.653886 0.657897
vt 0.658354 0.666260
vt 0.664172 0.678039
vt 0.651337 0.642884
vt 0.679737 0.626565
vt 0.645970 0.652539
vt 0.646042 0.653186
vt 0.665558 0.703861
vt 0.645741 0.650479
vt 0.592805 0.824933
vt 0.576322 0.836999
vt 0.644937 0.802236
vt 0.644789 0.798737
vt 0.594063 0.787223
vt 0.578531 0.792387
vt 0.593705 0.824275
vt 0.595378 0.786786
vt 0.629041 0.884187
vt 0.644752 0.797851
vt 0.638791 0.647974
vt 0.638824 0.648550
vt 0.647416 0.634107
vt 0.676750 0.615280
vt 0.638699 0.646324
vt 0.600812 0.634379
vt 0.601785 0.635358
vt 0.604011 0.632603
vt 0.603528 0.631533
vt 0.611264 0.632401
vt 0.610725 0.633049
vt 0.634096 0.606413
vt 0.654403 0.539882
vt 0.620777 0.578720
vt 0.585996 0.615872
vt 0.585878 0.619342
vt 0.612347 0.631098
vt 0.600050 0.646920
vt 0.601327 0.647463
vt 0.585159 0.640584
vt 0.580680 0.741480
vt 0.595746 0.739810
vt 0.597118 0.739658
vt 0.661223 0.675927
vt 0.661838 0.676367
vt 0.583623 0.675193
vt 0.598376 0.677842
vt 0.640469 0.689965
vt 0.648943 0.690226
vt 0.648483 0.682646
vt 0.640236 0.682236
vt 0.583104 0.686863
vt 0.598003 0.686711
vt 0.599333 0.688100
vt 0.599810 0.676754
vt 0.648381 0.680970
vt 0.640189 0.680652
vt 0.640507 0.691236
vt 0.649021 0.691506
vt 0.662596 0.709275
vt 0.662036 0.710298
vt 0.664967 0.692859
vt 0.662757 0.691261
vt 0.662659 0.684188
vt 0.662179 0.682388
vt 0.661663 0.692579
vt 0.746359 0.550205
vt 0.750687 0.609419
vt 0.693799 0.623221
vt 0.726525 0.612741
vt 0.709160 0.620080
vt 0.715458 0.615194
vt 0.715905 0.614848
vt 0.708098 0.614796
vt 0.708271 0.615656
vt 0.703023 0.612925
vt 0.703684 0.612187
vt 0.701447 0.608760
vt 0.702428 0.608466
vt 0.713176 0.514711
vt 0.718497 0.553670
vt 0.691176 0.611838
vt 0.718577 0.554256
vt 0.702442 0.558341
vt 0.702632 0.558901
vt 0.726452 0.612187
vt 0.696420 0.574111
vt 0.695189 0.573646
vt 0.695508 0.564638
vt 0.696743 0.564363
vt 0.688286 0.516552
vt 0.680307 0.568024
vt 0.669438 0.524209
vt 0.185275 0.829116
vt 0.182606 0.831006
vt 0.176416 0.828138
vt 0.178614 0.825361
vt 0.162088 0.827249
vt 0.155669 0.833001
vt 0.155175 0.823218
vt 0.146103 0.825842
vt 0.148051 0.821517
vt 0.169446 0.826223
vt 0.162767 0.832013
vt 0.174673 0.831181
vt 0.126945 0.823113
vt 0.133745 0.821235
vt 0.134052 0.823653
vt 0.140904 0.820569
vt 0.148901 0.837045
vt 0.143198 0.830984
vt 0.172935 0.836158
vt 0.164690 0.837029
vt 0.134828 0.829338
vt 0.136402 0.840335
vt 0.169800 0.846405
vt 0.255906 0.261828
vt 0.233238 0.262970
vt 0.233764 0.254601
vt 0.256835 0.253610
vt 0.282589 0.253082
vt 0.282590 0.261161
vt 0.202845 0.263871
vt 0.204816 0.257853
vt 0.198081 0.263567
vt 0.201176 0.253590
vt 0.236205 0.912327
vt 0.236086 0.905357
vt 0.282661 0.904776
vt 0.282662 0.911522
vt 0.234383 0.891459
vt 0.282659 0.891533
vt 0.232139 0.882752
vt 0.231563 0.875941
vt 0.282658 0.878934
vt 0.282659 0.883269
vt 0.282663 0.925053
vt 0.235810 0.924135
vt 0.151337 0.361657
vt 0.150605 0.385976
vt 0.134254 0.388461
vt 0.134886 0.366590
vt 0.173420 0.308562
vt 0.163143 0.312572
vt 0.165049 0.327548
vt 0.177635 0.323920
vt 0.179157 0.338945
vt 0.165831 0.341393
vt 0.222652 0.905653
vt 0.221266 0.891500
vt 0.222643 0.912704
vt 0.222086 0.923977
vt 0.080511 0.350086
vt 0.089956 0.360539
vt 0.085710 0.364011
vt 0.076300 0.354171
vt 0.093684 0.376685
vt 0.098374 0.374313
vt 0.082948 0.365338
vt 0.073718 0.355815
vt 0.090666 0.377568
vt 0.096716 0.409579
vt 0.095417 0.392684
vt 0.098565 0.392360
vt 0.099871 0.409878
vt 0.087419 0.442112
vt 0.094052 0.426944
vt 0.097091 0.427832
vt 0.090479 0.443673
vt 0.095045 0.446212
vt 0.083850 0.458643
vt 0.079937 0.454973
vt 0.068097 0.461987
vt 0.071826 0.466673
vt 0.104791 0.410156
vt 0.101948 0.429292
vt 0.103431 0.391291
vt 0.076603 0.452303
vt 0.064823 0.458166
vt 0.112002 0.730413
vt 0.108642 0.708099
vt 0.131699 0.702893
vt 0.132349 0.729004
vt 0.046635 0.800364
vt 0.052191 0.797354
vt 0.054415 0.802833
vt 0.048737 0.805835
vt 0.088629 0.694058
vt 0.095439 0.711304
vt 0.089809 0.713159
vt 0.083658 0.697328
vt 0.092663 0.730864
vt 0.098443 0.730498
vt 0.097457 0.749533
vt 0.091965 0.748494
vt 0.044893 0.799131
vt 0.050181 0.795439
vt 0.060645 0.789394
vt 0.063514 0.791702
vt 0.088836 0.731366
vt 0.086060 0.714172
vt 0.080145 0.698996
vt 0.087644 0.764560
vt 0.083905 0.763759
vt 0.088119 0.748455
vt 0.066557 0.672482
vt 0.077971 0.681138
vt 0.074355 0.685571
vt 0.063692 0.677731
vt 0.071319 0.687911
vt 0.061154 0.680598
vt 0.043638 0.674133
vt 0.046211 0.671422
vt 0.039975 0.466277
vt 0.042724 0.468266
vt 0.030032 0.650453
vt 0.031528 0.593912
vt 0.035016 0.593985
vt 0.033661 0.650355
vt 0.031641 0.667024
vt 0.034836 0.665628
vt 0.183426 0.926254
vt 0.221909 0.929773
vt 0.183031 0.932040
vt 0.033423 0.818468
vt 0.030356 0.813343
vt 0.235665 0.929918
vt 0.282664 0.930808
vt 0.282664 0.932455
vt 0.235664 0.931562
vt 0.221934 0.931419
vt 0.183410 0.933674
vt 0.029485 0.811851
vt 0.100085 0.685453
vt 0.069830 0.665585
vt 0.083067 0.671705
vt 0.071498 0.650081
vt 0.083556 0.650566
vt 0.116015 0.390141
vt 0.117278 0.410984
vt 0.152105 0.342560
vt 0.135862 0.347307
vt 0.166158 0.360635
vt 0.152464 0.328651
vt 0.152831 0.313253
vt 0.099930 0.650929
vt 0.089312 0.466276
vt 0.075671 0.472925
vt 0.106111 0.454715
vt 0.086740 0.521854
vt 0.075314 0.522944
vt 0.102779 0.521291
vt 0.105525 0.835218
vt 0.094081 0.834466
vt 0.109207 0.826971
vt 0.190746 0.263637
vt 0.184417 0.264625
vt 0.182440 0.255684
vt 0.188578 0.254421
vt 0.177536 0.244248
vt 0.175431 0.247179
vt 0.055528 0.299596
vt 0.055399 0.292111
vt 0.060068 0.291926
vt 0.059792 0.299486
vt 0.058392 0.284401
vt 0.053109 0.285136
vt 0.254077 0.210376
vt 0.282584 0.209880
vt 0.282585 0.214747
vt 0.254519 0.214975
vt 0.180624 0.211371
vt 0.198195 0.211108
vt 0.197924 0.215789
vt 0.178836 0.216052
vt 0.079526 0.284205
vt 0.079360 0.292841
vt 0.069873 0.291901
vt 0.069616 0.283487
vt 0.069448 0.300289
vt 0.079470 0.301241
vt 0.066106 0.283512
vt 0.067070 0.291747
vt 0.066472 0.300017
vt 0.089906 0.283155
vt 0.092679 0.293986
vt 0.177366 0.234943
vt 0.198220 0.224367
vt 0.178178 0.223170
vt 0.110299 0.367427
vt 0.110669 0.346395
vt 0.114164 0.432466
vt 0.060235 0.342876
vt 0.066383 0.339476
vt 0.057260 0.344254
vt 0.050482 0.336338
vt 0.053800 0.336045
vt 0.060380 0.333406
vt 0.055297 0.322547
vt 0.054042 0.329749
vt 0.050466 0.328947
vt 0.051641 0.321371
vt 0.068836 0.337644
vt 0.071398 0.332119
vt 0.088208 0.336031
vt 0.085370 0.342938
vt 0.061929 0.321934
vt 0.074765 0.323696
vt 0.065290 0.321930
vt 0.099177 0.341535
vt 0.096938 0.352342
vt 0.063131 0.332000
vt 0.063962 0.328058
vt 0.060219 0.328397
vt 0.282586 0.227580
vt 0.254597 0.228107
vt 0.254657 0.223046
vt 0.282585 0.222592
vt 0.198377 0.229742
vt 0.178263 0.226047
vt 0.170152 0.781038
vt 0.169513 0.794215
vt 0.150916 0.791730
vt 0.151356 0.778890
vt 0.151226 0.756584
vt 0.169822 0.758099
vt 0.150528 0.728656
vt 0.168411 0.728754
vt 0.233719 0.210890
vt 0.233933 0.215466
vt 0.282588 0.248965
vt 0.254608 0.249395
vt 0.234232 0.250068
vt 0.234060 0.228903
vt 0.234108 0.223705
vt 0.174772 0.815648
vt 0.166142 0.812970
vt 0.168622 0.801419
vt 0.219276 0.882776
vt 0.184014 0.892660
vt 0.183861 0.885658
vt 0.224788 0.872539
vt 0.157702 0.811453
vt 0.150326 0.798778
vt 0.149109 0.810129
vt 0.132690 0.773658
vt 0.132700 0.753865
vt 0.110209 0.752622
vt 0.132344 0.784595
vt 0.217418 0.852576
vt 0.227339 0.869513
vt 0.214465 0.853335
vt 0.216799 0.842109
vt 0.213760 0.839615
vt 0.223307 0.837184
vt 0.222652 0.833652
vt 0.253450 0.835488
vt 0.253127 0.832387
vt 0.070430 0.786712
vt 0.067387 0.784596
vt 0.076198 0.775927
vt 0.079599 0.777513
vt 0.092539 0.767034
vt 0.103575 0.774484
vt 0.083633 0.781531
vt 0.100982 0.595599
vt 0.084263 0.595189
vt 0.073421 0.594892
vt 0.172572 0.264657
vt 0.164037 0.263781
vt 0.168210 0.253141
vt 0.172051 0.258786
vt 0.095568 0.283492
vt 0.101681 0.293109
vt 0.097635 0.303275
vt 0.111927 0.297689
vt 0.106591 0.306400
vt 0.102163 0.326202
vt 0.092195 0.325017
vt 0.110604 0.284888
vt 0.106152 0.279774
vt 0.119210 0.278390
vt 0.116993 0.286707
vt 0.257916 0.301057
vt 0.254896 0.311579
vt 0.251153 0.310524
vt 0.251505 0.299198
vt 0.254546 0.332873
vt 0.252058 0.332452
vt 0.282598 0.331961
vt 0.282595 0.311421
vt 0.252237 0.275613
vt 0.282594 0.302067
vt 0.282591 0.274743
vt 0.282642 0.732226
vt 0.282646 0.766902
vt 0.249461 0.766203
vt 0.247793 0.731965
vt 0.282649 0.796723
vt 0.250807 0.795094
vt 0.251304 0.805945
vt 0.282650 0.807419
vt 0.282651 0.819256
vt 0.282652 0.826435
vt 0.252464 0.826194
vt 0.251924 0.818392
vt 0.282653 0.831162
vt 0.282653 0.833845
vt 0.231913 0.872590
vt 0.225383 0.851453
vt 0.254473 0.851047
vt 0.282658 0.875664
vt 0.282655 0.850653
vt 0.156216 0.819815
vt 0.148676 0.818186
vt 0.163678 0.822169
vt 0.171280 0.823238
vt 0.183140 0.818691
vt 0.190470 0.824669
vt 0.195875 0.831213
vt 0.190041 0.834532
vt 0.186585 0.836160
vt 0.191691 0.841639
vt 0.190205 0.848939
vt 0.187244 0.848324
vt 0.188748 0.842107
vt 0.125389 0.820318
vt 0.132992 0.818144
vt 0.140845 0.817531
vt 0.207161 0.854967
vt 0.194137 0.849720
vt 0.188320 0.856383
vt 0.182176 0.868806
vt 0.180209 0.861658
vt 0.196781 0.840651
vt 0.122826 0.815279
vt 0.131621 0.812391
vt 0.075587 0.835205
vt 0.077300 0.812724
vt 0.104012 0.810270
vt 0.115120 0.820382
vt 0.131941 0.803807
vt 0.140444 0.810815
vt 0.118696 0.824241
vt 0.184862 0.837152
vt 0.186518 0.848122
vt 0.183939 0.853932
vt 0.179520 0.840431
vt 0.180777 0.847917
vt 0.185563 0.854934
vt 0.122678 0.828397
vt 0.121193 0.826922
vt 0.123820 0.840407
vt 0.116800 0.838978
vt 0.127245 0.832906
vt 0.113576 0.830102
vt 0.116674 0.832001
vt 0.178320 0.857496
vt 0.175936 0.854421
vt 0.110418 0.837318
vt 0.179217 0.860148
vt 0.178660 0.858099
vt 0.114786 0.838440
vt 0.228767 0.350233
vt 0.202212 0.353053
vt 0.201892 0.333198
vt 0.229971 0.332346
vt 0.195917 0.333853
vt 0.196579 0.357701
vt 0.228932 0.367877
vt 0.202762 0.372912
vt 0.197212 0.375446
vt 0.253490 0.349085
vt 0.253602 0.366716
vt 0.188595 0.381015
vt 0.188174 0.358244
vt 0.179942 0.359292
vt 0.187968 0.335882
vt 0.282599 0.348373
vt 0.282601 0.366227
vt 0.166220 0.385440
vt 0.180526 0.390224
vt 0.182350 0.730242
vt 0.179139 0.697120
vt 0.189522 0.698809
vt 0.193161 0.731103
vt 0.177117 0.660423
vt 0.187816 0.666801
vt 0.246028 0.700585
vt 0.211823 0.731695
vt 0.208239 0.699856
vt 0.282638 0.701291
vt 0.205454 0.671919
vt 0.244777 0.679003
vt 0.282636 0.681736
vt 0.186451 0.807352
vt 0.186989 0.798989
vt 0.185284 0.760024
vt 0.197499 0.762895
vt 0.215207 0.765482
vt 0.206189 0.790907
vt 0.201531 0.789914
vt 0.217939 0.793412
vt 0.206410 0.825201
vt 0.186909 0.784238
vt 0.221303 0.825946
vt 0.220208 0.817501
vt 0.218948 0.804423
vt 0.203731 0.801340
vt 0.205931 0.812765
vt 0.209922 0.802594
vt 0.214527 0.815616
vt 0.184687 0.913260
vt 0.184725 0.906237
vt 0.052639 0.815763
vt 0.042549 0.828307
vt 0.068225 0.835285
vt 0.054599 0.834018
vt 0.057705 0.816116
vt 0.069802 0.814044
vt 0.048476 0.831990
vt 0.056902 0.809829
vt 0.068686 0.806098
vt 0.066386 0.797214
vt 0.073695 0.791930
vt 0.103400 0.793658
vt 0.087699 0.786006
vt 0.076133 0.794020
vt 0.076515 0.803066
vt 0.232796 0.277415
vt 0.201973 0.310109
vt 0.231634 0.310730
vt 0.232083 0.297864
vt 0.202169 0.295582
vt 0.202396 0.278757
vt 0.202071 0.302846
vt 0.038552 0.650336
vt 0.039918 0.594061
vt 0.049890 0.666156
vt 0.039955 0.662562
vt 0.062911 0.664064
vt 0.054675 0.649941
vt 0.055907 0.594307
vt 0.057416 0.524084
vt 0.033524 0.521126
vt 0.036924 0.521373
vt 0.060156 0.476635
vt 0.048325 0.471908
vt 0.038127 0.475396
vt 0.034914 0.474455
vt 0.042027 0.522369
vt 0.043544 0.478176
vt 0.149632 0.698964
vt 0.166472 0.696292
vt 0.149789 0.413576
vt 0.133274 0.412503
vt 0.165716 0.413645
vt 0.170837 0.413725
vt 0.130730 0.523089
vt 0.130313 0.596216
vt 0.131445 0.459936
vt 0.132120 0.437582
vt 0.140458 0.596412
vt 0.140898 0.523964
vt 0.169806 0.524984
vt 0.169548 0.596662
vt 0.164061 0.596728
vt 0.163717 0.525079
vt 0.169204 0.648738
vt 0.164246 0.647589
vt 0.165280 0.675703
vt 0.131233 0.680230
vt 0.130890 0.651280
vt 0.164308 0.467728
vt 0.169794 0.467623
vt 0.164901 0.443154
vt 0.169866 0.443049
vt 0.148944 0.442534
vt 0.152886 0.466450
vt 0.152312 0.524727
vt 0.149070 0.675646
vt 0.152715 0.648729
vt 0.140700 0.650092
vt 0.152252 0.596604
vt 0.142915 0.463925
vt 0.380030 0.829095
vt 0.386690 0.825338
vt 0.388889 0.828114
vt 0.382700 0.830984
vt 0.403217 0.827223
vt 0.410129 0.823189
vt 0.409637 0.832973
vt 0.417253 0.821487
vt 0.419201 0.825812
vt 0.402538 0.831986
vt 0.395858 0.826198
vt 0.390632 0.831157
vt 0.438359 0.823079
vt 0.431251 0.823620
vt 0.431558 0.821203
vt 0.424399 0.820538
vt 0.422108 0.830953
vt 0.416405 0.837015
vt 0.400617 0.837003
vt 0.392372 0.836134
vt 0.430477 0.829305
vt 0.428905 0.840303
vt 0.395508 0.846380
vt 0.309273 0.261822
vt 0.308342 0.253604
vt 0.331414 0.254590
vt 0.331941 0.262959
vt 0.360362 0.257836
vt 0.362335 0.263853
vt 0.364001 0.253572
vt 0.367099 0.263548
vt 0.329118 0.912317
vt 0.329236 0.905347
vt 0.330935 0.891448
vt 0.333177 0.882741
vt 0.333752 0.875930
vt 0.329516 0.924125
vt 0.413864 0.361628
vt 0.430316 0.366557
vt 0.430953 0.388428
vt 0.414602 0.385947
vt 0.402047 0.312546
vt 0.391770 0.308538
vt 0.400146 0.327522
vt 0.399366 0.341367
vt 0.386039 0.338922
vt 0.387558 0.323897
vt 0.344052 0.891486
vt 0.342670 0.905640
vt 0.342681 0.912691
vt 0.343240 0.923964
vt 0.484688 0.350041
vt 0.488900 0.354125
vt 0.479492 0.363967
vt 0.475245 0.360496
vt 0.471520 0.376643
vt 0.466830 0.374272
vt 0.491482 0.355769
vt 0.482254 0.365294
vt 0.474539 0.377526
vt 0.468496 0.409538
vt 0.465341 0.409838
vt 0.466643 0.392319
vt 0.469791 0.392643
vt 0.477800 0.442069
vt 0.474740 0.443631
vt 0.468125 0.427791
vt 0.471164 0.426902
vt 0.470175 0.446171
vt 0.485285 0.454928
vt 0.481373 0.458599
vt 0.497126 0.461940
vt 0.493399 0.466626
vt 0.460421 0.410117
vt 0.463268 0.429252
vt 0.461777 0.391251
vt 0.488618 0.452257
vt 0.500400 0.458118
vt 0.453281 0.730375
vt 0.432933 0.728971
vt 0.433578 0.702860
vt 0.456636 0.708061
vt 0.518663 0.800312
vt 0.516563 0.805783
vt 0.510884 0.802783
vt 0.513107 0.797303
vt 0.476646 0.694015
vt 0.481618 0.697284
vt 0.475470 0.713116
vt 0.469839 0.711263
vt 0.472620 0.730822
vt 0.466840 0.730457
vt 0.473322 0.748452
vt 0.467830 0.749492
vt 0.520405 0.799078
vt 0.515116 0.795388
vt 0.501782 0.791654
vt 0.504651 0.789345
vt 0.476447 0.731323
vt 0.479219 0.714128
vt 0.485131 0.698951
vt 0.477646 0.764517
vt 0.477168 0.748412
vt 0.481385 0.763715
vt 0.498713 0.672434
vt 0.501579 0.677683
vt 0.490918 0.685525
vt 0.487301 0.681093
vt 0.493954 0.687864
vt 0.504118 0.680549
vt 0.519059 0.671370
vt 0.521632 0.674080
vt 0.525249 0.466223
vt 0.522501 0.468213
vt 0.535234 0.650397
vt 0.531604 0.650300
vt 0.530236 0.593930
vt 0.533725 0.593856
vt 0.533628 0.666969
vt 0.530433 0.665573
vt 0.381900 0.926232
vt 0.382296 0.932018
vt 0.343418 0.929760
vt 0.534945 0.813287
vt 0.531879 0.818413
vt 0.329662 0.929908
vt 0.329664 0.931552
vt 0.343394 0.931406
vt 0.381918 0.933652
vt 0.535816 0.811795
vt 0.465188 0.685413
vt 0.495438 0.665538
vt 0.482203 0.671661
vt 0.493767 0.650034
vt 0.481709 0.650522
vt 0.447934 0.410947
vt 0.449192 0.390104
vt 0.413092 0.342531
vt 0.429336 0.347275
vt 0.399043 0.360609
vt 0.465335 0.650889
vt 0.489555 0.472879
vt 0.475912 0.466233
vt 0.459111 0.454676
vt 0.489923 0.522898
vt 0.478497 0.521811
vt 0.462458 0.521251
vt 0.459782 0.835179
vt 0.456097 0.826933
vt 0.471225 0.834424
vt 0.374434 0.263617
vt 0.376599 0.254400
vt 0.382738 0.255662
vt 0.380763 0.264603
vt 0.387639 0.244225
vt 0.389746 0.247155
vt 0.509660 0.299546
vt 0.505396 0.299437
vt 0.505118 0.291877
vt 0.509787 0.292061
vt 0.506792 0.284351
vt 0.512075 0.285085
vt 0.311091 0.210370
vt 0.310650 0.214969
vt 0.384545 0.211348
vt 0.386333 0.216029
vt 0.367245 0.215770
vt 0.366973 0.211089
vt 0.485658 0.284160
vt 0.495568 0.283440
vt 0.495313 0.291854
vt 0.485826 0.292796
vt 0.495740 0.300242
vt 0.485718 0.301196
vt 0.499078 0.283464
vt 0.498116 0.291699
vt 0.498716 0.299969
vt 0.475278 0.283112
vt 0.472507 0.293944
vt 0.387807 0.234920
vt 0.386993 0.223147
vt 0.366952 0.224348
vt 0.454904 0.367389
vt 0.454530 0.346357
vt 0.451053 0.432429
vt 0.504963 0.342827
vt 0.498813 0.339428
vt 0.507937 0.344204
vt 0.511396 0.335994
vt 0.514714 0.336287
vt 0.504815 0.333357
vt 0.509896 0.322497
vt 0.513551 0.321320
vt 0.514728 0.328896
vt 0.511152 0.329698
vt 0.496360 0.337597
vt 0.479827 0.342894
vt 0.476987 0.335988
vt 0.493797 0.332072
vt 0.503264 0.321885
vt 0.499902 0.321882
vt 0.490428 0.323650
vt 0.468261 0.352301
vt 0.466020 0.341494
vt 0.502064 0.331951
vt 0.501232 0.328010
vt 0.504975 0.328348
vt 0.310513 0.223040
vt 0.310575 0.228101
vt 0.366795 0.229723
vt 0.386909 0.226024
vt 0.395143 0.781013
vt 0.413937 0.778861
vt 0.414380 0.791701
vt 0.395784 0.794190
vt 0.395467 0.758074
vt 0.414063 0.756555
vt 0.414755 0.728627
vt 0.396871 0.728729
vt 0.331449 0.210879
vt 0.331236 0.215455
vt 0.310568 0.249389
vt 0.331112 0.228892
vt 0.330945 0.250057
vt 0.331063 0.223694
vt 0.390530 0.815624
vt 0.396676 0.801394
vt 0.399160 0.812944
vt 0.346040 0.882762
vt 0.381456 0.885636
vt 0.381306 0.892638
vt 0.340526 0.872526
vt 0.407599 0.811425
vt 0.414972 0.798749
vt 0.416192 0.810099
vt 0.432588 0.753832
vt 0.432603 0.773625
vt 0.455079 0.752584
vt 0.432952 0.784562
vt 0.347893 0.852562
vt 0.350845 0.853320
vt 0.337975 0.869501
vt 0.348509 0.842094
vt 0.351548 0.839600
vt 0.341999 0.837171
vt 0.342655 0.833639
vt 0.311856 0.835482
vt 0.312179 0.832381
vt 0.494865 0.786665
vt 0.485694 0.777468
vt 0.489095 0.775881
vt 0.497908 0.784548
vt 0.472752 0.766992
vt 0.461718 0.774444
vt 0.481661 0.781487
vt 0.464271 0.595559
vt 0.480990 0.595145
vt 0.491832 0.594846
vt 0.392608 0.264633
vt 0.393127 0.258762
vt 0.396967 0.253116
vt 0.401143 0.263755
vt 0.463505 0.293069
vt 0.469616 0.283451
vt 0.467553 0.303234
vt 0.458598 0.306361
vt 0.453260 0.297651
vt 0.472998 0.324975
vt 0.463030 0.326162
vt 0.452788 0.327170
vt 0.454580 0.284850
vt 0.448192 0.286670
vt 0.445973 0.278354
vt 0.459031 0.279735
vt 0.450035 0.307682
vt 0.307272 0.301052
vt 0.313683 0.299191
vt 0.314037 0.310517
vt 0.310294 0.311573
vt 0.313137 0.332445
vt 0.310649 0.332867
vt 0.385034 0.303390
vt 0.377228 0.335861
vt 0.378829 0.318617
vt 0.312945 0.275606
vt 0.317490 0.731957
vt 0.315830 0.766196
vt 0.314491 0.795087
vt 0.313996 0.805938
vt 0.313379 0.818386
vt 0.312840 0.826188
vt 0.333401 0.872579
vt 0.310837 0.851040
vt 0.339927 0.851440
vt 0.409087 0.819787
vt 0.416626 0.818156
vt 0.401625 0.822142
vt 0.394024 0.823214
vt 0.382163 0.818669
vt 0.374834 0.824649
vt 0.375265 0.834512
vt 0.369431 0.831194
vt 0.378722 0.836138
vt 0.373617 0.841619
vt 0.376560 0.842086
vt 0.378066 0.848303
vt 0.375104 0.848919
vt 0.439914 0.820283
vt 0.432310 0.818111
vt 0.424457 0.817500
vt 0.358149 0.854950
vt 0.371173 0.849700
vt 0.376991 0.856363
vt 0.383137 0.868784
vt 0.385103 0.861635
vt 0.368526 0.840632
vt 0.433680 0.812358
vt 0.442476 0.815244
vt 0.461288 0.810230
vt 0.488001 0.812679
vt 0.489719 0.835159
vt 0.450183 0.820345
vt 0.433359 0.803774
vt 0.424857 0.810784
vt 0.446608 0.824204
vt 0.380444 0.837130
vt 0.378791 0.848101
vt 0.381372 0.853910
vt 0.385788 0.840408
vt 0.384532 0.847894
vt 0.379748 0.854912
vt 0.444111 0.826886
vt 0.442626 0.828362
vt 0.441487 0.840372
vt 0.438061 0.832872
vt 0.448507 0.838941
vt 0.451729 0.830065
vt 0.448631 0.831965
vt 0.389374 0.854397
vt 0.386991 0.857473
vt 0.454889 0.837280
vt 0.386651 0.858076
vt 0.386094 0.860125
vt 0.450521 0.838403
vt 0.336432 0.350221
vt 0.335224 0.332334
vt 0.363304 0.333180
vt 0.362987 0.353035
vt 0.369279 0.333834
vt 0.368621 0.357682
vt 0.336271 0.367866
vt 0.362442 0.372894
vt 0.367993 0.375427
vt 0.311708 0.349079
vt 0.311601 0.366710
vt 0.377026 0.358223
vt 0.376611 0.380995
vt 0.385259 0.359269
vt 0.398986 0.385414
vt 0.384681 0.390201
vt 0.382933 0.730220
vt 0.372122 0.731083
vt 0.375754 0.698788
vt 0.386136 0.697097
vt 0.377453 0.666780
vt 0.388151 0.660400
vt 0.319249 0.700577
vt 0.357038 0.699840
vt 0.353460 0.731679
vt 0.359816 0.671902
vt 0.320495 0.678995
vt 0.378850 0.807331
vt 0.378310 0.798968
vt 0.380005 0.760002
vt 0.367791 0.762876
vt 0.350084 0.765467
vt 0.363765 0.789896
vt 0.359108 0.790890
vt 0.347359 0.793398
vt 0.358894 0.825184
vt 0.378386 0.784217
vt 0.344001 0.825932
vt 0.345094 0.817487
vt 0.346351 0.804409
vt 0.359371 0.812748
vt 0.361568 0.801322
vt 0.355378 0.802578
vt 0.350775 0.815601
vt 0.380637 0.913238
vt 0.380597 0.906215
vt 0.522755 0.828254
vt 0.512663 0.815712
vt 0.497081 0.835238
vt 0.495499 0.813997
vt 0.507597 0.816066
vt 0.510707 0.833968
vt 0.516829 0.831938
vt 0.508398 0.809779
vt 0.496614 0.806051
vt 0.498912 0.797166
vt 0.491601 0.791884
vt 0.461897 0.793618
vt 0.477596 0.785963
vt 0.489164 0.793974
vt 0.488784 0.803020
vt 0.332387 0.277404
vt 0.333557 0.310719
vt 0.363218 0.310091
vt 0.362787 0.278739
vt 0.363018 0.295565
vt 0.333105 0.297853
vt 0.368367 0.279223
vt 0.363118 0.302828
vt 0.526714 0.650282
vt 0.525335 0.594007
vt 0.515379 0.666104
vt 0.502357 0.664015
vt 0.525313 0.662508
vt 0.510591 0.649891
vt 0.507822 0.524034
vt 0.509346 0.594257
vt 0.528313 0.521319
vt 0.531712 0.521071
vt 0.516900 0.471856
vt 0.505071 0.476586
vt 0.530312 0.474400
vt 0.527099 0.475342
vt 0.523210 0.522316
vt 0.521683 0.478123
vt 0.415644 0.698935
vt 0.398804 0.696266
vt 0.431939 0.412470
vt 0.415424 0.413547
vt 0.399497 0.413619
vt 0.394376 0.413700
vt 0.434507 0.523055
vt 0.434940 0.596182
vt 0.433778 0.459903
vt 0.433098 0.437549
vt 0.424795 0.596380
vt 0.424340 0.523932
vt 0.395432 0.524959
vt 0.401520 0.525053
vt 0.401192 0.596702
vt 0.395706 0.596637
vt 0.401018 0.647563
vt 0.396061 0.648713
vt 0.399991 0.675677
vt 0.434039 0.680197
vt 0.434376 0.651246
vt 0.400918 0.467702
vt 0.395431 0.467598
vt 0.400319 0.443128
vt 0.395354 0.443025
vt 0.416276 0.442504
vt 0.412338 0.466421
vt 0.412926 0.524698
vt 0.416201 0.675616
vt 0.412550 0.648700
vt 0.424565 0.650061
vt 0.413002 0.596575
vt 0.422309 0.463894
vt 0.451992 0.125622
vt 0.449989 0.136307
vt 0.439433 0.139021
vt 0.439466 0.125250
vt 0.426960 0.125582
vt 0.428905 0.136247
vt 0.419793 0.124072
vt 0.417497 0.129866
vt 0.439391 0.093080
vt 0.453393 0.094420
vt 0.447826 0.102510
vt 0.439440 0.103762
vt 0.425459 0.094622
vt 0.431072 0.102571
vt 0.452172 0.120245
vt 0.439466 0.119893
vt 0.426802 0.120225
vt 0.421777 0.121282
vt 0.426121 0.109853
vt 0.416060 0.098311
vt 0.452861 0.109825
vt 0.439458 0.111858
vt 0.416642 0.119269
vt 0.439114 0.062983
vt 0.422734 0.063482
vt 0.442956 0.033458
vt 0.438715 0.031781
vt 0.445254 0.025297
vt 0.449695 0.028718
vt 0.412442 0.095997
vt 0.411394 0.063137
vt 0.415238 0.063250
vt 0.421947 0.035866
vt 0.429220 0.037805
vt 0.415776 0.122479
vt 0.413022 0.129263
vt 0.434652 0.033497
vt 0.427796 0.028912
vt 0.431992 0.025480
vt 0.404409 0.093126
vt 0.466906 0.062431
vt 0.474564 0.092517
vt 0.466526 0.095575
vt 0.461475 0.129970
vt 0.459203 0.124135
vt 0.462923 0.097982
vt 0.463049 0.062655
vt 0.457216 0.121320
vt 0.455529 0.063094
vt 0.462389 0.119307
vt 0.463252 0.122549
vt 0.465979 0.129393
vt 0.448372 0.037546
vt 0.455600 0.035416
vt 0.527844 0.440053
vt 0.519797 0.434669
vt 0.522750 0.432170
vt 0.528581 0.436943
vt 0.517596 0.416214
vt 0.511600 0.418219
vt 0.555857 0.418526
vt 0.547301 0.434937
vt 0.544382 0.432370
vt 0.549807 0.416469
vt 0.548077 0.380863
vt 0.543005 0.380801
vt 0.544458 0.372590
vt 0.551777 0.376429
vt 0.519720 0.380726
vt 0.516073 0.376257
vt 0.523505 0.372477
vt 0.524881 0.380727
vt 0.511623 0.385008
vt 0.519012 0.386087
vt 0.526272 0.386843
vt 0.548739 0.386245
vt 0.541544 0.386913
vt 0.556154 0.385236
vt 0.541948 0.415434
vt 0.525498 0.415343
vt 0.538448 0.437036
vt 0.539120 0.440166
vt 0.539009 0.429689
vt 0.528227 0.429614
vt 0.537535 0.956073
vt 0.536110 0.946424
vt 0.548405 0.943962
vt 0.549435 0.951354
vt 0.470657 0.946359
vt 0.469206 0.956013
vt 0.457323 0.951251
vt 0.458373 0.943859
vt 0.503373 0.947871
vt 0.503368 0.957301
vt 0.543039 0.966025
vt 0.545877 0.977058
vt 0.503343 0.977058
vt 0.503365 0.965530
vt 0.463682 0.965968
vt 0.460808 0.977058
vt 0.443661 0.957180
vt 0.449993 0.956525
vt 0.556777 0.956654
vt 0.563102 0.957327
vt 0.449397 0.946823
vt 0.557369 0.946940
vt 0.809500 0.462239
vt 0.809260 0.475665
vt 0.762555 0.475786
vt 0.762423 0.462368
vt 0.844885 0.461736
vt 0.844904 0.475417
vt 0.849461 0.461623
vt 0.848425 0.475355
vt 0.853077 0.461303
vt 0.850787 0.475312
vt 0.859801 0.461097
vt 0.856838 0.473778
vt 0.873020 0.459421
vt 0.868425 0.474154
vt 0.879314 0.462800
vt 0.875050 0.476939
vt 0.897784 0.476449
vt 0.892362 0.486458
vt 0.880670 0.479302
vt 0.884652 0.465666
vt 0.917727 0.492436
vt 0.915624 0.499587
vt 0.907327 0.464781
vt 0.916124 0.457581
vt 0.933808 0.477332
vt 0.927234 0.480814
vt 0.894121 0.453653
vt 0.907229 0.448037
vt 0.885852 0.442487
vt 0.901919 0.437471
vt 0.904792 0.443188
vt 0.890326 0.448528
vt 0.858558 0.441401
vt 0.853278 0.429775
vt 0.863645 0.427855
vt 0.872520 0.440051
vt 0.851994 0.442347
vt 0.847731 0.428893
vt 0.848623 0.442529
vt 0.846135 0.429020
vt 0.844360 0.442857
vt 0.843430 0.429235
vt 0.809320 0.444393
vt 0.808811 0.430976
vt 0.763473 0.430485
vt 0.762355 0.443937
vt 0.924698 0.488282
vt 0.929839 0.492469
vt 0.923660 0.497119
vt 0.902512 0.470393
vt 0.888081 0.458402
vt 0.874774 0.448937
vt 0.881974 0.454058
vt 0.859943 0.450971
vt 0.852919 0.451659
vt 0.848596 0.451974
vt 0.843016 0.452233
vt 0.808993 0.453206
vt 0.762332 0.453065
vt 0.933049 0.485597
vt 0.762132 0.443940
vt 0.715683 0.454122
vt 0.715185 0.445317
vt 0.636658 0.460828
vt 0.622320 0.473049
vt 0.617410 0.467362
vt 0.630600 0.456130
vt 0.643229 0.456007
vt 0.634676 0.450525
vt 0.681648 0.453816
vt 0.680125 0.444469
vt 0.676066 0.453667
vt 0.671741 0.453438
vt 0.672487 0.444110
vt 0.675857 0.444224
vt 0.600396 0.491203
vt 0.597770 0.483842
vt 0.664708 0.452885
vt 0.649853 0.451147
vt 0.651921 0.442220
vt 0.665906 0.443291
vt 0.715352 0.463164
vt 0.715854 0.476583
vt 0.679963 0.463356
vt 0.680210 0.477035
vt 0.675386 0.463332
vt 0.676682 0.477041
vt 0.671763 0.463081
vt 0.674314 0.477045
vt 0.665035 0.462999
vt 0.668229 0.475619
vt 0.651775 0.461565
vt 0.656653 0.476191
vt 0.640218 0.468009
vt 0.645973 0.464800
vt 0.650577 0.478871
vt 0.644550 0.481529
vt 0.627258 0.479090
vt 0.633240 0.488900
vt 0.607351 0.495245
vt 0.609877 0.502274
vt 0.595294 0.495472
vt 0.592009 0.488656
vt 0.591305 0.480142
vt 0.608726 0.459871
vt 0.617514 0.450502
vt 0.620116 0.445241
vt 0.660552 0.429849
vt 0.670954 0.431564
vt 0.676480 0.430573
vt 0.678077 0.430669
vt 0.680786 0.430830
vt 0.715430 0.431894
vt 0.760749 0.430512
vt 0.601524 0.500024
vt 0.638784 0.444874
vt 0.622739 0.439938
vt 0.288948 0.067690
vt 0.297833 0.071970
vt 0.294237 0.079767
vt 0.285656 0.075828
vt 0.307254 0.116731
vt 0.309451 0.107539
vt 0.318178 0.110480
vt 0.315195 0.119567
vt 0.301387 0.066341
vt 0.293192 0.060633
vt 0.297828 0.054540
vt 0.305784 0.060978
vt 0.307280 0.063359
vt 0.303198 0.068194
vt 0.309605 0.104902
vt 0.316185 0.108794
vt 0.299289 0.073715
vt 0.296465 0.081052
vt 0.313868 0.100979
vt 0.317745 0.105594
vt 0.304830 0.093164
vt 0.302405 0.087755
vt 0.363197 0.077466
vt 0.362991 0.080903
vt 0.309170 0.097135
vt 0.364319 0.084025
vt 0.366740 0.086403
vt 0.369071 0.089344
vt 0.308290 0.070456
vt 0.310947 0.066237
vt 0.365337 0.063362
vt 0.365604 0.066998
vt 0.305052 0.075003
vt 0.365172 0.070804
vt 0.302993 0.081421
vt 0.364204 0.074334
vt 0.281054 0.085868
vt 0.289860 0.089296
vt 0.285581 0.096553
vt 0.277407 0.096952
vt 0.295646 0.088490
vt 0.288322 0.096366
vt 0.285929 0.111819
vt 0.290786 0.105189
vt 0.299203 0.105217
vt 0.296924 0.114506
vt 0.303255 0.100632
vt 0.297842 0.095588
vt 0.279243 0.105877
vt 0.286526 0.101863
vt 0.292487 0.103101
vt 0.289308 0.100316
vt 0.063149 0.089281
vt 0.061921 0.091493
vt 0.058829 0.088443
vt 0.059522 0.092652
vt 0.056572 0.092386
vt 0.054440 0.087252
vt 0.056245 0.084963
vt 0.062868 0.086777
vt 0.058715 0.084101
vt 0.108586 0.059586
vt 0.117837 0.060331
vt 0.111214 0.082636
vt 0.100118 0.062451
vt 0.074336 0.064616
vt 0.066360 0.061602
vt 0.067185 0.058761
vt 0.076398 0.061462
vt 0.061200 0.084818
vt 0.082580 0.068859
vt 0.080288 0.070678
vt 0.064169 0.080337
vt 0.067821 0.084695
vt 0.085274 0.077520
vt 0.088763 0.076256
vt 0.088270 0.085446
vt 0.086824 0.085698
vt 0.092813 0.068226
vt 0.090812 0.094509
vt 0.087093 0.094013
vt 0.086291 0.102913
vt 0.083686 0.101608
vt 0.068450 0.090277
vt 0.096552 0.101240
vt 0.104960 0.105052
vt 0.081771 0.111318
vt 0.079096 0.108668
vt 0.073223 0.115670
vt 0.071843 0.113068
vt 0.065876 0.095192
vt 0.113829 0.105641
vt 0.122658 0.102620
vt 0.064675 0.120022
vt 0.064002 0.116314
vt 0.055468 0.118972
vt 0.055339 0.115782
vt 0.061134 0.097841
vt 0.133706 0.088607
vt 0.129424 0.096719
vt 0.046261 0.117922
vt 0.046665 0.114441
vt 0.028995 0.076606
vt 0.034491 0.069293
vt 0.036701 0.071586
vt 0.032030 0.078341
vt 0.056128 0.097653
vt 0.125728 0.064296
vt 0.131714 0.071132
vt 0.058074 0.059859
vt 0.049873 0.061816
vt 0.048979 0.059021
vt 0.057971 0.056060
vt 0.058801 0.078690
vt 0.134337 0.079636
vt 0.039987 0.061981
vt 0.042220 0.065112
vt 0.053645 0.080172
vt 0.050374 0.083878
vt 0.782408 0.417688
vt 0.760805 0.417688
vt 0.760809 0.404715
vt 0.781951 0.404766
vt 0.806753 0.417688
vt 0.808004 0.404829
vt 0.836490 0.404668
vt 0.835364 0.417688
vt 0.840943 0.404634
vt 0.839187 0.417690
vt 0.844446 0.404903
vt 0.841792 0.418443
vt 0.853268 0.403722
vt 0.850024 0.418193
vt 0.860752 0.419440
vt 0.865517 0.403503
vt 0.867227 0.421011
vt 0.872591 0.406852
vt 0.872221 0.422222
vt 0.878047 0.409434
vt 0.889459 0.417080
vt 0.883100 0.425950
vt 0.897414 0.421651
vt 0.891987 0.429719
vt 0.904301 0.395871
vt 0.910923 0.402775
vt 0.905138 0.410517
vt 0.898038 0.404703
vt 0.897374 0.387270
vt 0.886799 0.396436
vt 0.876896 0.385928
vt 0.892496 0.377704
vt 0.895250 0.383105
vt 0.882487 0.391861
vt 0.847164 0.371933
vt 0.856712 0.369565
vt 0.865198 0.383594
vt 0.852510 0.385497
vt 0.839594 0.372405
vt 0.843682 0.385435
vt 0.840439 0.386052
vt 0.837731 0.373259
vt 0.836233 0.386287
vt 0.834620 0.373421
vt 0.808019 0.386765
vt 0.806756 0.373893
vt 0.760936 0.386451
vt 0.761920 0.373679
vt 0.783000 0.373780
vt 0.782028 0.386592
vt 0.903160 0.417251
vt 0.909043 0.421626
vt 0.905023 0.426857
vt 0.894157 0.411006
vt 0.881195 0.401919
vt 0.866925 0.393005
vt 0.874982 0.398038
vt 0.852616 0.394439
vt 0.843632 0.395052
vt 0.839873 0.395247
vt 0.834839 0.395387
vt 0.807716 0.395686
vt 0.760817 0.395489
vt 0.781853 0.395577
vt 0.912435 0.416146
vt 0.739196 0.386598
vt 0.739415 0.395578
vt 0.713919 0.395685
vt 0.713633 0.386762
vt 0.640403 0.401548
vt 0.627357 0.410512
vt 0.623533 0.404173
vt 0.634847 0.396012
vt 0.647316 0.397316
vt 0.639667 0.390991
vt 0.686797 0.395347
vt 0.685429 0.386238
vt 0.681765 0.395189
vt 0.678010 0.394973
vt 0.678005 0.385352
vt 0.681235 0.385987
vt 0.618298 0.416672
vt 0.616381 0.409921
vt 0.669033 0.394304
vt 0.654743 0.392769
vt 0.656512 0.383383
vt 0.669184 0.385363
vt 0.714849 0.417688
vt 0.713611 0.404828
vt 0.739238 0.404767
vt 0.741037 0.417688
vt 0.686210 0.417688
vt 0.685120 0.404632
vt 0.682353 0.417645
vt 0.680659 0.404577
vt 0.679718 0.418381
vt 0.677145 0.404822
vt 0.671465 0.418076
vt 0.668323 0.403583
vt 0.660708 0.419244
vt 0.656072 0.403272
vt 0.649202 0.421930
vt 0.643486 0.409092
vt 0.649553 0.406286
vt 0.654749 0.420635
vt 0.638282 0.425557
vt 0.632003 0.416631
vt 0.629361 0.429244
vt 0.624005 0.421126
vt 0.612375 0.420995
vt 0.609034 0.415483
vt 0.617351 0.395283
vt 0.610668 0.402127
vt 0.624359 0.386746
vt 0.626753 0.382157
vt 0.674597 0.371826
vt 0.665067 0.369405
vt 0.682149 0.372339
vt 0.683988 0.373202
vt 0.687073 0.373375
vt 0.714914 0.373891
vt 0.740457 0.373776
vt 0.616349 0.426261
vt 0.644846 0.385596
vt 0.629326 0.377227
vt 0.570754 0.926509
vt 0.562668 0.934183
vt 0.559242 0.925150
vt 0.561912 0.922276
vt 0.460163 0.864570
vt 0.456661 0.855669
vt 0.562670 0.855664
vt 0.559169 0.864569
vt 0.456666 0.934185
vt 0.460102 0.925151
vt 0.457426 0.922281
vt 0.448585 0.926512
vt 0.457395 0.867774
vt 0.448396 0.863748
vt 0.561938 0.867770
vt 0.570933 0.863745
vt 0.201009 0.144889
vt 0.166407 0.142723
vt 0.168561 0.114569
vt 0.201297 0.117529
vt 0.178720 0.094823
vt 0.201355 0.089393
vt 0.169813 0.102187
vt 0.234389 0.113443
vt 0.235715 0.142934
vt 0.231502 0.102686
vt 0.222138 0.094806
vt 0.245872 0.110801
vt 0.241362 0.138966
vt 0.156859 0.110598
vt 0.160597 0.094253
vt 0.241977 0.094917
vt 0.160765 0.138760
vt 0.170377 0.083588
vt 0.196143 0.077505
vt 0.206874 0.077658
vt 0.230735 0.083667
vt 0.049278 0.153333
vt 0.047066 0.146159
vt 0.066276 0.164750
vt 0.060759 0.171854
vt 0.085073 0.168298
vt 0.081675 0.178157
vt 0.136298 0.156558
vt 0.135372 0.164247
vt 0.099052 0.167616
vt 0.100653 0.159821
vt 0.096848 0.177345
vt 0.134187 0.173943
vt 0.165496 0.161131
vt 0.164922 0.170992
vt 0.200766 0.160821
vt 0.166042 0.153030
vt 0.200766 0.153027
vt 0.200760 0.170463
vt 0.086775 0.151606
vt 0.086201 0.145183
vt 0.099283 0.145290
vt 0.100552 0.151508
vt 0.134015 0.142331
vt 0.135541 0.148379
vt 0.071193 0.149442
vt 0.071972 0.142741
vt 0.058203 0.146776
vt 0.059558 0.140180
vt 0.043833 0.156719
vt 0.040467 0.149170
vt 0.056734 0.176424
vt 0.078462 0.183982
vt 0.096214 0.183674
vt 0.080814 0.184599
vt 0.134008 0.180335
vt 0.164922 0.177435
vt 0.200754 0.176867
vt 0.086658 0.160120
vt 0.070316 0.156740
vt 0.051846 0.144546
vt 0.051697 0.138164
vt 0.045629 0.138684
vt 0.352259 0.153386
vt 0.340785 0.171913
vt 0.335264 0.164811
vt 0.354471 0.146214
vt 0.319868 0.178225
vt 0.316471 0.168365
vt 0.265240 0.156673
vt 0.300892 0.159903
vt 0.302485 0.167692
vt 0.266163 0.164360
vt 0.304691 0.177423
vt 0.267343 0.174056
vt 0.236600 0.171102
vt 0.236035 0.161245
vt 0.235496 0.153157
vt 0.314766 0.151677
vt 0.300989 0.151585
vt 0.302257 0.145366
vt 0.315336 0.145253
vt 0.267526 0.142449
vt 0.266004 0.148497
vt 0.329565 0.142805
vt 0.330348 0.149504
vt 0.341976 0.140238
vt 0.343331 0.146832
vt 0.361070 0.149227
vt 0.357708 0.156773
vt 0.344811 0.176480
vt 0.323084 0.184049
vt 0.320729 0.184669
vt 0.305328 0.183751
vt 0.267526 0.180445
vt 0.236595 0.177547
vt 0.314885 0.160192
vt 0.331224 0.156804
vt 0.349689 0.144598
vt 0.349838 0.138217
vt 0.355905 0.138738
vt 0.852279 0.345120
vt 0.852704 0.332323
vt 0.863599 0.334460
vt 0.858940 0.348954
vt 0.846254 0.353928
vt 0.847513 0.358176
vt 0.840711 0.358296
vt 0.841598 0.353897
vt 0.843901 0.335328
vt 0.843901 0.350160
vt 0.850640 0.352131
vt 0.853462 0.355795
vt 0.837613 0.352171
vt 0.834738 0.355815
vt 0.829326 0.348921
vt 0.836014 0.345129
vt 0.843901 0.308116
vt 0.847960 0.322498
vt 0.841083 0.322421
vt 0.855133 0.322911
vt 0.868520 0.324995
vt 0.833218 0.322857
vt 0.832780 0.309164
vt 0.843901 0.329519
vt 0.824742 0.334404
vt 0.835655 0.332307
vt 0.819840 0.324931
vt 0.855646 0.309271
vt 0.795102 0.352810
vt 0.796539 0.356996
vt 0.787662 0.357179
vt 0.789407 0.353125
vt 0.776918 0.348230
vt 0.783580 0.344396
vt 0.785218 0.351409
vt 0.782395 0.355072
vt 0.791958 0.349434
vt 0.806535 0.348197
vt 0.801121 0.355093
vt 0.798247 0.351450
vt 0.799846 0.344406
vt 0.772257 0.333736
vt 0.783155 0.331596
vt 0.791958 0.307387
vt 0.788555 0.321732
vt 0.780726 0.322184
vt 0.780212 0.308541
vt 0.767338 0.324266
vt 0.803078 0.308434
vt 0.802642 0.322130
vt 0.794986 0.321704
vt 0.791958 0.328744
vt 0.811119 0.333680
vt 0.800205 0.331581
vt 0.791958 0.334348
vt 0.816021 0.324205
vt 0.670497 0.359485
vt 0.669111 0.355333
vt 0.673022 0.353644
vt 0.675911 0.357229
vt 0.664130 0.355455
vt 0.661878 0.359221
vt 0.657354 0.357252
vt 0.660303 0.353690
vt 0.674797 0.346902
vt 0.681103 0.350270
vt 0.666402 0.351981
vt 0.652235 0.350238
vt 0.658569 0.346911
vt 0.655766 0.320256
vt 0.658072 0.329796
vt 0.647031 0.331524
vt 0.642394 0.321956
vt 0.677670 0.320315
vt 0.669758 0.319903
vt 0.666402 0.305553
vt 0.678176 0.306698
vt 0.655344 0.306578
vt 0.662746 0.319910
vt 0.666402 0.327127
vt 0.666402 0.333340
vt 0.691052 0.322018
vt 0.686400 0.331581
vt 0.675375 0.329815
vt 0.724880 0.357026
vt 0.727038 0.360838
vt 0.718426 0.361106
vt 0.720048 0.357055
vt 0.713000 0.358845
vt 0.715889 0.355260
vt 0.728615 0.355305
vt 0.731564 0.358868
vt 0.707805 0.351880
vt 0.714114 0.348513
vt 0.722512 0.353588
vt 0.736684 0.351848
vt 0.730350 0.348522
vt 0.722512 0.335279
vt 0.730847 0.331399
vt 0.741889 0.333128
vt 0.722512 0.328348
vt 0.722512 0.307147
vt 0.718517 0.321531
vt 0.711242 0.321913
vt 0.710737 0.308291
vt 0.713536 0.331419
vt 0.702511 0.333186
vt 0.697857 0.323619
vt 0.726254 0.321508
vt 0.733571 0.308170
vt 0.733152 0.321852
vt 0.746526 0.323558
vt 0.571695 0.175400
vt 0.571796 0.181524
vt 0.531948 0.183929
vt 0.531800 0.174888
vt 0.436237 0.183165
vt 0.436251 0.177104
vt 0.440293 0.177087
vt 0.440320 0.183208
vt 0.569603 0.164839
vt 0.569613 0.168000
vt 0.530992 0.167599
vt 0.530968 0.162888
vt 0.575755 0.175366
vt 0.575851 0.181426
vt 0.572224 0.185614
vt 0.532182 0.187911
vt 0.531920 0.170901
vt 0.571973 0.171259
vt 0.480830 0.175976
vt 0.480902 0.185013
vt 0.439919 0.172960
vt 0.480631 0.172001
vt 0.481356 0.163961
vt 0.481463 0.168675
vt 0.442198 0.169678
vt 0.442143 0.166524
vt 0.480766 0.189005
vt 0.440011 0.187312
vt 0.579431 0.176512
vt 0.579483 0.179660
vt 0.570159 0.189180
vt 0.531448 0.191586
vt 0.432587 0.181437
vt 0.432597 0.178294
vt 0.481571 0.192647
vt 0.442150 0.190838
vt 0.433810 0.240556
vt 0.434073 0.236998
vt 0.438206 0.236403
vt 0.438054 0.241143
vt 0.512543 0.229063
vt 0.516694 0.228493
vt 0.517082 0.230918
vt 0.513270 0.231425
vt 0.435901 0.226965
vt 0.437005 0.231475
vt 0.433374 0.231737
vt 0.431893 0.228243
vt 0.429990 0.241211
vt 0.429729 0.237695
vt 0.438007 0.246275
vt 0.432905 0.248513
vt 0.430956 0.244951
vt 0.434535 0.243630
vt 0.453994 0.240843
vt 0.453381 0.235371
vt 0.502779 0.229859
vt 0.503237 0.233109
vt 0.503548 0.236442
vt 0.504906 0.240651
vt 0.455613 0.252886
vt 0.454413 0.246372
vt 0.502470 0.222072
vt 0.502748 0.225440
vt 0.452989 0.228733
vt 0.452410 0.223275
vt 0.446817 0.236095
vt 0.446937 0.241345
vt 0.447143 0.253366
vt 0.437288 0.251844
vt 0.447254 0.246729
vt 0.446005 0.229762
vt 0.444995 0.224341
vt 0.510736 0.231847
vt 0.510300 0.228840
vt 0.513177 0.233880
vt 0.514733 0.237755
vt 0.512674 0.238697
vt 0.511138 0.234901
vt 0.513073 0.221977
vt 0.512384 0.224503
vt 0.510336 0.224838
vt 0.510246 0.221913
vt 0.434808 0.222336
vt 0.431810 0.224808
vt 0.443889 0.218622
vt 0.502299 0.218666
vt 0.451848 0.217737
vt 0.512240 0.219670
vt 0.510153 0.218862
vt 0.517336 0.233388
vt 0.939207 0.297780
vt 0.937045 0.299750
vt 0.931241 0.297915
vt 0.931237 0.295599
vt 0.925431 0.299751
vt 0.923259 0.297775
vt 0.923683 0.305299
vt 0.921345 0.305499
vt 0.925693 0.310825
vt 0.923715 0.312722
vt 0.931262 0.313400
vt 0.931270 0.316358
vt 0.936813 0.310805
vt 0.938796 0.312691
vt 0.938771 0.305281
vt 0.941079 0.305471
vt 0.934854 0.301708
vt 0.931222 0.305003
vt 0.931216 0.300431
vt 0.927578 0.301711
vt 0.926221 0.305109
vt 0.927691 0.308741
vt 0.931230 0.310314
vt 0.934762 0.308732
vt 0.936213 0.305098
vt 0.931396 0.380577
vt 0.936510 0.378809
vt 0.938287 0.380459
vt 0.931322 0.383492
vt 0.926289 0.378745
vt 0.924427 0.380360
vt 0.922308 0.314534
vt 0.918649 0.315240
vt 0.916770 0.306062
vt 0.919879 0.305651
vt 0.919082 0.294122
vt 0.921805 0.296484
vt 0.931149 0.291042
vt 0.931212 0.294159
vt 0.943260 0.294104
vt 0.940621 0.296488
vt 0.945574 0.306003
vt 0.942506 0.305612
vt 0.943801 0.315189
vt 0.940185 0.314501
vt 0.959253 0.380997
vt 0.969208 0.382450
vt 0.966965 0.394003
vt 0.959035 0.393953
vt 0.949045 0.382468
vt 0.950934 0.394031
vt 0.909823 0.306929
vt 0.911418 0.317515
vt 0.899518 0.317823
vt 0.898531 0.309573
vt 0.908679 0.296375
vt 0.896681 0.300940
vt 0.931017 0.283645
vt 0.920054 0.283512
vt 0.921576 0.270078
vt 0.930818 0.270767
vt 0.941984 0.283501
vt 0.940050 0.270070
vt 0.952480 0.306830
vt 0.953694 0.296285
vt 0.965777 0.300795
vt 0.963883 0.309422
vt 0.951045 0.317437
vt 0.963033 0.317688
vt 0.931437 0.321640
vt 0.931284 0.318352
vt 0.938595 0.321288
vt 0.942172 0.321930
vt 0.965875 0.376484
vt 0.959277 0.372344
vt 0.924011 0.321281
vt 0.952337 0.376484
vt 0.920362 0.321934
vt 0.931495 0.354331
vt 0.925176 0.354492
vt 0.922426 0.354763
vt 0.952752 0.346016
vt 0.959367 0.345824
vt 0.965747 0.346018
vt 0.937646 0.354505
vt 0.940325 0.354765
vt 0.931426 0.376768
vt 0.936785 0.375808
vt 0.926022 0.375718
vt 0.923846 0.375269
vt 0.959396 0.329120
vt 0.959390 0.331373
vt 0.953700 0.332057
vt 0.954752 0.330251
vt 0.963978 0.330110
vt 0.964990 0.331885
vt 0.938900 0.375395
vt 0.931478 0.365307
vt 0.936627 0.365014
vt 0.926236 0.365007
vt 0.924173 0.365635
vt 0.959381 0.335136
vt 0.953320 0.336672
vt 0.965293 0.336622
vt 0.938622 0.365647
vt 0.918045 0.375453
vt 0.918749 0.372111
vt 0.959408 0.322911
vt 0.964403 0.324209
vt 0.954378 0.324362
vt 0.918595 0.365890
vt 0.917275 0.355452
vt 0.915341 0.323919
vt 0.947256 0.323878
vt 0.945516 0.355428
vt 0.944214 0.365909
vt 0.944028 0.372260
vt 0.944749 0.375567
vt 0.760713 0.386460
vt 0.759739 0.373690
vt 0.322420 0.589156
vt 0.337436 0.591280
vt 0.331836 0.600474
vt 0.317046 0.596478
vt 0.324116 0.577802
vt 0.339271 0.576993
vt 0.325509 0.606742
vt 0.309379 0.601574
vt 0.320193 0.617715
vt 0.308477 0.615874
vt 0.304947 0.578632
vt 0.225687 0.589156
vt 0.231062 0.596478
vt 0.216272 0.600474
vt 0.210671 0.591280
vt 0.223992 0.577802
vt 0.208836 0.576993
vt 0.211685 0.562801
vt 0.226481 0.566050
vt 0.238729 0.601574
vt 0.222598 0.606742
vt 0.239631 0.615874
vt 0.227915 0.617715
vt 0.243160 0.578632
vt 0.278430 0.579545
vt 0.295027 0.618127
vt 0.281617 0.602338
vt 0.281579 0.620379
vt 0.269677 0.579545
vt 0.253080 0.618127
vt 0.266491 0.602338
vt 0.266529 0.620379
vt 0.412730 0.328622
vt 0.412360 0.313224
vt 0.428834 0.334136
vt 0.381559 0.274060
vt 0.375112 0.278614
vt 0.402224 0.267556
vt 0.394145 0.269380
vt 0.446564 0.299418
vt 0.427182 0.312004
vt 0.441972 0.286827
vt 0.439829 0.278770
vt 0.378832 0.294889
vt 0.370516 0.309345
vt 0.369490 0.294972
vt 0.369967 0.301655
vt 0.136362 0.334168
vt 0.112405 0.327208
vt 0.190071 0.278634
vt 0.183623 0.274082
vt 0.162957 0.267582
vt 0.171037 0.269405
vt 0.138009 0.312036
vt 0.115154 0.307719
vt 0.118623 0.299454
vt 0.123213 0.286862
vt 0.125354 0.278805
vt 0.180154 0.303413
vt 0.186354 0.294910
vt 0.186363 0.318638
vt 0.196816 0.279242
vt 0.194674 0.309364
vt 0.195697 0.294991
vt 0.195221 0.301674
vt 0.470990 0.206013
vt 0.457328 0.212035
vt 0.457333 0.207401
vt 0.469732 0.202161
vt 0.526956 0.198743
vt 0.512918 0.198376
vt 0.512918 0.195040
vt 0.526946 0.195003
vt 0.498894 0.198832
vt 0.498881 0.195089
vt 0.484743 0.200910
vt 0.484620 0.196408
vt 0.512888 0.186683
vt 0.499346 0.185760
vt 0.499810 0.181151
vt 0.512875 0.183831
vt 0.526427 0.185678
vt 0.525936 0.181079
vt 0.481061 0.158757
vt 0.484391 0.170992
vt 0.480207 0.170213
vt 0.476662 0.159845
vt 0.499990 0.154169
vt 0.512790 0.149117
vt 0.512804 0.154398
vt 0.503606 0.158058
vt 0.531230 0.167741
vt 0.522265 0.176551
vt 0.525906 0.167443
vt 0.512875 0.179274
vt 0.503461 0.176603
vt 0.494453 0.167836
vt 0.499775 0.167514
vt 0.496823 0.160175
vt 0.501549 0.162229
vt 0.442250 0.164316
vt 0.445149 0.172817
vt 0.439258 0.175415
vt 0.436298 0.164604
vt 0.436454 0.161389
vt 0.441785 0.159842
vt 0.512811 0.156933
vt 0.505472 0.159904
vt 0.522020 0.158011
vt 0.520167 0.159867
vt 0.524142 0.162266
vt 0.521860 0.163228
vt 0.520319 0.174519
vt 0.523259 0.167268
vt 0.512865 0.177066
vt 0.505398 0.174561
vt 0.502421 0.167323
vt 0.503829 0.163202
vt 0.507321 0.161760
vt 0.512818 0.159452
vt 0.512839 0.167161
vt 0.518327 0.161730
vt 0.519343 0.164280
vt 0.520607 0.167167
vt 0.518420 0.172623
vt 0.512859 0.174732
vt 0.507288 0.172654
vt 0.505071 0.167209
vt 0.506345 0.164254
vt 0.475183 0.218252
vt 0.462708 0.225216
vt 0.554906 0.205746
vt 0.568607 0.211677
vt 0.563312 0.224894
vt 0.550792 0.218010
vt 0.541120 0.200732
vt 0.538282 0.213603
vt 0.525673 0.211433
vt 0.512963 0.210857
vt 0.500258 0.211515
vt 0.487664 0.213765
vt 0.485035 0.236360
vt 0.477465 0.240581
vt 0.548652 0.240353
vt 0.541056 0.236182
vt 0.532192 0.233255
vt 0.522741 0.231615
vt 0.513030 0.231126
vt 0.503322 0.231678
vt 0.493880 0.233378
vt 0.488873 0.245026
vt 0.481667 0.248691
vt 0.544503 0.248490
vt 0.537273 0.244872
vt 0.529680 0.242291
vt 0.521533 0.240871
vt 0.513059 0.240441
vt 0.504589 0.240926
vt 0.496449 0.242397
vt 0.568571 0.207042
vt 0.556138 0.201885
vt 0.541215 0.196230
vt 0.539313 0.181831
vt 0.539598 0.187601
vt 0.543871 0.142323
vt 0.548966 0.141615
vt 0.548975 0.147736
vt 0.544887 0.147597
vt 0.571926 0.198592
vt 0.559402 0.195103
vt 0.561607 0.190002
vt 0.573459 0.195068
vt 0.544939 0.171658
vt 0.548483 0.161290
vt 0.582895 0.165761
vt 0.579996 0.174262
vt 0.552371 0.155145
vt 0.583361 0.161287
vt 0.583888 0.151560
vt 0.584169 0.156024
vt 0.552368 0.143253
vt 0.551781 0.136094
vt 0.584916 0.147551
vt 0.525616 0.154105
vt 0.528872 0.160222
vt 0.588693 0.162834
vt 0.588847 0.166049
vt 0.585886 0.176860
vt 0.591255 0.148357
vt 0.590236 0.151864
vt 0.590430 0.157242
vt 0.543361 0.153937
vt 0.548470 0.154857
vt 0.547892 0.134536
vt 0.540754 0.172437
vt 0.544084 0.160202
vt 0.464182 0.190314
vt 0.466422 0.195400
vt 0.453922 0.198975
vt 0.452364 0.195459
vt 0.481785 0.152492
vt 0.476675 0.153412
vt 0.476171 0.146292
vt 0.480258 0.146152
vt 0.486186 0.187766
vt 0.486433 0.181993
vt 0.473364 0.134650
vt 0.477253 0.133090
vt 0.476179 0.140170
vt 0.472778 0.141808
vt 0.472775 0.153701
vt 0.440977 0.154580
vt 0.434715 0.155798
vt 0.434909 0.150419
vt 0.433890 0.146912
vt 0.440229 0.146107
vt 0.441258 0.150114
vt 0.481274 0.140878
vt 0.111351 0.199048
vt 0.130085 0.199011
vt 0.129773 0.202622
vt 0.110832 0.202685
vt 0.092929 0.198930
vt 0.092092 0.202538
vt 0.075078 0.197871
vt 0.073846 0.200770
vt 0.357869 0.198930
vt 0.375719 0.197871
vt 0.376952 0.200770
vt 0.358706 0.202538
vt 0.339447 0.199048
vt 0.339966 0.202685
vt 0.320713 0.199011
vt 0.321024 0.202622
vt 0.301792 0.198971
vt 0.301978 0.202561
vt 0.282761 0.198947
vt 0.282872 0.202526
vt 0.263668 0.198931
vt 0.263731 0.202500
vt 0.244541 0.198924
vt 0.244569 0.202491
vt 0.225399 0.198920
vt 0.225399 0.202484
vt 0.206257 0.198924
vt 0.206229 0.202491
vt 0.187130 0.198931
vt 0.187068 0.202500
vt 0.168037 0.198947
vt 0.167927 0.202526
vt 0.149007 0.198971
vt 0.148820 0.202561
vt 0.129352 0.206150
vt 0.110120 0.206229
vt 0.090852 0.206078
vt 0.071670 0.203851
vt 0.379128 0.203850
vt 0.359946 0.206078
vt 0.340678 0.206229
vt 0.321446 0.206150
vt 0.302233 0.206080
vt 0.283025 0.206040
vt 0.263817 0.206008
vt 0.244609 0.205999
vt 0.225399 0.205988
vt 0.206190 0.205999
vt 0.186981 0.206007
vt 0.167774 0.206040
vt 0.148566 0.206079
vt 0.128931 0.209630
vt 0.109429 0.209700
vt 0.089660 0.209538
vt 0.069494 0.207409
vt 0.381303 0.207409
vt 0.361138 0.209538
vt 0.341369 0.209700
vt 0.321867 0.209630
vt 0.302495 0.209566
vt 0.283187 0.209531
vt 0.263911 0.209497
vt 0.244652 0.209492
vt 0.225399 0.209477
vt 0.206147 0.209492
vt 0.186887 0.209496
vt 0.167611 0.209531
vt 0.148303 0.209565
vt 0.128608 0.213120
vt 0.108956 0.213159
vt 0.088951 0.212958
vt 0.068314 0.211470
vt 0.382482 0.211469
vt 0.361846 0.212958
vt 0.341841 0.213159
vt 0.322189 0.213120
vt 0.302713 0.213074
vt 0.283329 0.213048
vt 0.263996 0.213019
vt 0.244691 0.213016
vt 0.225399 0.213002
vt 0.206106 0.213017
vt 0.186802 0.213018
vt 0.167470 0.213048
vt 0.148086 0.213073
vt 0.128426 0.216589
vt 0.108775 0.216593
vt 0.088882 0.216372
vt 0.068562 0.215689
vt 0.382234 0.215688
vt 0.361913 0.216372
vt 0.342022 0.216593
vt 0.322371 0.216589
vt 0.302859 0.216565
vt 0.283432 0.216549
vt 0.264061 0.216528
vt 0.244722 0.216526
vt 0.225399 0.216515
vt 0.206075 0.216527
vt 0.186736 0.216527
vt 0.167365 0.216549
vt 0.147939 0.216564
vt 0.128357 0.220010
vt 0.108791 0.219996
vt 0.089220 0.219819
vt 0.069772 0.219665
vt 0.381024 0.219665
vt 0.361575 0.219820
vt 0.342006 0.219996
vt 0.322439 0.220010
vt 0.302934 0.220001
vt 0.283491 0.219992
vt 0.264100 0.219981
vt 0.244741 0.219979
vt 0.225399 0.219973
vt 0.206055 0.219980
vt 0.186696 0.219980
vt 0.167305 0.219992
vt 0.147863 0.220000
vt 0.128343 0.223413
vt 0.108823 0.223413
vt 0.089435 0.223413
vt 0.070769 0.223413
vt 0.380026 0.223413
vt 0.361360 0.223413
vt 0.341973 0.223413
vt 0.322452 0.223413
vt 0.302955 0.223413
vt 0.283510 0.223413
vt 0.264112 0.223413
vt 0.244746 0.223413
vt 0.225399 0.223413
vt 0.206049 0.223413
vt 0.186683 0.223413
vt 0.167286 0.223413
vt 0.147841 0.223413
vt 0.111551 0.195319
vt 0.130207 0.195319
vt 0.093231 0.195319
vt 0.075133 0.195319
vt 0.357566 0.195319
vt 0.375664 0.195319
vt 0.339246 0.195319
vt 0.320590 0.195319
vt 0.301716 0.195319
vt 0.282714 0.195319
vt 0.263641 0.195319
vt 0.244528 0.195319
vt 0.225399 0.195319
vt 0.206269 0.195319
vt 0.187156 0.195319
vt 0.168083 0.195319
vt 0.149082 0.195319
vt 0.420978 0.452891
vt 0.423244 0.526778
vt 0.419465 0.519944
vt 0.417124 0.452674
vt 0.414068 0.351212
vt 0.418134 0.350993
vt 0.411404 0.303566
vt 0.415393 0.303480
vt 0.413588 0.518126
vt 0.411380 0.453421
vt 0.408417 0.351445
vt 0.279778 0.520741
vt 0.279124 0.319555
vt 0.287715 0.308747
vt 0.106406 0.785417
vt 0.174754 0.785429
vt 0.174750 0.745098
vt 0.106431 0.745087
vt 0.339273 0.745076
vt 0.270933 0.745024
vt 0.270919 0.785356
vt 0.339243 0.785407
vt 0.186844 0.785424
vt 0.258857 0.785358
vt 0.258837 0.745027
vt 0.186819 0.745092
vt 0.022284 0.785256
vt 0.094308 0.785404
vt 0.094372 0.745072
vt 0.022369 0.744925
vt 0.010292 0.744898
vt 0.010204 0.785230
vt 0.900524 0.322046
vt 0.949676 0.055716
vt 0.949664 0.315157
vt 0.632131 0.055725
vt 0.681296 0.322051
vt 0.632155 0.315165
vt 0.878506 0.350143
vt 0.703315 0.350146
vt 0.233691 0.557697
vt 0.211549 0.557698
vt 0.213586 0.552505
vt 0.231654 0.552504
vt 0.209909 0.548860
vt 0.235330 0.548859
vt 0.231666 0.527248
vt 0.213570 0.527248
vt 0.211551 0.522026
vt 0.233684 0.522024
vt 0.204783 0.551158
vt 0.240456 0.551157
vt 0.240406 0.528404
vt 0.235318 0.530731
vt 0.209918 0.530734
vt 0.204830 0.528406
vt 0.231448 0.604033
vt 0.219602 0.604032
vt 0.221575 0.598736
vt 0.229475 0.598737
vt 0.218066 0.595694
vt 0.232984 0.595695
vt 0.229394 0.573419
vt 0.221659 0.573418
vt 0.219575 0.568297
vt 0.231479 0.568299
vt 0.213071 0.598087
vt 0.237980 0.598088
vt 0.238262 0.575177
vt 0.233049 0.577396
vt 0.218003 0.577395
vt 0.212790 0.575175
vt 0.227663 0.513043
vt 0.217898 0.513041
vt 0.219548 0.508949
vt 0.226014 0.508949
vt 0.216107 0.505329
vt 0.229456 0.505330
vt 0.226040 0.488865
vt 0.219526 0.488864
vt 0.217912 0.484717
vt 0.227654 0.484718
vt 0.211978 0.507127
vt 0.233585 0.507128
vt 0.233504 0.490318
vt 0.229440 0.492172
vt 0.216126 0.492170
vt 0.212062 0.490316
vt 0.523244 0.685573
vt 0.522994 0.677722
vt 0.531008 0.677659
vt 0.531004 0.685670
vt 0.522796 0.668972
vt 0.524532 0.665458
vt 0.531003 0.664552
vt 0.531007 0.669447
vt 0.523665 0.692991
vt 0.531006 0.693298
vt 0.545523 0.685672
vt 0.545032 0.693151
vt 0.538771 0.692991
vt 0.539191 0.685573
vt 0.545042 0.677613
vt 0.539446 0.677725
vt 0.544398 0.670033
vt 0.539645 0.668978
vt 0.543947 0.666639
vt 0.537905 0.665475
vt 0.524504 0.659671
vt 0.531011 0.659342
vt 0.518041 0.670027
vt 0.518491 0.666632
vt 0.517396 0.677609
vt 0.516912 0.685668
vt 0.517402 0.693148
vt 0.537942 0.659705
vt 0.544606 0.699296
vt 0.539982 0.699677
vt 0.522446 0.699677
vt 0.522107 0.707329
vt 0.518165 0.705554
vt 0.517822 0.699293
vt 0.531000 0.700280
vt 0.544259 0.705554
vt 0.540316 0.707328
vt 0.520816 0.719538
vt 0.520785 0.709460
vt 0.541638 0.709459
vt 0.541607 0.719537
vt 0.524746 0.725026
vt 0.537677 0.725026
vt 0.537470 0.729750
vt 0.524953 0.729751
vt 0.516538 0.719609
vt 0.519834 0.726466
vt 0.545885 0.719609
vt 0.542590 0.726467
vt 0.516607 0.708125
vt 0.545817 0.708124
vt 0.484050 0.794108
vt 0.494820 0.789926
vt 0.499305 0.812586
vt 0.487549 0.816527
vt 0.469246 0.797709
vt 0.471082 0.820231
vt 0.451319 0.799117
vt 0.451290 0.821645
vt 0.433683 0.797629
vt 0.431895 0.820159
vt 0.419594 0.794141
vt 0.416148 0.816558
vt 0.408823 0.789952
vt 0.404505 0.812661
vt 0.467039 0.792663
vt 0.480174 0.789449
vt 0.451326 0.793800
vt 0.405771 0.787286
vt 0.400835 0.811188
vt 0.497824 0.787270
vt 0.503134 0.811061
vt 0.414368 0.785306
vt 0.412696 0.781295
vt 0.489258 0.785335
vt 0.490952 0.781323
vt 0.482427 0.752666
vt 0.485237 0.763259
vt 0.453430 0.762006
vt 0.478045 0.747507
vt 0.415464 0.781303
vt 0.418392 0.763794
vt 0.419464 0.766507
vt 0.488192 0.781339
vt 0.484223 0.766227
vt 0.478877 0.787411
vt 0.487185 0.783570
vt 0.435966 0.792597
vt 0.423440 0.789466
vt 0.436557 0.790300
vt 0.451347 0.791283
vt 0.466439 0.790349
vt 0.416470 0.783523
vt 0.424730 0.787437
vt 0.453437 0.764203
vt 0.308535 0.812661
vt 0.319998 0.809997
vt 0.323511 0.825243
vt 0.312065 0.827903
vt 0.584085 0.806817
vt 0.595923 0.808923
vt 0.593191 0.824327
vt 0.581358 0.822224
vt 0.366621 0.792162
vt 0.368095 0.814430
vt 0.417621 0.747806
vt 0.421223 0.753114
vt 0.360834 0.800817
vt 0.360174 0.793297
vt 0.425736 0.747551
vt 0.423342 0.742288
vt 0.331670 0.807293
vt 0.335100 0.822558
vt 0.569622 0.820138
vt 0.572315 0.804726
vt 0.451850 0.710018
vt 0.432363 0.706013
vt 0.440385 0.697332
vt 0.451871 0.694957
vt 0.463587 0.697378
vt 0.471566 0.706079
vt 0.363964 0.816161
vt 0.537303 0.791209
vt 0.536481 0.813522
vt 0.486039 0.747437
vt 0.480465 0.742280
vt 0.542966 0.799623
vt 0.540415 0.815067
vt 0.424736 0.734609
vt 0.479103 0.734659
vt 0.543425 0.792109
vt 0.625544 0.763010
vt 0.644045 0.744085
vt 0.664227 0.756516
vt 0.647639 0.770140
vt 0.672817 0.730480
vt 0.686153 0.747642
vt 0.742342 0.719615
vt 0.746851 0.740113
vt 0.618495 0.836445
vt 0.775070 0.837832
vt 0.775070 0.843386
vt 0.618842 0.842673
vt 0.775065 0.719159
vt 0.775066 0.739730
vt 0.646717 0.826153
vt 0.617919 0.831824
vt 0.638180 0.818707
vt 0.775068 0.827502
vt 0.696106 0.760680
vt 0.676221 0.767465
vt 0.750182 0.755098
vt 0.775066 0.754853
vt 0.617187 0.806965
vt 0.637046 0.801409
vt 0.617019 0.787823
vt 0.638411 0.788102
vt 0.653934 0.796224
vt 0.655354 0.787833
vt 0.661083 0.813327
vt 0.654047 0.807367
vt 0.661469 0.777563
vt 0.775068 0.812834
vt 0.672671 0.787265
vt 0.775075 0.967592
vt 0.618641 0.967207
vt 0.924587 0.763001
vt 0.902492 0.770131
vt 0.885904 0.756509
vt 0.906085 0.744078
vt 0.863977 0.747635
vt 0.877313 0.730475
vt 0.803279 0.740111
vt 0.807787 0.719613
vt 0.931644 0.836434
vt 0.931296 0.842661
vt 0.903421 0.826145
vt 0.911957 0.818698
vt 0.932220 0.831812
vt 0.854025 0.760674
vt 0.873911 0.767458
vt 0.799950 0.755096
vt 0.913088 0.801400
vt 0.932947 0.806954
vt 0.933113 0.787812
vt 0.911722 0.788093
vt 0.896200 0.796216
vt 0.894780 0.787825
vt 0.889054 0.813320
vt 0.896088 0.807359
vt 0.888664 0.777555
vt 0.877463 0.787258
vt 0.931507 0.967197
vt 0.318932 0.047466
vt 0.283025 0.044745
vt 0.284565 0.033359
vt 0.319709 0.036340
vt 0.383456 0.052349
vt 0.359313 0.050417
vt 0.360103 0.038630
vt 0.384102 0.039805
vt 0.318444 0.052751
vt 0.282239 0.050356
vt 0.383128 0.056853
vt 0.358900 0.055296
vt 0.357537 0.077391
vt 0.381755 0.078752
vt 0.251674 0.022104
vt 0.251603 0.033924
vt 0.225398 0.033752
vt 0.225394 0.021849
vt 0.251366 0.038526
vt 0.225399 0.038388
vt 0.280934 0.072975
vt 0.317050 0.075062
vt 0.279681 0.101283
vt 0.315662 0.099845
vt 0.315629 0.102849
vt 0.279615 0.104530
vt 0.315533 0.117859
vt 0.279292 0.121090
vt 0.245211 0.049554
vt 0.225401 0.049426
vt 0.262713 0.027654
vt 0.258224 0.038162
vt 0.253036 0.035168
vt 0.257766 0.024815
vt 0.262103 0.041211
vt 0.264880 0.029271
vt 0.256036 0.041330
vt 0.261353 0.048696
vt 0.380875 0.093904
vt 0.356792 0.096450
vt 0.225416 0.104544
vt 0.230815 0.104241
vt 0.230681 0.106810
vt 0.225417 0.107119
vt 0.225408 0.071676
vt 0.380794 0.096128
vt 0.356732 0.099061
vt 0.357212 0.110639
vt 0.260615 0.072074
vt 0.259701 0.101596
vt 0.244523 0.071841
vt 0.240060 0.101860
vt 0.131868 0.047519
vt 0.131084 0.036393
vt 0.166226 0.033392
vt 0.167774 0.044777
vt 0.067347 0.052438
vt 0.066694 0.039894
vt 0.090693 0.038706
vt 0.091489 0.050493
vt 0.168562 0.050387
vt 0.132359 0.052803
vt 0.091904 0.055371
vt 0.067676 0.056941
vt 0.093278 0.077465
vt 0.069062 0.078840
vt 0.199115 0.022119
vt 0.199193 0.033938
vt 0.199432 0.038541
vt 0.169880 0.073005
vt 0.133765 0.075113
vt 0.171148 0.101313
vt 0.135166 0.099894
vt 0.205592 0.049566
vt 0.188076 0.027676
vt 0.193021 0.024834
vt 0.197759 0.035183
vt 0.192571 0.038181
vt 0.188694 0.041232
vt 0.185910 0.029293
vt 0.194761 0.041347
vt 0.189448 0.048717
vt 0.069950 0.093991
vt 0.094033 0.096524
vt 0.220017 0.104244
vt 0.070031 0.096216
vt 0.094094 0.099135
vt 0.093622 0.110714
vt 0.135201 0.102897
vt 0.135305 0.117908
vt 0.190199 0.072093
vt 0.191129 0.101616
vt 0.206292 0.071851
vt 0.210770 0.101868
vt 0.171216 0.104561
vt 0.171548 0.121120
vt 0.192695 0.122140
vt 0.191402 0.104971
vt 0.221431 0.117446
vt 0.222035 0.123440
vt 0.214333 0.111738
vt 0.225419 0.117867
vt 0.225421 0.123520
vt 0.220152 0.106813
vt 0.211297 0.105046
vt 0.258146 0.122122
vt 0.259428 0.104952
vt 0.229408 0.117444
vt 0.228807 0.123438
vt 0.236502 0.111732
vt 0.239534 0.105038
vt 0.225976 0.172404
vt 0.225332 0.152127
vt 0.268858 0.151570
vt 0.270907 0.168976
vt 0.306887 0.165492
vt 0.303872 0.150229
vt 0.330982 0.149569
vt 0.334572 0.163855
vt 0.358256 0.149641
vt 0.360027 0.162813
vt 0.375147 0.151037
vt 0.376472 0.160439
vt 0.373546 0.146225
vt 0.389658 0.150801
vt 0.384884 0.144218
vt 0.382051 0.141344
vt 0.358338 0.145080
vt 0.372627 0.141678
vt 0.379228 0.131201
vt 0.331439 0.145072
vt 0.225198 0.147590
vt 0.268975 0.146996
vt 0.304128 0.145683
vt 0.394288 0.140876
vt 0.394775 0.148706
vt 0.388312 0.139535
vt 0.390849 0.136262
vt 0.390230 0.134084
vt 0.386374 0.134167
vt 0.385098 0.124172
vt 0.389327 0.123890
vt 0.385126 0.138292
vt 0.382499 0.125092
vt 0.172608 0.171432
vt 0.181864 0.154238
vt 0.144772 0.170485
vt 0.116984 0.170324
vt 0.119746 0.155851
vt 0.146841 0.154887
vt 0.092533 0.157449
vt 0.091200 0.169810
vt 0.075803 0.159811
vt 0.074054 0.167306
vt 0.077079 0.154929
vt 0.061330 0.160603
vt 0.065623 0.153695
vt 0.068261 0.150636
vt 0.077706 0.150334
vt 0.092183 0.152900
vt 0.070397 0.140327
vt 0.119030 0.151387
vt 0.181476 0.149678
vt 0.146317 0.150366
vt 0.056021 0.151018
vt 0.056671 0.158654
vt 0.061891 0.149258
vt 0.059133 0.146169
vt 0.059608 0.143950
vt 0.063462 0.143770
vt 0.059828 0.133715
vt 0.064067 0.133713
vt 0.064986 0.147800
vt 0.066722 0.134454
vt 0.602872 0.616342
vt 0.599480 0.619383
vt 0.611931 0.620674
vt 0.611731 0.616023
vt 0.461615 0.617651
vt 0.452757 0.617539
vt 0.452899 0.622659
vt 0.465305 0.620814
vt 0.468323 0.614876
vt 0.463211 0.613824
vt 0.468923 0.587175
vt 0.463806 0.586875
vt 0.553090 0.472911
vt 0.552818 0.467400
vt 0.512937 0.467965
vt 0.513001 0.473443
vt 0.557314 0.618109
vt 0.557056 0.613543
vt 0.512425 0.613990
vt 0.512283 0.618532
vt 0.556359 0.587883
vt 0.512313 0.588329
vt 0.512571 0.485846
vt 0.554622 0.485296
vt 0.599898 0.585589
vt 0.595176 0.585987
vt 0.596307 0.613574
vt 0.601054 0.612565
vt 0.611481 0.611459
vt 0.611713 0.585413
vt 0.604694 0.487113
vt 0.595575 0.485487
vt 0.598877 0.513798
vt 0.607199 0.512933
vt 0.583489 0.445417
vt 0.587070 0.459141
vt 0.598105 0.458955
vt 0.598891 0.444584
vt 0.574331 0.449457
vt 0.576342 0.459091
vt 0.559109 0.452722
vt 0.552643 0.458779
vt 0.505105 0.453609
vt 0.512808 0.459393
vt 0.598886 0.473146
vt 0.587733 0.470751
vt 0.586363 0.478048
vt 0.576715 0.468737
vt 0.576865 0.474927
vt 0.581515 0.489097
vt 0.452785 0.612968
vt 0.452001 0.586957
vt 0.466794 0.486917
vt 0.476057 0.479277
vt 0.474413 0.472112
vt 0.463008 0.474979
vt 0.486313 0.475878
vt 0.486178 0.469701
vt 0.599648 0.563959
vt 0.611149 0.563127
vt 0.512313 0.565786
vt 0.468835 0.565612
vt 0.556359 0.565345
vt 0.618888 0.614078
vt 0.618002 0.620531
vt 0.630212 0.612316
vt 0.623657 0.610139
vt 0.445500 0.616017
vt 0.440552 0.612061
vt 0.434647 0.614111
vt 0.447173 0.621558
vt 0.486172 0.460083
vt 0.618270 0.512345
vt 0.615907 0.488083
vt 0.624345 0.562248
vt 0.625327 0.585323
vt 0.438414 0.587157
vt 0.452201 0.564666
vt 0.439007 0.564022
vt 0.455472 0.514457
vt 0.444381 0.514016
vt 0.446548 0.489689
vt 0.457706 0.488601
vt 0.474564 0.460556
vt 0.463153 0.460974
vt 0.591973 0.514587
vt 0.594997 0.564491
vt 0.556359 0.515672
vt 0.512313 0.516176
vt 0.482369 0.490174
vt 0.471340 0.515730
vt 0.463866 0.515155
vt 0.463731 0.565262
vt 0.626419 0.496276
vt 0.627021 0.511052
vt 0.586416 0.429151
vt 0.579127 0.440820
vt 0.589647 0.430488
vt 0.572329 0.446402
vt 0.461142 0.447337
vt 0.476619 0.447496
vt 0.486684 0.451010
vt 0.558538 0.450819
vt 0.505520 0.451728
vt 0.488359 0.447923
vt 0.480547 0.442720
vt 0.472559 0.431322
vt 0.469424 0.432820
vt 0.436889 0.498153
vt 0.436331 0.512935
vt 0.633085 0.585386
vt 0.631989 0.561690
vt 0.431382 0.587317
vt 0.432082 0.563630
vt 0.462521 0.318409
vt 0.467006 0.314974
vt 0.457660 0.304250
vt 0.476199 0.305942
vt 0.472630 0.296105
vt 0.589418 0.415077
vt 0.592786 0.415665
vt 0.527553 0.415340
vt 0.468856 0.417339
vt 0.465529 0.418048
vt 0.589318 0.365476
vt 0.592794 0.365636
vt 0.466838 0.367630
vt 0.463361 0.367897
vt 0.527553 0.366560
vt 0.466689 0.345009
vt 0.463135 0.345063
vt 0.596933 0.302390
vt 0.587737 0.313262
vt 0.592287 0.316540
vt 0.581862 0.294597
vt 0.578490 0.304536
vt 0.527553 0.301451
vt 0.527200 0.290488
vt 0.588678 0.343084
vt 0.592221 0.343024
vt 0.527553 0.344768
vt 0.765436 0.555408
vt 0.719973 0.556338
vt 0.719892 0.573574
vt 0.765436 0.573360
vt 0.719541 0.431793
vt 0.765579 0.428759
vt 0.765557 0.421854
vt 0.720947 0.424963
vt 0.765579 0.413120
vt 0.719346 0.416488
vt 0.718983 0.609110
vt 0.718700 0.616057
vt 0.765340 0.617213
vt 0.765360 0.610075
vt 0.765436 0.600726
vt 0.718718 0.599938
vt 0.765436 0.582597
vt 0.719148 0.582184
vt 0.719355 0.441108
vt 0.720517 0.447195
vt 0.765537 0.444619
vt 0.765575 0.438224
vt 0.696363 0.445038
vt 0.698352 0.452918
vt 0.696460 0.434407
vt 0.808451 0.447315
vt 0.809677 0.441283
vt 0.765436 0.453596
vt 0.808395 0.455855
vt 0.720552 0.455793
vt 0.700071 0.461634
vt 0.809484 0.432016
vt 0.824256 0.573348
vt 0.823675 0.557290
vt 0.808930 0.556410
vt 0.808990 0.573660
vt 0.856578 0.462759
vt 0.853728 0.454457
vt 0.852954 0.465595
vt 0.846060 0.453204
vt 0.845617 0.464547
vt 0.809791 0.609119
vt 0.810053 0.616066
vt 0.826182 0.614095
vt 0.825722 0.607590
vt 0.857487 0.555144
vt 0.857282 0.571906
vt 0.864206 0.556283
vt 0.865203 0.566763
vt 0.832986 0.606600
vt 0.833867 0.597544
vt 0.826517 0.598619
vt 0.834371 0.579324
vt 0.826132 0.581200
vt 0.830918 0.572257
vt 0.835742 0.452646
vt 0.827585 0.453052
vt 0.829515 0.464599
vt 0.836083 0.464094
vt 0.829693 0.445091
vt 0.808002 0.425238
vt 0.809722 0.416819
vt 0.827151 0.426504
vt 0.828954 0.417980
vt 0.829616 0.434386
vt 0.810147 0.599957
vt 0.809788 0.582238
vt 0.825925 0.461733
vt 0.830030 0.556345
vt 0.837166 0.557558
vt 0.850654 0.577095
vt 0.848952 0.556006
vt 0.667935 0.554674
vt 0.660418 0.555846
vt 0.668070 0.571406
vt 0.659411 0.566324
vt 0.692203 0.606208
vt 0.699807 0.613776
vt 0.700280 0.607278
vt 0.674684 0.576624
vt 0.676450 0.555379
vt 0.702474 0.557170
vt 0.701843 0.573191
vt 0.699552 0.598342
vt 0.700039 0.581004
vt 0.688204 0.557266
vt 0.690983 0.579070
vt 0.694426 0.572161
vt 0.695331 0.556324
vt 0.689462 0.463963
vt 0.695928 0.464538
vt 0.690062 0.452347
vt 0.679580 0.452794
vt 0.680018 0.464311
vt 0.672746 0.465306
vt 0.671780 0.454007
vt 0.668562 0.462313
vt 0.697273 0.418076
vt 0.698876 0.426596
vt 0.691367 0.597205
vt 0.736092 0.658041
vt 0.737230 0.676302
vt 0.775894 0.677029
vt 0.776047 0.657784
vt 0.702292 0.657831
vt 0.703985 0.676093
vt 0.665711 0.659163
vt 0.667575 0.678139
vt 0.644454 0.662876
vt 0.645053 0.682387
vt 0.630466 0.669242
vt 0.617863 0.679439
vt 0.624685 0.689947
vt 0.573962 0.716726
vt 0.580501 0.716292
vt 0.605463 0.697917
vt 0.603905 0.688206
vt 0.735779 0.684614
vt 0.775822 0.685364
vt 0.703377 0.684452
vt 0.667774 0.686914
vt 0.775674 0.703196
vt 0.735449 0.702542
vt 0.703324 0.700627
vt 0.669311 0.700348
vt 0.645233 0.691361
vt 0.625779 0.697893
vt 0.649327 0.704293
vt 0.632614 0.711491
vt 0.607911 0.705723
vt 0.617665 0.721145
vt 0.280796 0.594863
vt 0.254623 0.588902
vt 0.258709 0.572114
vt 0.283644 0.579602
vt 0.291847 0.556456
vt 0.266502 0.548066
vt 0.319027 0.570322
vt 0.310307 0.592730
vt 0.284129 0.610604
vt 0.254611 0.605237
vt 0.306432 0.602772
vt 0.380904 0.594718
vt 0.348738 0.590798
vt 0.347566 0.584086
vt 0.381042 0.583793
vt 0.332411 0.580328
vt 0.335345 0.575152
vt 0.380257 0.570564
vt 0.254550 0.622096
vt 0.286987 0.627956
vt 0.262022 0.715907
vt 0.230140 0.705872
vt 0.323821 0.602941
vt 0.314762 0.613823
vt 0.325674 0.630087
vt 0.341592 0.613832
vt 0.334801 0.633328
vt 0.374057 0.623330
vt 0.366747 0.644770
vt 0.304140 0.729751
vt 0.334764 0.739522
vt 0.295817 0.726911
vt 0.409496 0.269427
vt 0.407630 0.229940
vt 0.412154 0.234423
vt 0.413430 0.269453
vt 0.322061 0.560675
vt 0.293984 0.547301
vt 0.267458 0.540718
vt 0.267108 0.520989
vt 0.267108 0.307223
vt 0.582021 0.722102
vt 0.592790 0.739571
vt 0.160164 0.594863
vt 0.157316 0.579602
vt 0.182251 0.572114
vt 0.186337 0.588902
vt 0.149113 0.556456
vt 0.174458 0.548066
vt 0.121933 0.570322
vt 0.130653 0.592730
vt 0.186349 0.605237
vt 0.156831 0.610604
vt 0.134528 0.602772
vt 0.060056 0.594718
vt 0.059918 0.583793
vt 0.093394 0.584086
vt 0.092222 0.590798
vt 0.108549 0.580328
vt 0.105615 0.575152
vt 0.060703 0.570564
vt 0.186410 0.622096
vt 0.210820 0.705872
vt 0.178938 0.715907
vt 0.153973 0.627956
vt 0.117139 0.602941
vt 0.126198 0.613823
vt 0.115286 0.630087
vt 0.099368 0.613832
vt 0.106159 0.633328
vt 0.066903 0.623330
vt 0.074213 0.644770
vt 0.136820 0.729751
vt 0.106196 0.739522
vt 0.145143 0.726911
vt 0.031464 0.269427
vt 0.027530 0.269453
vt 0.028806 0.234423
vt 0.033330 0.229940
vt 0.029555 0.303566
vt 0.025566 0.303480
vt 0.118899 0.560675
vt 0.146976 0.547301
vt 0.173502 0.540718
vt 0.027371 0.518126
vt 0.161181 0.520741
vt 0.173852 0.520989
vt 0.161835 0.319555
vt 0.173852 0.307223
vt 0.019980 0.452891
vt 0.023834 0.452674
vt 0.021493 0.519944
vt 0.017714 0.526778
vt 0.022824 0.350993
vt 0.026890 0.351212
vt 0.029578 0.453421
vt 0.405763 0.303872
vt 0.303120 0.304882
vt 0.403848 0.269545
vt 0.402141 0.233301
vt 0.381465 0.234577
vt 0.331094 0.266852
vt 0.267108 0.287747
vt 0.038819 0.233301
vt 0.037112 0.269545
vt 0.059495 0.234577
vt 0.109866 0.266852
vt 0.035196 0.303872
vt 0.153244 0.308747
vt 0.137839 0.304882
vt 0.173852 0.287747
vt 0.032541 0.351445
s 1
usemtl Windows_SG
f 10/1/1 5/2/2 8/3/3 11/4/4
f 8/3/3 5/2/2 13/5/5 12/6/6
f 7/7/7 8/3/3 12/6/6 14/8/8
f 16/9/9 15/10/10 6/11/11 7/7/7
f 17/12/12 18/13/13 6/11/11 15/10/10
f 7/7/7 14/8/8 16/9/9
f 9/14/14 6/11/11 19/15/15
f 19/15/15 6/11/11 20/16/16
f 6/11/11 18/13/13 20/16/16
f 8/3/3 7/7/7 21/17/17 11/4/4
f 7/7/7 6/11/11 9/14/14 21/17/17
f 22/18/18 9/14/14 23/19/19
f 23/19/19 9/14/14 24/20/20
f 9/14/14 19/15/15 24/20/20
f 22/18/18 21/17/17 9/14/14
f 30/21/21 28/22/22 25/23/23 31/24/24
f 32/25/25 27/26/26 28/22/22 30/21/21
f 25/23/23 28/22/22 34/27/27 33/28/28
f 28/22/22 27/26/26 35/29/29 34/27/27
f 27/26/26 26/30/30 36/31/31 35/29/29
f 26/30/30 27/26/26 32/25/25 37/32/32
f 38/33/33 36/31/31 26/30/30 29/34/34
f 39/35/35 38/33/33 29/34/34 40/36/36
f 29/34/34 26/30/30 37/32/32 41/37/37
f 42/38/38 43/39/39 29/34/34 41/37/37
f 43/39/39 40/36/36 29/34/34
f 10/1/1 48/40/40 46/41/41 5/2/2
f 46/41/41 49/42/42 13/5/5 5/2/2
f 45/43/43 50/44/44 49/42/42 46/41/41
f 52/45/45 45/43/43 44/46/46 51/47/47
f 53/48/48 51/47/47 44/46/46 54/49/49
f 45/43/43 52/45/45 50/44/44
f 47/50/50 55/51/51 44/46/46
f 55/51/51 56/52/52 44/46/46
f 44/46/46 56/52/52 54/49/49
f 46/41/41 48/40/40 57/53/53 45/43/43
f 45/43/43 57/53/53 47/50/50 44/46/46
f 58/54/54 59/55/55 47/50/50
f 59/55/55 60/56/56 47/50/50
f 47/50/50 60/56/56 55/51/51
f 58/54/54 47/50/50 57/53/53
f 65/57/57 31/24/24 25/23/23 63/58/58
f 66/59/59 65/57/57 63/58/58 62/60/60
f 25/23/23 33/28/28 67/61/61 63/58/58
f 63/58/58 67/61/61 68/62/62 62/60/60
f 62/60/60 68/62/62 69/63/63 61/64/64
f 61/64/64 70/65/65 66/59/59 62/60/60
f 71/66/66 64/67/67 61/64/64 69/63/63
f 72/68/68 73/69/69 64/67/67 71/66/66
f 64/67/67 74/70/70 70/65/65 61/64/64
f 75/71/71 74/70/70 64/67/67 76/72/72
f 76/72/72 64/67/67 73/69/69
f 80/73/73 77/74/74 81/75/75
f 77/74/74 80/73/73 82/76/76
f 83/77/77 78/78/78 79/79/79 84/80/80
f 78/78/78 77/74/74 82/76/81 79/79/79
f 85/81/82 86/82/82 79/79/79 82/76/81
f 87/83/83 79/79/79 86/82/84
f 84/80/80 79/79/79 87/83/83 88/84/85
f 89/85/86 90/86/87 78/78/78 83/77/77
f 81/75/75 77/74/74 92/87/88 91/88/89
f 77/74/74 78/78/78 90/86/87 92/87/88
f 111/89/90 112/90/91 108/91/92
f 108/91/92 113/92/93 111/89/90
f 114/93/94 115/94/95 110/95/96 109/96/97
f 109/96/97 110/95/96 113/92/98 108/91/92
f 116/97/99 113/92/100 110/95/96 117/98/99
f 118/99/101 117/98/102 110/95/96
f 115/94/95 119/100/103 118/99/101 110/95/96
f 120/101/104 114/93/94 109/96/97 121/102/105
f 112/90/91 122/103/106 123/104/107 108/91/92
f 108/91/92 123/104/107 121/102/105 109/96/97
f 124/105/108 126/106/109 127/107/110 128/108/111
f 124/105/108 129/109/112 126/106/109
f 129/109/112 124/105/108 130/110/113 131/111/114
f 93/112/115 97/113/116 96/114/117 95/115/118
f 93/112/115 95/115/118 98/116/119
f 98/116/119 100/117/120 99/118/121 93/112/115
f 94/119/122 101/120/123 97/113/116 93/112/115
f 102/121/124 104/122/125 94/119/122 103/123/126
f 103/123/126 94/119/122 93/112/115 99/118/121
f 94/119/122 105/124/127 101/120/123
f 107/125/128 94/119/122 104/122/125
f 94/119/122 107/125/128 106/126/129 105/124/127
f 125/127/130 124/105/108 128/108/111 132/128/131
f 133/129/132 134/130/130 125/127/130 135/131/133
f 134/130/130 130/110/113 124/105/108 125/127/130
f 136/132/134 125/127/130 132/128/131
f 125/127/130 138/133/135 135/131/133
f 125/127/130 136/132/134 137/134/136 138/133/135
usemtl Body_SG1
f 139/135/137 140/136/138 250/137/139 251/138/140
f 140/136/138 141/139/141 249/140/142 250/137/139
f 141/139/141 142/141/143 248/142/144 249/140/142
f 142/143/143 143/144/145 247/145/146 248/146/144
f 143/144/145 144/147/147 246/148/148 247/145/146
f 144/147/147 145/149/149 245/150/150 246/148/148
f 145/149/149 146/151/151 244/152/152 245/150/150
f 146/151/151 147/153/153 243/154/154 244/152/152
f 147/153/153 148/155/155 242/156/156 243/154/154
f 148/155/155 149/157/157 241/158/158 242/156/156
f 149/157/157 150/159/159 240/160/160 241/158/158
f 150/159/159 151/161/161 239/162/162 240/160/160
f 151/161/161 152/163/163 238/164/164 239/162/162
f 152/163/163 153/165/165 237/166/166 238/164/164
f 237/166/166 153/165/165 154/167/167 236/168/168
f 154/167/167 139/135/137 251/138/140 236/168/168
f 221/169/169 220/170/170 222/171/171 223/172/172
f 221/169/169 223/172/172 224/173/173 225/174/174
f 221/169/169 225/174/174 226/175/175 227/176/176
f 221/169/169 227/176/176 228/177/177 229/178/178
f 221/169/169 229/178/178 230/179/179 231/180/180
f 221/169/169 231/180/180 232/181/181 233/182/182
f 221/169/169 233/182/182 234/183/183 235/184/184
f 221/169/169 235/184/184 219/185/185 220/170/170
f 172/186/186 140/187/138 139/188/137 171/189/187
f 141/190/141 140/187/138 172/186/186 173/191/188
f 142/192/143 141/190/141 173/191/188 174/193/189
f 143/194/145 142/192/143 174/193/189 175/195/190
f 144/196/147 143/194/145 175/195/190 176/197/191
f 145/198/149 144/196/147 176/197/191 177/199/192
f 146/200/151 145/198/149 177/199/192 178/201/193
f 147/202/153 146/200/151 178/201/193 179/203/194
f 148/204/155 147/202/153 179/203/194 180/205/195
f 149/206/157 148/204/155 180/205/195 181/207/196
f 150/208/159 149/206/157 181/207/196 182/209/197
f 151/210/161 150/208/159 182/209/197 183/211/198
f 152/212/163 151/210/161 183/211/198 184/213/199
f 153/214/165 152/212/163 184/213/199 185/215/200
f 154/216/167 153/214/165 185/215/200 186/217/201
f 139/188/137 154/216/167 186/217/201 171/189/187
f 155/218/202 156/219/203 188/220/204 187/221/205
f 156/219/203 157/222/206 189/223/207 188/220/204
f 157/222/206 158/224/208 190/225/209 189/223/207
f 158/224/208 159/226/210 191/227/211 190/225/209
f 159/226/210 160/228/212 192/229/213 191/227/211
f 160/228/212 161/230/214 193/231/215 192/229/213
f 161/230/214 162/232/216 194/233/217 193/231/215
f 162/232/216 163/234/218 195/235/219 194/233/217
f 163/234/218 164/236/220 196/237/221 195/235/219
f 164/236/220 165/238/222 197/239/223 196/237/221
f 165/238/222 166/240/224 198/241/225 197/239/223
f 166/240/224 167/242/226 199/243/227 198/241/225
f 167/242/226 168/244/228 200/245/229 199/243/227
f 168/244/228 169/246/230 201/247/231 200/245/229
f 169/246/230 170/248/232 202/249/233 201/247/231
f 170/248/232 155/218/202 187/221/205 202/249/233
f 204/250/234 172/186/186 171/189/187 203/251/235
f 205/252/236 173/191/188 172/186/186 204/250/234
f 174/193/189 173/191/188 205/252/236 206/253/237
f 207/254/238 175/195/190 174/193/189 206/253/237
f 208/255/239 176/197/191 175/195/190 207/254/238
f 209/256/240 177/199/192 176/197/191 208/255/239
f 210/257/241 178/201/193 177/199/192 209/256/240
f 211/258/242 179/203/194 178/201/193 210/257/241
f 212/259/243 180/205/195 179/203/194 211/258/242
f 213/260/244 181/207/196 180/205/195 212/259/243
f 214/261/245 182/209/197 181/207/196 213/260/244
f 215/262/246 183/211/198 182/209/197 214/261/245
f 216/263/247 184/213/199 183/211/198 215/262/246
f 217/264/248 185/215/200 184/213/199 216/263/247
f 218/265/249 186/217/201 185/215/200 217/264/248
f 203/251/235 171/189/187 186/217/201 218/265/249
f 188/220/204 220/170/170 219/185/185 187/221/205
f 189/223/207 222/171/171 220/170/170 188/220/204
f 190/225/209 223/172/172 222/171/171 189/223/207
f 191/227/211 224/173/173 223/172/172 190/225/209
f 192/229/213 225/174/174 224/173/173 191/227/211
f 193/231/215 226/175/175 225/174/174 192/229/213
f 194/233/217 227/176/176 226/175/175 193/231/215
f 195/235/219 228/177/177 227/176/176 194/233/217
f 196/237/221 229/178/178 228/177/177 195/235/219
f 197/239/223 230/179/179 229/178/178 196/237/221
f 198/241/225 231/180/180 230/179/179 197/239/223
f 199/243/227 232/181/181 231/180/180 198/241/225
f 200/245/229 233/182/182 232/181/181 199/243/227
f 201/247/231 234/183/183 233/182/182 200/245/229
f 202/249/233 235/184/184 234/183/183 201/247/231
f 187/221/205 219/185/185 235/184/184 202/249/233
f 169/266/230 237/166/166 236/168/168 170/267/232
f 238/164/164 237/166/166 169/266/230 168/268/228
f 239/162/162 238/164/164 168/268/228 167/269/226
f 240/160/160 239/162/162 167/269/226 166/270/224
f 241/158/158 240/160/160 166/270/224 165/271/222
f 242/156/156 241/158/158 165/271/222 164/272/220
f 243/154/154 242/156/156 164/272/220 163/273/218
f 244/152/152 243/154/154 163/273/218 162/274/216
f 245/150/150 244/152/152 162/274/216 161/275/214
f 246/148/148 245/150/150 161/275/214 160/276/212
f 247/145/146 246/148/148 160/276/212 159/277/210
f 248/146/144 247/145/146 159/277/210 158/278/208
f 249/140/142 248/142/144 158/279/208 157/280/206
f 250/137/139 249/140/142 157/280/206 156/281/203
f 251/138/140 250/137/139 156/281/203 155/282/202
f 236/168/168 251/138/140 155/282/202 170/267/232
f 204/250/234 203/251/235 252/283/250 253/284/251
f 205/252/236 204/250/234 253/284/251 254/285/252
f 206/253/237 205/252/236 254/285/252 255/286/253
f 207/254/238 206/253/237 255/286/253 256/287/254
f 208/255/239 207/254/238 256/287/254 257/288/255
f 209/256/240 208/255/239 257/288/255 258/289/256
f 210/257/241 209/256/240 258/289/256 259/290/257
f 211/258/242 210/257/241 259/290/257 260/291/258
f 212/259/243 211/258/242 260/291/258 261/292/259
f 213/260/244 212/259/243 261/292/259 262/293/260
f 214/261/245 213/260/244 262/293/260 263/294/261
f 215/262/246 214/261/245 263/294/261 264/295/262
f 216/263/247 215/262/246 264/295/262 265/296/263
f 217/264/248 216/263/247 265/296/263 266/297/264
f 218/265/249 217/264/248 266/297/264 267/298/265
f 203/251/235 218/265/249 267/298/265 252/283/250
f 253/284/251 252/283/250 268/299/266 269/300/267
f 254/285/252 253/284/251 269/300/267 270/301/268
f 255/286/253 254/285/252 270/301/268 271/302/269
f 256/287/254 255/286/253 271/302/269 272/303/270
f 257/288/255 256/287/254 272/303/270 273/304/271
f 258/289/256 257/288/255 273/304/271 274/305/272
f 259/290/257 258/289/256 274/305/272 275/306/273
f 260/291/258 259/290/257 275/306/273 276/307/274
f 261/292/259 260/291/258 276/307/274 277/308/275
f 262/293/260 261/292/259 277/308/275 278/309/276
f 263/294/261 262/293/260 278/309/276 279/310/277
f 264/295/262 263/294/261 279/310/277 280/311/278
f 265/296/263 264/295/262 280/311/278 281/312/279
f 266/297/264 265/296/263 281/312/279 282/313/280
f 267/298/265 266/297/264 282/313/280 283/314/281
f 252/283/250 267/298/265 283/314/281 268/299/266
f 269/300/267 268/299/266 284/315/282 285/316/283
f 270/301/268 269/300/267 285/316/283 286/317/284
f 271/302/269 270/301/268 286/317/284 287/318/285
f 272/303/270 271/302/269 287/318/285 288/319/286
f 273/304/271 272/303/270 288/319/286 289/320/287
f 274/305/272 273/304/271 289/320/287 290/321/288
f 275/306/273 274/305/272 290/321/288 291/322/289
f 276/307/274 275/306/273 291/322/289 292/323/290
f 277/308/275 276/307/274 292/323/290 293/324/291
f 278/309/276 277/308/275 293/324/291 294/325/292
f 279/310/277 278/309/276 294/325/292 295/326/293
f 280/311/278 279/310/277 295/326/293 296/327/294
f 281/312/279 280/311/278 296/327/294 297/328/295
f 282/313/280 281/312/279 297/328/295 298/329/296
f 283/314/281 282/313/280 298/329/296 299/330/297
f 268/299/266 283/314/281 299/330/297 284/315/282
f 285/316/283 284/315/282 300/331/298
f 286/317/284 285/316/283 300/331/298
f 287/318/285 286/317/284 300/331/298
f 288/319/286 287/318/285 300/331/298
f 289/320/287 288/319/286 300/331/298
f 290/321/288 289/320/287 300/331/298
f 291/322/289 290/321/288 300/331/298
f 292/323/290 291/322/289 300/331/298
f 293/324/291 292/323/290 300/331/298
f 294/325/292 293/324/291 300/331/298
f 295/326/293 294/325/292 300/331/298
f 296/327/294 295/326/293 300/331/298
f 297/328/295 296/327/294 300/331/298
f 298/329/296 297/328/295 300/331/298
f 299/330/297 298/329/296 300/331/298
f 284/315/282 299/330/297 300/331/298
f 301/135/299 413/138/300 412/137/301 302/136/302
f 302/136/302 412/137/301 411/140/303 303/139/304
f 303/139/304 411/140/303 410/142/305 304/141/306
f 304/143/306 410/146/305 409/145/307 305/144/308
f 305/144/308 409/145/307 408/148/309 306/147/310
f 306/147/310 408/148/309 407/150/311 307/149/312
f 307/149/312 407/150/311 406/152/313 308/151/314
f 308/151/314 406/152/313 405/154/315 309/153/316
f 309/153/316 405/154/315 404/156/317 310/155/318
f 310/155/318 404/156/317 403/158/319 311/157/320
f 311/157/320 403/158/319 402/160/321 312/159/322
f 312/159/322 402/160/321 401/162/323 313/161/324
f 313/161/324 401/162/323 400/164/325 314/163/326
f 314/163/326 400/164/325 399/166/327 315/165/328
f 399/166/327 398/168/329 316/167/330 315/165/328
f 316/167/330 398/168/329 413/138/300 301/135/299
f 383/169/331 385/172/332 384/171/333 382/170/334
f 383/169/331 387/174/335 386/173/336 385/172/332
f 383/169/331 389/176/337 388/175/338 387/174/335
f 383/169/331 391/178/339 390/177/340 389/176/337
f 383/169/331 393/180/341 392/179/342 391/178/339
f 383/169/331 395/182/343 394/181/344 393/180/341
f 383/169/331 397/184/345 396/183/346 395/182/343
f 383/169/331 382/170/334 381/185/347 397/184/345
f 334/186/348 333/189/349 301/188/299 302/187/302
f 303/190/304 335/191/350 334/186/348 302/187/302
f 304/192/306 336/193/351 335/191/350 303/190/304
f 305/194/308 337/195/352 336/193/351 304/192/306
f 306/196/310 338/197/353 337/195/352 305/194/308
f 307/198/312 339/199/354 338/197/353 306/196/310
f 308/200/314 340/201/355 339/199/354 307/198/312
f 309/202/316 341/203/356 340/201/355 308/200/314
f 310/204/318 342/205/357 341/203/356 309/202/316
f 311/206/320 343/207/358 342/205/357 310/204/318
f 312/208/322 344/209/359 343/207/358 311/206/320
f 313/210/324 345/211/360 344/209/359 312/208/322
f 314/212/326 346/213/361 345/211/360 313/210/324
f 315/214/328 347/215/362 346/213/361 314/212/326
f 316/216/330 348/217/363 347/215/362 315/214/328
f 301/188/299 333/189/349 348/217/363 316/216/330
f 317/218/364 349/221/365 350/220/366 318/219/367
f 318/219/367 350/220/366 351/223/368 319/222/369
f 319/222/369 351/223/368 352/225/370 320/224/371
f 320/224/371 352/225/370 353/227/372 321/226/373
f 321/226/373 353/227/372 354/229/374 322/228/375
f 322/228/375 354/229/374 355/231/376 323/230/377
f 323/230/377 355/231/376 356/233/378 324/232/379
f 324/232/379 356/233/378 357/235/380 325/234/381
f 325/234/381 357/235/380 358/237/382 326/236/383
f 326/236/383 358/237/382 359/239/384 327/238/385
f 327/238/385 359/239/384 360/241/386 328/240/387
f 328/240/387 360/241/386 361/243/388 329/242/389
f 329/242/389 361/243/388 362/245/390 330/244/391
f 330/244/391 362/245/390 363/247/392 331/246/393
f 331/246/393 363/247/392 364/249/394 332/248/395
f 332/248/395 364/249/394 349/221/365 317/218/364
f 366/250/396 365/251/397 333/189/349 334/186/348
f 367/252/398 366/250/396 334/186/348 335/191/350
f 336/193/351 368/253/399 367/252/398 335/191/350
f 369/254/400 368/253/399 336/193/351 337/195/352
f 370/255/401 369/254/400 337/195/352 338/197/353
f 371/256/402 370/255/401 338/197/353 339/199/354
f 372/257/403 371/256/402 339/199/354 340/201/355
f 373/258/404 372/257/403 340/201/355 341/203/356
f 374/259/405 373/258/404 341/203/356 342/205/357
f 375/260/406 374/259/405 342/205/357 343/207/358
f 376/261/407 375/260/406 343/207/358 344/209/359
f 377/262/408 376/261/407 344/209/359 345/211/360
f 378/263/409 377/262/408 345/211/360 346/213/361
f 379/264/410 378/263/409 346/213/361 347/215/362
f 380/265/411 379/264/410 347/215/362 348/217/363
f 365/251/397 380/265/411 348/217/363 333/189/349
f 350/220/366 349/221/365 381/185/347 382/170/334
f 351/223/368 350/220/366 382/170/334 384/171/333
f 352/225/370 351/223/368 384/171/333 385/172/332
f 353/227/372 352/225/370 385/172/332 386/173/336
f 354/229/374 353/227/372 386/173/336 387/174/335
f 355/231/376 354/229/374 387/174/335 388/175/338
f 356/233/378 355/231/376 388/175/338 389/176/337
f 357/235/380 356/233/378 389/176/337 390/177/340
f 358/237/382 357/235/380 390/177/340 391/178/339
f 359/239/384 358/237/382 391/178/339 392/179/342
f 360/241/386 359/239/384 392/179/342 393/180/341
f 361/243/388 360/241/386 393/180/341 394/181/344
f 362/245/390 361/243/388 394/181/344 395/182/343
f 363/247/392 362/245/390 395/182/343 396/183/346
f 364/249/394 363/247/392 396/183/346 397/184/345
f 349/221/365 364/249/394 397/184/345 381/185/347
f 331/266/393 332/267/395 398/168/329 399/166/327
f 400/164/325 330/268/391 331/266/393 399/166/327
f 401/162/323 329/269/389 330/268/391 400/164/325
f 402/160/321 328/270/387 329/269/389 401/162/323
f 403/158/319 327/271/385 328/270/387 402/160/321
f 404/156/317 326/272/383 327/271/385 403/158/319
f 405/154/315 325/273/381 326/272/383 404/156/317
f 406/152/313 324/274/379 325/273/381 405/154/315
f 407/150/311 323/275/377 324/274/379 406/152/313
f 408/148/309 322/276/375 323/275/377 407/150/311
f 409/145/307 321/277/373 322/276/375 408/148/309
f 410/146/305 320/278/371 321/277/373 409/145/307
f 411/140/303 319/280/369 320/279/371 410/142/305
f 412/137/301 318/281/367 319/280/369 411/140/303
f 413/138/300 317/282/364 318/281/367 412/137/301
f 398/168/329 332/267/395 317/282/364 413/138/300
f 366/250/396 415/284/412 414/283/413 365/251/397
f 367/252/398 416/285/414 415/284/412 366/250/396
f 368/253/399 417/286/415 416/285/414 367/252/398
f 369/254/400 418/287/416 417/286/415 368/253/399
f 370/255/401 419/288/417 418/287/416 369/254/400
f 371/256/402 420/289/418 419/288/417 370/255/401
f 372/257/403 421/290/419 420/289/418 371/256/402
f 373/258/404 422/291/420 421/290/419 372/257/403
f 374/259/405 423/292/421 422/291/420 373/258/404
f 375/260/406 424/293/422 423/292/421 374/259/405
f 376/261/407 425/294/423 424/293/422 375/260/406
f 377/262/408 426/295/424 425/294/423 376/261/407
f 378/263/409 427/296/425 426/295/424 377/262/408
f 379/264/410 428/297/426 427/296/425 378/263/409
f 380/265/411 429/298/427 428/297/426 379/264/410
f 365/251/397 414/283/413 429/298/427 380/265/411
f 415/284/412 431/300/428 430/299/429 414/283/413
f 416/285/414 432/301/430 431/300/428 415/284/412
f 417/286/415 433/302/431 432/301/430 416/285/414
f 418/287/416 434/303/432 433/302/431 417/286/415
f 419/288/417 435/304/433 434/303/432 418/287/416
f 420/289/418 436/305/434 435/304/433 419/288/417
f 421/290/419 437/306/435 436/305/434 420/289/418
f 422/291/420 438/307/436 437/306/435 421/290/419
f 423/292/421 439/308/437 438/307/436 422/291/420
f 424/293/422 440/309/438 439/308/437 423/292/421
f 425/294/423 441/310/439 440/309/438 424/293/422
f 426/295/424 442/311/440 441/310/439 425/294/423
f 427/296/425 443/312/441 442/311/440 426/295/424
f 428/297/426 444/313/442 443/312/441 427/296/425
f 429/298/427 445/314/443 444/313/442 428/297/426
f 414/283/413 430/299/429 445/314/443 429/298/427
f 431/300/428 447/316/444 446/315/445 430/299/429
f 432/301/430 448/317/446 447/316/444 431/300/428
f 433/302/431 449/318/447 448/317/446 432/301/430
f 434/303/432 450/319/448 449/318/447 433/302/431
f 435/304/433 451/320/449 450/319/448 434/303/432
f 436/305/434 452/321/450 451/320/449 435/304/433
f 437/306/435 453/322/451 452/321/450 436/305/434
f 438/307/436 454/323/452 453/322/451 437/306/435
f 439/308/437 455/324/453 454/323/452 438/307/436
f 440/309/438 456/325/454 455/324/453 439/308/437
f 441/310/439 457/326/455 456/325/454 440/309/438
f 442/311/440 458/327/456 457/326/455 441/310/439
f 443/312/441 459/328/457 458/327/456 442/311/440
f 444/313/442 460/329/458 459/328/457 443/312/441
f 445/314/443 461/330/459 460/329/458 444/313/442
f 430/299/429 446/315/445 461/330/459 445/314/443
f 447/316/444 462/331/460 446/315/445
f 448/317/446 462/331/460 447/316/444
f 449/318/447 462/331/460 448/317/446
f 450/319/448 462/331/460 449/318/447
f 451/320/449 462/331/460 450/319/448
f 452/321/450 462/331/460 451/320/449
f 453/322/451 462/331/460 452/321/450
f 454/323/452 462/331/460 453/322/451
f 455/324/453 462/331/460 454/323/452
f 456/325/454 462/331/460 455/324/453
f 457/326/455 462/331/460 456/325/454
f 458/327/456 462/331/460 457/326/455
f 459/328/457 462/331/460 458/327/456
f 460/329/458 462/331/460 459/328/457
f 461/330/459 462/331/460 460/329/458
f 446/315/445 462/331/460 461/330/459
f 463/135/461 575/138/462 574/137/463 464/136/464
f 464/136/464 574/137/463 573/140/465 465/139/466
f 465/139/466 573/140/465 572/142/467 466/141/468
f 466/143/468 572/146/467 571/145/469 467/144/470
f 467/144/470 571/145/469 570/148/471 468/147/472
f 468/147/472 570/148/471 569/150/473 469/149/474
f 469/149/474 569/150/473 568/152/475 470/151/476
f 470/151/476 568/152/475 567/154/477 471/153/478
f 471/153/478 567/154/477 566/156/479 472/155/480
f 472/155/480 566/156/479 565/158/481 473/157/482
f 473/157/482 565/158/481 564/160/483 474/159/484
f 474/159/484 564/160/483 563/162/485 475/161/486
f 475/161/486 563/162/485 562/164/487 476/163/488
f 476/163/488 562/164/487 561/166/489 477/165/490
f 561/166/489 560/168/491 478/167/492 477/165/490
f 478/167/492 560/168/491 575/138/462 463/135/461
f 545/169/493 547/172/494 546/171/495 544/170/496
f 545/169/493 549/174/497 548/173/498 547/172/494
f 545/169/493 551/176/499 550/175/500 549/174/497
f 545/169/493 553/178/501 552/177/502 551/176/499
f 545/169/493 555/180/503 554/179/504 553/178/501
f 545/169/493 557/182/505 556/181/506 555/180/503
f 545/169/493 559/184/507 558/183/508 557/182/505
f 545/169/493 544/170/496 543/185/509 559/184/507
f 496/186/510 495/189/511 463/188/461 464/187/464
f 465/190/466 497/191/512 496/186/510 464/187/464
f 466/192/468 498/193/513 497/191/512 465/190/466
f 467/194/470 499/195/514 498/193/513 466/192/468
f 468/196/472 500/197/515 499/195/514 467/194/470
f 469/198/474 501/199/516 500/197/515 468/196/472
f 470/200/476 502/201/517 501/199/516 469/198/474
f 471/202/478 503/203/518 502/201/517 470/200/476
f 472/204/480 504/205/519 503/203/518 471/202/478
f 473/206/482 505/207/520 504/205/519 472/204/480
f 474/208/484 506/209/521 505/207/520 473/206/482
f 475/210/486 507/211/522 506/209/521 474/208/484
f 476/212/488 508/213/523 507/211/522 475/210/486
f 477/214/490 509/215/524 508/213/523 476/212/488
f 478/216/492 510/217/525 509/215/524 477/214/490
f 463/188/461 495/189/511 510/217/525 478/216/492
f 479/218/526 511/221/527 512/220/528 480/219/529
f 480/219/529 512/220/528 513/223/530 481/222/531
f 481/222/531 513/223/530 514/225/532 482/224/533
f 482/224/533 514/225/532 515/227/534 483/226/535
f 483/226/535 515/227/534 516/229/536 484/228/537
f 484/228/537 516/229/536 517/231/538 485/230/539
f 485/230/539 517/231/538 518/233/540 486/232/541
f 486/232/541 518/233/540 519/235/542 487/234/543
f 487/234/543 519/235/542 520/237/544 488/236/545
f 488/236/545 520/237/544 521/239/546 489/238/547
f 489/238/547 521/239/546 522/241/548 490/240/549
f 490/240/549 522/241/548 523/243/550 491/242/551
f 491/242/551 523/243/550 524/245/552 492/244/553
f 492/244/553 524/245/552 525/247/554 493/246/555
f 493/246/555 525/247/554 526/249/556 494/248/557
f 494/248/557 526/249/556 511/221/527 479/218/526
f 528/250/558 527/251/559 495/189/511 496/186/510
f 529/252/560 528/250/558 496/186/510 497/191/512
f 498/193/513 530/253/561 529/252/560 497/191/512
f 531/254/562 530/253/561 498/193/513 499/195/514
f 532/255/563 531/254/562 499/195/514 500/197/515
f 533/256/564 532/255/563 500/197/515 501/199/516
f 534/257/565 533/256/564 501/199/516 502/201/517
f 535/258/566 534/257/565 502/201/517 503/203/518
f 536/259/567 535/258/566 503/203/518 504/205/519
f 537/260/568 536/259/567 504/205/519 505/207/520
f 538/261/569 537/260/568 505/207/520 506/209/521
f 539/262/570 538/261/569 506/209/521 507/211/522
f 540/263/571 539/262/570 507/211/522 508/213/523
f 541/264/572 540/263/571 508/213/523 509/215/524
f 542/265/573 541/264/572 509/215/524 510/217/525
f 527/251/559 542/265/573 510/217/525 495/189/511
f 512/220/528 511/221/527 543/185/509 544/170/496
f 513/223/530 512/220/528 544/170/496 546/171/495
f 514/225/532 513/223/530 546/171/495 547/172/494
f 515/227/534 514/225/532 547/172/494 548/173/498
f 516/229/536 515/227/534 548/173/498 549/174/497
f 517/231/538 516/229/536 549/174/497 550/175/500
f 518/233/540 517/231/538 550/175/500 551/176/499
f 519/235/542 518/233/540 551/176/499 552/177/502
f 520/237/544 519/235/542 552/177/502 553/178/501
f 521/239/546 520/237/544 553/178/501 554/179/504
f 522/241/548 521/239/546 554/179/504 555/180/503
f 523/243/550 522/241/548 555/180/503 556/181/506
f 524/245/552 523/243/550 556/181/506 557/182/505
f 525/247/554 524/245/552 557/182/505 558/183/508
f 526/249/556 525/247/554 558/183/508 559/184/507
f 511/221/527 526/249/556 559/184/507 543/185/509
f 493/266/555 494/267/557 560/168/491 561/166/489
f 562/164/487 492/268/553 493/266/555 561/166/489
f 563/162/485 491/269/551 492/268/553 562/164/487
f 564/160/483 490/270/549 491/269/551 563/162/485
f 565/158/481 489/271/547 490/270/549 564/160/483
f 566/156/479 488/272/545 489/271/547 565/158/481
f 567/154/477 487/273/543 488/272/545 566/156/479
f 568/152/475 486/274/541 487/273/543 567/154/477
f 569/150/473 485/275/539 486/274/541 568/152/475
f 570/148/471 484/276/537 485/275/539 569/150/473
f 571/145/469 483/277/535 484/276/537 570/148/471
f 572/146/467 482/278/533 483/277/535 571/145/469
f 573/140/465 481/280/531 482/279/533 572/142/467
f 574/137/463 480/281/529 481/280/531 573/140/465
f 575/138/462 479/282/526 480/281/529 574/137/463
f 560/168/491 494/267/557 479/282/526 575/138/462
f 528/250/558 577/284/574 576/283/575 527/251/559
f 529/252/560 578/285/576 577/284/574 528/250/558
f 530/253/561 579/286/577 578/285/576 529/252/560
f 531/254/562 580/287/578 579/286/577 530/253/561
f 532/255/563 581/288/579 580/287/578 531/254/562
f 533/256/564 582/289/580 581/288/579 532/255/563
f 534/257/565 583/290/581 582/289/580 533/256/564
f 535/258/566 584/291/582 583/290/581 534/257/565
f 536/259/567 585/292/583 584/291/582 535/258/566
f 537/260/568 586/293/584 585/292/583 536/259/567
f 538/261/569 587/294/585 586/293/584 537/260/568
f 539/262/570 588/295/586 587/294/585 538/261/569
f 540/263/571 589/296/587 588/295/586 539/262/570
f 541/264/572 590/297/588 589/296/587 540/263/571
f 542/265/573 591/298/589 590/297/588 541/264/572
f 527/251/559 576/283/575 591/298/589 542/265/573
f 577/284/574 593/300/590 592/299/591 576/283/575
f 578/285/576 594/301/592 593/300/590 577/284/574
f 579/286/577 595/302/593 594/301/592 578/285/576
f 580/287/578 596/303/594 595/302/593 579/286/577
f 581/288/579 597/304/595 596/303/594 580/287/578
f 582/289/580 598/305/596 597/304/595 581/288/579
f 583/290/581 599/306/597 598/305/596 582/289/580
f 584/291/582 600/307/598 599/306/597 583/290/581
f 585/292/583 601/308/599 600/307/598 584/291/582
f 586/293/584 602/309/600 601/308/599 585/292/583
f 587/294/585 603/310/601 602/309/600 586/293/584
f 588/295/586 604/311/602 603/310/601 587/294/585
f 589/296/587 605/312/603 604/311/602 588/295/586
f 590/297/588 606/313/604 605/312/603 589/296/587
f 591/298/589 607/314/605 606/313/604 590/297/588
f 576/283/575 592/299/591 607/314/605 591/298/589
f 593/300/590 609/316/606 608/315/607 592/299/591
f 594/301/592 610/317/608 609/316/606 593/300/590
f 595/302/593 611/318/609 610/317/608 594/301/592
f 596/303/594 612/319/610 611/318/609 595/302/593
f 597/304/595 613/320/611 612/319/610 596/303/594
f 598/305/596 614/321/612 613/320/611 597/304/595
f 599/306/597 615/322/613 614/321/612 598/305/596
f 600/307/598 616/323/614 615/322/613 599/306/597
f 601/308/599 617/324/615 616/323/614 600/307/598
f 602/309/600 618/325/616 617/324/615 601/308/599
f 603/310/601 619/326/617 618/325/616 602/309/600
f 604/311/602 620/327/618 619/326/617 603/310/601
f 605/312/603 621/328/619 620/327/618 604/311/602
f 606/313/604 622/329/620 621/328/619 605/312/603
f 607/314/605 623/330/621 622/329/620 606/313/604
f 592/299/591 608/315/607 623/330/621 607/314/605
f 609/316/606 624/331/622 608/315/607
f 610/317/608 624/331/622 609/316/606
f 611/318/609 624/331/622 610/317/608
f 612/319/610 624/331/622 611/318/609
f 613/320/611 624/331/622 612/319/610
f 614/321/612 624/331/622 613/320/611
f 615/322/613 624/331/622 614/321/612
f 616/323/614 624/331/622 615/322/613
f 617/324/615 624/331/622 616/323/614
f 618/325/616 624/331/622 617/324/615
f 619/326/617 624/331/622 618/325/616
f 620/327/618 624/331/622 619/326/617
f 621/328/619 624/331/622 620/327/618
f 622/329/620 624/331/622 621/328/619
f 623/330/621 624/331/622 622/329/620
f 608/315/607 624/331/622 623/330/621
f 625/135/623 626/136/624 736/137/625 737/138/626
f 626/136/624 627/139/627 735/140/628 736/137/625
f 627/139/627 628/141/629 734/142/630 735/140/628
f 628/143/629 629/144/631 733/145/632 734/146/630
f 629/144/631 630/147/633 732/148/634 733/145/632
f 630/147/633 631/149/635 731/150/636 732/148/634
f 631/149/635 632/151/637 730/152/638 731/150/636
f 632/151/637 633/153/639 729/154/640 730/152/638
f 633/153/639 634/155/641 728/156/642 729/154/640
f 634/155/641 635/157/643 727/158/644 728/156/642
f 635/157/643 636/159/645 726/160/646 727/158/644
f 636/159/645 637/161/647 725/162/648 726/160/646
f 637/161/647 638/163/649 724/164/650 725/162/648
f 638/163/649 639/165/651 723/166/652 724/164/650
f 723/166/652 639/165/651 640/167/653 722/168/654
f 640/167/653 625/135/623 737/138/626 722/168/654
f 707/169/655 706/170/656 708/171/657 709/172/658
f 707/169/655 709/172/658 710/173/659 711/174/660
f 707/169/655 711/174/660 712/175/661 713/176/662
f 707/169/655 713/176/662 714/177/663 715/178/664
f 707/169/655 715/178/664 716/179/665 717/180/666
f 707/169/655 717/180/666 718/181/667 719/182/668
f 707/169/655 719/182/668 720/183/669 721/184/670
f 707/169/655 721/184/670 705/185/671 706/170/656
f 658/186/672 626/187/624 625/188/623 657/189/673
f 627/190/627 626/187/624 658/186/672 659/191/674
f 628/192/629 627/190/627 659/191/674 660/193/675
f 629/194/631 628/192/629 660/193/675 661/195/676
f 630/196/633 629/194/631 661/195/676 662/197/677
f 631/198/635 630/196/633 662/197/677 663/199/678
f 632/200/637 631/198/635 663/199/678 664/201/679
f 633/202/639 632/200/637 664/201/679 665/203/680
f 634/204/641 633/202/639 665/203/680 666/205/681
f 635/206/643 634/204/641 666/205/681 667/207/682
f 636/208/645 635/206/643 667/207/682 668/209/683
f 637/210/647 636/208/645 668/209/683 669/211/684
f 638/212/649 637/210/647 669/211/684 670/213/685
f 639/214/651 638/212/649 670/213/685 671/215/686
f 640/216/653 639/214/651 671/215/686 672/217/687
f 625/188/623 640/216/653 672/217/687 657/189/673
f 641/218/688 642/219/689 674/220/690 673/221/691
f 642/219/689 643/222/692 675/223/693 674/220/690
f 643/222/692 644/224/694 676/225/695 675/223/693
f 644/224/694 645/226/696 677/227/697 676/225/695
f 645/226/696 646/228/698 678/229/699 677/227/697
f 646/228/698 647/230/700 679/231/701 678/229/699
f 647/230/700 648/232/702 680/233/703 679/231/701
f 648/232/702 649/234/704 681/235/705 680/233/703
f 649/234/704 650/236/706 682/237/707 681/235/705
f 650/236/706 651/238/708 683/239/709 682/237/707
f 651/238/708 652/240/710 684/241/711 683/239/709
f 652/240/710 653/242/712 685/243/713 684/241/711
f 653/242/712 654/244/714 686/245/715 685/243/713
f 654/244/714 655/246/716 687/247/717 686/245/715
f 655/246/716 656/248/718 688/249/719 687/247/717
f 656/248/718 641/218/688 673/221/691 688/249/719
f 690/250/720 658/186/672 657/189/673 689/251/721
f 691/252/722 659/191/674 658/186/672 690/250/720
f 660/193/675 659/191/674 691/252/722 692/253/723
f 693/254/724 661/195/676 660/193/675 692/253/723
f 694/255/725 662/197/677 661/195/676 693/254/724
f 695/256/726 663/199/678 662/197/677 694/255/725
f 696/257/727 664/201/679 663/199/678 695/256/726
f 697/258/728 665/203/680 664/201/679 696/257/727
f 698/259/729 666/205/681 665/203/680 697/258/728
f 699/260/730 667/207/682 666/205/681 698/259/729
f 700/261/731 668/209/683 667/207/682 699/260/730
f 701/262/732 669/211/684 668/209/683 700/261/731
f 702/263/733 670/213/685 669/211/684 701/262/732
f 703/264/734 671/215/686 670/213/685 702/263/733
f 704/265/735 672/217/687 671/215/686 703/264/734
f 689/251/721 657/189/673 672/217/687 704/265/735
f 674/220/690 706/170/656 705/185/671 673/221/691
f 675/223/693 708/171/657 706/170/656 674/220/690
f 676/225/695 709/172/658 708/171/657 675/223/693
f 677/227/697 710/173/659 709/172/658 676/225/695
f 678/229/699 711/174/660 710/173/659 677/227/697
f 679/231/701 712/175/661 711/174/660 678/229/699
f 680/233/703 713/176/662 712/175/661 679/231/701
f 681/235/705 714/177/663 713/176/662 680/233/703
f 682/237/707 715/178/664 714/177/663 681/235/705
f 683/239/709 716/179/665 715/178/664 682/237/707
f 684/241/711 717/180/666 716/179/665 683/239/709
f 685/243/713 718/181/667 717/180/666 684/241/711
f 686/245/715 719/182/668 718/181/667 685/243/713
f 687/247/717 720/183/669 719/182/668 686/245/715
f 688/249/719 721/184/670 720/183/669 687/247/717
f 673/221/691 705/185/671 721/184/670 688/249/719
f 655/266/716 723/166/652 722/168/654 656/267/718
f 724/164/650 723/166/652 655/266/716 654/268/714
f 725/162/648 724/164/650 654/268/714 653/269/712
f 726/160/646 725/162/648 653/269/712 652/270/710
f 727/158/644 726/160/646 652/270/710 651/271/708
f 728/156/642 727/158/644 651/271/708 650/272/706
f 729/154/640 728/156/642 650/272/706 649/273/704
f 730/152/638 729/154/640 649/273/704 648/274/702
f 731/150/636 730/152/638 648/274/702 647/275/700
f 732/148/634 731/150/636 647/275/700 646/276/698
f 733/145/632 732/148/634 646/276/698 645/277/696
f 734/146/630 733/145/632 645/277/696 644/278/694
f 735/140/628 734/142/630 644/279/694 643/280/692
f 736/137/625 735/140/628 643/280/692 642/281/689
f 737/138/626 736/137/625 642/281/689 641/282/688
f 722/168/654 737/138/626 641/282/688 656/267/718
f 690/250/720 689/251/721 738/283/736 739/284/737
f 691/252/722 690/250/720 739/284/737 740/285/738
f 692/253/723 691/252/722 740/285/738 741/286/739
f 693/254/724 692/253/723 741/286/739 742/287/740
f 694/255/725 693/254/724 742/287/740 743/288/741
f 695/256/726 694/255/725 743/288/741 744/289/742
f 696/257/727 695/256/726 744/289/742 745/290/743
f 697/258/728 696/257/727 745/290/743 746/291/744
f 698/259/729 697/258/728 746/291/744 747/292/745
f 699/260/730 698/259/729 747/292/745 748/293/746
f 700/261/731 699/260/730 748/293/746 749/294/747
f 701/262/732 700/261/731 749/294/747 750/295/748
f 702/263/733 701/262/732 750/295/748 751/296/749
f 703/264/734 702/263/733 751/296/749 752/297/750
f 704/265/735 703/264/734 752/297/750 753/298/751
f 689/251/721 704/265/735 753/298/751 738/283/736
f 739/284/737 738/283/736 754/299/752 755/300/753
f 740/285/738 739/284/737 755/300/753 756/301/754
f 741/286/739 740/285/738 756/301/754 757/302/755
f 742/287/740 741/286/739 757/302/755 758/303/756
f 743/288/741 742/287/740 758/303/756 759/304/757
f 744/289/742 743/288/741 759/304/757 760/305/758
f 745/290/743 744/289/742 760/305/758 761/306/759
f 746/291/744 745/290/743 761/306/759 762/307/760
f 747/292/745 746/291/744 762/307/760 763/308/761
f 748/293/746 747/292/745 763/308/761 764/309/762
f 749/294/747 748/293/746 764/309/762 765/310/763
f 750/295/748 749/294/747 765/310/763 766/311/764
f 751/296/749 750/295/748 766/311/764 767/312/765
f 752/297/750 751/296/749 767/312/765 768/313/766
f 753/298/751 752/297/750 768/313/766 769/314/767
f 738/283/736 753/298/751 769/314/767 754/299/752
f 755/300/753 754/299/752 770/315/768 771/316/769
f 756/301/754 755/300/753 771/316/769 772/317/770
f 757/302/755 756/301/754 772/317/770 773/318/771
f 758/303/756 757/302/755 773/318/771 774/319/772
f 759/304/757 758/303/756 774/319/772 775/320/773
f 760/305/758 759/304/757 775/320/773 776/321/774
f 761/306/759 760/305/758 776/321/774 777/322/775
f 762/307/760 761/306/759 777/322/775 778/323/776
f 763/308/761 762/307/760 778/323/776 779/324/777
f 764/309/762 763/308/761 779/324/777 780/325/778
f 765/310/763 764/309/762 780/325/778 781/326/779
f 766/311/764 765/310/763 781/326/779 782/327/780
f 767/312/765 766/311/764 782/327/780 783/328/781
f 768/313/766 767/312/765 783/328/781 784/329/782
f 769/314/767 768/313/766 784/329/782 785/330/783
f 754/299/752 769/314/767 785/330/783 770/315/768
f 771/316/769 770/315/768 786/331/784
f 772/317/770 771/316/769 786/331/784
f 773/318/771 772/317/770 786/331/784
f 774/319/772 773/318/771 786/331/784
f 775/320/773 774/319/772 786/331/784
f 776/321/774 775/320/773 786/331/784
f 777/322/775 776/321/774 786/331/784
f 778/323/776 777/322/775 786/331/784
f 779/324/777 778/323/776 786/331/784
f 780/325/778 779/324/777 786/331/784
f 781/326/779 780/325/778 786/331/784
f 782/327/780 781/326/779 786/331/784
f 783/328/781 782/327/780 786/331/784
f 784/329/782 783/328/781 786/331/784
f 785/330/783 784/329/782 786/331/784
f 770/315/768 785/330/783 786/331/784
f 788/332/785 792/333/786 791/334/787 787/335/788
f 790/336/789 792/337/786 788/332/785 789/338/790
f 793/339/791 794/340/792 789/338/790 788/332/785
f 795/341/793 793/339/791 788/332/785 787/335/788
f 796/342/794 795/341/793 787/335/788 791/334/787
f 798/343/795 792/337/786 790/336/789 797/344/796
f 790/336/789 789/338/790 794/340/792 799/345/797
f 791/334/787 800/346/798 801/347/799 796/342/794
f 798/348/795 800/346/798 791/334/787 792/333/786
f 797/344/796 790/336/789 799/345/797 802/349/800
f 803/350/801 804/351/802 811/352/803
f 804/351/802 805/353/804 811/352/803
f 805/353/804 806/354/805 811/352/803
f 806/354/805 807/355/806 811/352/803
f 807/355/806 808/356/807 811/352/803
f 808/356/807 809/357/808 811/352/803
f 809/357/808 810/358/809 811/352/803
f 810/358/809 803/350/801 811/352/803
f 804/351/802 803/350/801 812/359/810 813/360/811
f 805/353/804 804/351/802 813/360/811 814/361/812
f 806/354/805 805/353/804 814/361/812 815/362/813
f 807/355/806 806/354/805 815/362/813 816/363/814
f 808/356/807 807/355/806 816/363/814 817/364/815
f 809/357/808 808/356/807 817/365/815 818/366/816
f 819/367/817 810/358/809 809/357/808 818/366/816
f 803/350/801 810/358/809 819/367/817 812/359/810
f 820/368/804 828/369/803 821/370/802
f 821/370/802 828/369/803 822/371/801
f 822/371/801 828/369/803 823/372/809
f 823/372/809 828/369/803 824/373/808
f 824/373/808 828/369/803 825/374/807
f 825/374/807 828/369/803 826/375/806
f 826/375/806 828/369/803 827/376/805
f 827/376/805 828/369/803 820/368/804
f 821/370/802 830/377/811 829/378/812 820/368/804
f 822/371/801 831/379/810 830/377/811 821/370/802
f 823/372/809 832/380/817 831/379/810 822/371/801
f 824/373/808 833/381/816 832/380/817 823/372/809
f 825/374/807 834/382/815 833/381/816 824/373/808
f 826/375/806 835/383/814 834/384/815 825/374/807
f 836/385/813 835/383/814 826/375/806 827/376/805
f 820/368/804 829/378/812 836/385/813 827/376/805
f 838/386/818 837/387/819 841/388/820 842/389/821
f 844/390/822 838/386/818 839/391/823 843/392/824
f 845/393/825 837/387/819 838/386/818 844/390/822
f 846/394/826 841/388/820 837/387/819 845/393/825
f 842/395/821 840/396/827 839/391/823 838/386/818
f 842/389/821 841/388/820 847/397/828 848/398/829
f 847/397/828 841/388/820 846/394/826 849/399/830
f 842/395/821 848/400/829 850/401/831 840/396/827
f 843/392/824 839/391/823 840/396/827 851/402/832
f 850/401/831 852/403/833 851/402/832 840/396/827
f 867/404/834 885/405/835 884/406/836 863/407/837
f 859/408/838 874/409/839 885/405/835 867/404/834
f 883/410/840 865/411/841 863/407/837 884/406/836
f 875/412/842 874/409/839 859/408/838 861/413/843
f 886/414/844 875/412/842 861/413/843 853/415/845
f 887/416/846 886/414/844 853/415/845 856/417/847
f 869/418/848 872/419/848 874/409/839 875/412/842
f 883/410/840 884/406/836 877/420/849 882/421/850
f 877/420/849 874/409/839 872/419/848 878/422/851
f 880/423/852 895/424/853 858/425/853 868/426/854
f 881/427/855 880/423/852 868/426/854 864/428/856
f 882/421/850 881/427/855 864/428/856 866/429/857
f 883/410/840 882/421/850 866/429/857 865/411/841
f 873/430/858 877/420/849 878/422/851 879/431/859
f 877/420/849 880/423/852 881/427/855 882/421/850
f 880/423/852 877/420/849 873/430/858
f 877/420/849 884/406/836 885/405/835 874/409/839
f 880/423/852 873/430/858 895/424/860
f 910/432/861 906/433/837 921/434/862 922/435/863
f 902/436/864 910/432/861 922/435/863 913/437/865
f 920/438/866 921/434/862 906/433/837 908/439/841
f 914/440/867 904/441/868 902/436/864 913/437/865
f 923/442/869 896/443/870 904/441/868 914/440/867
f 869/444/848 914/440/867 913/437/865 872/445/848
f 920/438/866 919/446/871 916/447/872 921/434/862
f 916/447/872 878/448/851 872/445/848 913/437/865
f 917/449/873 911/450/874 901/451/875 931/452/875
f 918/453/876 907/454/856 911/450/874 917/449/873
f 919/446/871 909/455/857 907/454/856 918/453/876
f 920/438/866 908/439/841 909/455/857 919/446/871
f 912/456/877 879/457/878 878/448/851 916/447/872
f 916/447/872 919/446/871 918/453/876 917/449/873
f 917/449/873 912/456/877 916/447/872
f 916/447/872 913/437/865 922/435/863 921/434/862
f 917/449/873 931/452/879 912/456/877
f 1000/458/880 1001/459/881 959/460/882 973/461/883
f 957/462/884 946/463/885 955/464/886 972/465/887
f 1013/466/888 972/465/887 955/464/886 1012/467/889
f 959/460/882 945/468/890 961/469/891 973/461/883
f 1011/470/892 1012/467/889 955/464/886 975/471/893
f 955/464/886 946/463/885 965/472/894 975/471/893
f 966/473/895 945/468/890 959/460/882 978/474/896
f 978/474/896 959/460/882 1001/459/881 1002/475/897
f 968/476/898 948/477/899 966/473/895 978/474/896
f 993/478/900 940/479/901 939/480/902 992/481/903
f 978/474/896 1002/475/897 1003/482/904 968/476/898
f 965/472/894 951/483/905 969/484/906 975/471/893
f 1011/470/892 975/471/893 969/484/906 1010/485/907
f 992/481/903 984/486/908 985/487/909 993/478/900
f 985/487/909 984/486/908 969/484/906 951/483/905
f 940/479/901 993/478/900 994/488/910 941/489/911
f 1035/490/912 954/491/913 958/492/914 1032/493/915
f 971/494/916 956/495/917 946/463/885 957/462/884
f 992/481/903 939/480/902 1007/496/918 1008/497/919
f 984/486/908 992/481/903 1008/497/919 1009/498/920
f 948/477/899 968/476/898 983/499/921 982/500/922
f 1003/482/904 1004/501/923 983/499/921 968/476/898
f 969/484/906 984/486/908 1009/498/920 1010/485/907
f 991/502/924 1005/503/925 1006/504/926 999/505/927
f 982/500/922 983/499/921 991/502/924 990/506/928
f 1004/501/923 1005/503/925 991/502/924 983/499/921
f 991/502/924 999/505/927 998/507/929 990/506/928
f 986/508/930 994/488/910 993/478/900 985/487/909
f 1012/467/889 1001/459/881 1000/458/880 1013/466/888
f 1009/498/920 1004/501/923 1003/482/904 1010/485/907
f 1008/497/919 1005/503/925 1004/501/923 1009/498/920
f 1008/497/919 1007/496/918 1006/504/926 1005/503/925
f 1002/475/897 1011/470/892 1010/485/907 1003/482/904
f 1012/467/889 1011/470/892 1002/475/897 1001/459/881
f 1038/509/931 1032/493/915 958/492/914 997/510/932
f 1038/509/931 997/510/932 971/494/916 1037/511/933
f 1037/511/933 971/494/916 957/462/884 1023/512/934
f 1023/512/934 1022/513/935 1036/514/936 1037/511/933
f 1052/515/937 1036/514/936 1022/513/935 1053/516/938
f 1029/517/939 1017/518/940 973/461/883 961/469/891
f 1024/519/941 1028/520/942 1029/517/939 1026/521/943
f 1028/520/942 1014/522/944 1017/518/940 1029/517/939
f 1043/81/945 1055/523/946 1014/522/944 1028/520/942
f 1028/520/942 1024/519/941 1061/82/947 1043/81/945
f 1031/524/948 1025/525/949 1027/526/950 1030/527/951
f 1025/525/949 1024/519/941 1026/521/943 1027/526/950
f 1066/84/952 1060/83/953 1025/528/949 1031/529/948
f 1024/519/941 1025/528/949 1060/83/953 1061/82/947
f 1067/530/954 1042/531/955 1041/532/956 1065/77/957
f 1066/84/952 1059/533/958 1042/531/955 1067/530/954
f 1031/529/948 1059/533/958 1066/84/952
f 1065/77/957 1041/532/956 1045/534/959 1064/85/960
f 1070/121/961 1064/85/960 1045/534/959 1044/535/962
f 1071/536/963 1046/537/964 1064/85/960 1070/121/961
f 1068/118/965 1047/87/966 1046/537/964 1071/536/963
f 1000/458/880 973/461/883 1017/518/940 1016/538/967
f 1014/522/944 1015/539/968 1016/538/967 1017/518/940
f 1015/539/968 1014/522/944 1055/523/946 1056/73/969
f 1016/538/967 1021/540/970 1013/466/888 1000/458/880
f 1020/541/971 972/465/887 1013/466/888 1021/540/970
f 1023/512/934 957/462/884 972/465/887 1020/541/971
f 1016/538/967 1015/539/968 1018/542/972 1021/540/970
f 1057/75/973 1018/542/972 1015/539/968 1056/73/969
f 1020/541/971 1019/543/974 1022/513/935 1023/512/934
f 1022/513/935 1019/543/974 1054/544/975 1053/516/938
f 1048/545/976 1019/543/974 1020/541/971 1021/540/970
f 1058/88/977 1048/545/976 1018/542/972 1057/75/973
f 1048/545/976 1058/88/977 1069/117/978
f 1069/117/978 1058/88/977 1047/87/966 1068/118/965
f 1069/117/978 1054/544/975 1019/543/974 1048/545/976
f 1021/540/970 1018/542/972 1048/545/976
f 1044/535/962 1040/546/979 1063/547/980 1070/121/961
f 1037/511/933 1036/514/936 1039/548/981 1038/509/931
f 1036/514/936 1052/515/937 1051/549/982 1039/550/981
f 1032/493/915 1033/551/983 1034/552/984 1035/490/912
f 1033/551/983 1032/493/915 1038/509/931 1039/548/981
f 1039/550/981 1051/549/982 1050/553/985 1033/554/983
f 1033/554/983 1050/553/985 1074/555/986
f 1072/125/987 1062/556/988 1073/557/989
f 1072/125/987 1063/547/980 1040/546/979 1049/558/990
f 1073/557/989 1062/556/988 1074/555/986
f 1049/558/990 1062/556/988 1072/125/987
f 1033/554/983 1074/555/986 1034/559/984
f 1074/555/986 1062/556/988 1034/559/984
f 1062/556/988 1049/558/990 1034/559/984
f 967/560/991 948/477/899 982/500/922 981/561/992
f 981/561/992 982/500/922 990/506/928 989/562/993
f 989/562/993 990/506/928 998/507/929 938/563/994
f 1075/27/995 989/562/993 938/563/994 1076/564/996
f 1077/565/997 981/561/992 989/562/993 1075/27/995
f 1081/21/998 988/566/999 980/567/1000 1083/25/1001
f 1082/568/24 937/569/24 988/566/999 1081/21/998
f 967/560/991 981/561/992 1077/565/997 1078/570/1002
f 961/469/891 974/571/1003 1026/521/943 1029/517/939
f 962/572/1004 953/573/1005 1030/527/951 1027/526/950
f 1027/526/950 1026/521/943 974/571/1003 962/572/1004
f 948/477/899 967/560/991 977/574/1006 966/473/895
f 974/571/1003 961/469/891 945/468/890 960/575/1007
f 960/575/1007 945/468/890 966/473/895 977/574/1006
f 977/574/1006 967/560/991 1078/570/1002 1085/576/1008
f 960/575/1007 977/574/1006 1085/576/1008 1086/577/1009
f 980/567/1000 949/578/1010 1084/579/1011 1083/25/1001
f 943/580/1012 953/573/1005 962/572/1004 932/581/1013
f 932/581/1013 962/572/1004 974/571/1003 960/575/1007
f 1086/577/1009 1079/582/1014 932/581/1013 960/575/1007
f 1087/583/1015 1084/579/1011 949/578/1010 952/584/1016
f 1087/583/1015 952/584/1016 1080/585/1017 1088/38/1018
f 1089/39/1019 943/580/1012 932/581/1013 1079/582/1014
f 1089/39/1019 1088/38/1018 1080/585/1017 943/580/1012
f 1091/5/1020 933/586/1021 934/587/1022 1090/588/1023
f 941/489/911 994/488/910 934/587/1022 933/586/1021
f 1095/4/1024 995/589/1024 942/590/1025 1096/591/1025
f 965/472/894 946/463/885 956/495/917 976/592/1026
f 951/483/905 965/472/894 976/592/1026 970/593/1027
f 970/593/1027 986/508/930 985/487/909 951/483/905
f 954/491/913 944/594/1028 947/595/1029 958/492/914
f 958/492/914 947/595/1029 996/596/1030 997/510/932
f 956/495/917 971/494/916 997/510/932 996/596/1030
f 979/597/1031 976/592/1026 956/495/917 996/596/1030
f 996/596/1030 947/595/1029 964/598/1032 979/597/1031
f 994/488/910 986/508/930 935/599/1033 934/587/1022
f 934/587/1022 935/599/1033 1092/8/1034 1090/588/1023
f 986/508/930 970/593/1027 936/600/1035 935/599/1033
f 976/592/1026 979/597/1031 936/600/1035 970/593/1027
f 935/599/1033 936/600/1035 1098/601/1036 1092/8/1034
f 1098/601/1036 936/600/1035 1099/10/1037
f 1100/12/1038 1099/10/1037 936/600/1035 979/597/1031
f 964/598/1032 1093/13/1039 1100/12/1038 979/597/1031
f 987/602/1040 995/589/1024 1095/4/1024 1097/603/1041
f 947/595/1029 944/594/1028 964/598/1032
f 964/598/1032 944/594/1028 1094/604/1042
f 944/594/1028 963/605/1043 1094/604/1042
f 1101/606/1044 1093/13/1039 964/598/1032 1094/604/1042
f 950/607/1045 1102/608/1046 1094/604/1042 963/605/1043
f 950/607/1045 1103/609/1047 1102/608/1046
f 987/602/1040 1097/603/1041 1103/609/1047 950/607/1045
f 1102/608/1046 1101/606/1044 1094/604/1042
f 1163/610/1048 1138/611/1049 1124/612/1050 1164/613/1051
f 1122/614/1052 1137/615/1053 1120/616/1054 1111/617/1055
f 1174/618/1056 1173/619/1057 1120/616/1054 1137/615/1053
f 1124/612/1050 1138/611/1049 1126/620/1058 1110/621/1059
f 1172/622/1060 1140/623/1061 1120/616/1054 1173/619/1057
f 1120/616/1054 1140/623/1061 1130/624/1062 1111/617/1055
f 1131/625/1063 1143/626/1064 1124/612/1050 1110/621/1059
f 1143/626/1064 1165/627/1065 1164/613/1051 1124/612/1050
f 1133/628/1066 1143/626/1064 1131/625/1063 1113/629/1067
f 1158/630/1068 1157/631/1069 939/480/902 940/479/901
f 1143/626/1064 1133/628/1066 1166/632/1070 1165/627/1065
f 1130/624/1062 1140/623/1061 1134/633/1071 1116/634/1072
f 1172/622/1060 1171/635/1073 1134/633/1071 1140/623/1061
f 1157/631/1069 1158/630/1068 1150/636/1074 1149/637/1075
f 1150/636/1074 1116/634/1072 1134/633/1071 1149/637/1075
f 940/479/901 941/489/911 1159/638/1076 1158/630/1068
f 1196/639/1077 1193/640/1078 1123/641/1079 1119/642/1080
f 1136/643/1081 1122/614/1052 1111/617/1055 1121/644/1082
f 1157/631/1069 1169/645/1083 1007/496/918 939/480/902
f 1149/637/1075 1170/646/1084 1169/645/1083 1157/631/1069
f 1113/629/1067 1147/647/1085 1148/648/1086 1133/628/1066
f 1166/632/1070 1133/628/1066 1148/648/1086 1167/649/1087
f 1134/633/1071 1171/635/1073 1170/646/1084 1149/637/1075
f 1156/650/1088 999/505/927 1006/504/926 1168/651/1089
f 1147/647/1085 1155/652/1090 1156/650/1088 1148/648/1086
f 1167/649/1087 1148/648/1086 1156/650/1088 1168/651/1089
f 1156/650/1088 1155/652/1090 998/507/929 999/505/927
f 1151/653/1091 1150/636/1074 1158/630/1068 1159/638/1076
f 1173/619/1057 1174/618/1056 1163/610/1048 1164/613/1051
f 1170/646/1084 1171/635/1073 1166/632/1070 1167/649/1087
f 1169/645/1083 1170/646/1084 1167/649/1087 1168/651/1089
f 1169/645/1083 1168/651/1089 1006/504/926 1007/496/918
f 1165/627/1065 1166/632/1070 1171/635/1073 1172/622/1060
f 1173/619/1057 1164/613/1051 1165/627/1065 1172/622/1060
f 1199/654/1092 1162/655/1093 1123/641/1079 1193/640/1078
f 1199/654/1092 1198/656/1094 1136/643/1081 1162/655/1093
f 1198/656/1094 1184/657/1095 1122/614/1052 1136/643/1081
f 1184/657/1095 1198/656/1094 1197/658/1096 1183/659/1097
f 1213/660/1098 1214/661/1099 1183/659/1097 1197/658/1096
f 1190/662/1100 1126/620/1058 1138/611/1049 1178/663/1101
f 1185/664/1102 1187/665/1103 1190/662/1100 1189/666/1104
f 1189/666/1104 1190/662/1100 1178/663/1101 1175/667/1105
f 1204/668/1106 1189/666/1104 1175/667/1105 1216/669/1107
f 1189/666/1104 1204/668/1106 1222/670/1108 1185/664/1102
f 1192/671/1109 1191/672/1110 1188/673/1111 1186/674/1112
f 1186/674/1112 1188/673/1111 1187/665/1103 1185/664/1102
f 1227/675/1113 1192/676/1109 1186/677/1112 1221/678/1114
f 1185/664/1102 1222/670/1108 1221/678/1114 1186/677/1112
f 1228/679/1115 1226/680/1116 1202/681/1117 1203/682/1118
f 1227/675/1113 1228/679/1115 1203/682/1118 1220/683/1119
f 1192/676/1109 1227/675/1113 1220/683/1119
f 1226/680/1116 1225/684/1120 1206/685/1121 1202/681/1117
f 1231/686/1122 1205/687/1123 1206/685/1121 1225/684/1120
f 1232/688/1124 1231/686/1122 1225/684/1120 1207/689/1125
f 1229/690/1126 1232/688/1124 1207/689/1125 1208/691/1127
f 1163/610/1048 1177/692/1128 1178/663/1101 1138/611/1049
f 1175/667/1105 1178/663/1101 1177/692/1128 1176/693/1129
f 1176/693/1129 1217/694/1130 1216/669/1107 1175/667/1105
f 1177/692/1128 1163/610/1048 1174/618/1056 1182/695/1131
f 1181/696/1132 1182/695/1131 1174/618/1056 1137/615/1053
f 1184/657/1095 1181/696/1132 1137/615/1053 1122/614/1052
f 1177/692/1128 1182/695/1131 1179/697/1133 1176/693/1129
f 1218/698/1134 1217/694/1130 1176/693/1129 1179/697/1133
f 1181/696/1132 1184/657/1095 1183/659/1097 1180/699/1135
f 1183/659/1097 1214/661/1099 1215/700/1136 1180/699/1135
f 1209/701/1137 1182/695/1131 1181/696/1132 1180/699/1135
f 1219/702/1138 1218/698/1134 1179/697/1133 1209/701/1137
f 1209/701/1137 1230/703/1139 1219/702/1138
f 1230/703/1139 1229/690/1126 1208/691/1127 1219/702/1138
f 1230/703/1139 1209/701/1137 1180/699/1135 1215/700/1136
f 1182/695/1131 1209/701/1137 1179/697/1133
f 1205/687/1123 1231/686/1122 1224/704/1140 1201/705/1141
f 1198/656/1094 1199/654/1092 1200/706/1142 1197/658/1096
f 1197/658/1096 1200/707/1142 1212/708/1143 1213/660/1098
f 1193/640/1078 1196/639/1077 1195/709/1144 1194/710/1145
f 1194/710/1145 1200/706/1142 1199/654/1092 1193/640/1078
f 1200/707/1142 1194/711/1145 1211/712/1146 1212/708/1143
f 1194/711/1145 1235/713/1147 1211/712/1146
f 1233/714/1148 1234/715/1149 1223/716/1150
f 1233/714/1148 1210/717/1151 1201/705/1141 1224/704/1140
f 1234/715/1149 1235/713/1147 1223/716/1150
f 1210/717/1151 1233/714/1148 1223/716/1150
f 1194/711/1145 1195/718/1144 1235/713/1147
f 1235/713/1147 1195/718/1144 1223/716/1150
f 1195/718/1144 1210/717/1151 1223/716/1150
f 1132/719/1152 1146/720/1153 1147/647/1085 1113/629/1067
f 1146/720/1153 1154/721/1154 1155/652/1090 1147/647/1085
f 1154/721/1154 938/563/994 998/507/929 1155/652/1090
f 1236/722/1155 1076/564/996 938/563/994 1154/721/1154
f 1237/723/1156 1236/722/1155 1154/721/1154 1146/720/1153
f 1241/57/1157 1242/724/1158 1145/725/1159 1153/726/1160
f 1082/568/24 1241/57/1157 1153/726/1160 937/569/24
f 1132/719/1152 1238/727/1161 1237/723/1156 1146/720/1153
f 1126/620/1058 1190/662/1100 1187/665/1103 1139/728/1162
f 1127/729/1163 1188/673/1111 1191/672/1110 1118/730/1164
f 1188/673/1111 1127/729/1163 1139/728/1162 1187/665/1103
f 1113/629/1067 1131/625/1063 1142/731/1165 1132/719/1152
f 1139/728/1162 1125/732/1166 1110/621/1059 1126/620/1058
f 1125/732/1166 1142/731/1165 1131/625/1063 1110/621/1059
f 1142/731/1165 1244/733/1167 1238/727/1161 1132/719/1152
f 1125/732/1166 1245/734/1168 1244/733/1167 1142/731/1165
f 1145/725/1159 1242/724/1158 1243/735/1169 1114/736/1170
f 1108/737/1171 1104/738/1172 1127/729/1163 1118/730/1164
f 1104/738/1172 1125/732/1166 1139/728/1162 1127/729/1163
f 1245/734/1168 1125/732/1166 1104/738/1172 1239/739/1173
f 1246/740/1174 1117/741/1175 1114/736/1170 1243/735/1169
f 1246/740/1174 1247/742/1176 1240/743/1177 1117/741/1175
f 1248/744/1178 1239/739/1173 1104/738/1172 1108/737/1171
f 1248/744/1178 1108/737/1171 1240/743/1177 1247/742/1176
f 1091/5/1020 1249/745/1179 1105/746/1180 933/586/1021
f 941/489/911 933/586/1021 1105/746/1180 1159/638/1076
f 1253/747/1181 1096/591/1025 942/590/1025 1160/748/1181
f 1130/624/1062 1141/749/1182 1121/644/1082 1111/617/1055
f 1116/634/1072 1135/750/1183 1141/749/1182 1130/624/1062
f 1135/750/1183 1116/634/1072 1150/636/1074 1151/653/1091
f 1119/642/1080 1123/641/1079 1112/751/1184 1109/752/1185
f 1123/641/1079 1162/655/1093 1161/753/1186 1112/751/1184
f 1121/644/1082 1161/753/1186 1162/655/1093 1136/643/1081
f 1144/754/1187 1161/753/1186 1121/644/1082 1141/749/1182
f 1161/753/1186 1144/754/1187 1129/755/1188 1112/751/1184
f 1159/638/1076 1105/746/1180 1106/756/1189 1151/653/1091
f 1105/746/1180 1249/745/1179 1250/757/1190 1106/756/1189
f 1151/653/1091 1106/756/1189 1107/758/1191 1135/750/1183
f 1141/749/1182 1135/750/1183 1107/758/1191 1144/754/1187
f 1106/756/1189 1250/757/1190 1255/759/1192 1107/758/1191
f 1255/759/1192 1256/760/1193 1107/758/1191
f 1257/761/1194 1144/754/1187 1107/758/1191 1256/760/1193
f 1129/755/1188 1144/754/1187 1257/761/1194 1251/762/1195
f 1152/763/1196 1254/764/1197 1253/747/1181 1160/748/1181
f 1112/751/1184 1129/755/1188 1109/752/1185
f 1129/755/1188 1252/765/1198 1109/752/1185
f 1109/752/1185 1252/765/1198 1128/766/1199
f 1258/767/1200 1252/765/1198 1129/755/1188 1251/762/1195
f 1115/768/1201 1128/766/1199 1252/765/1198 1259/769/1202
f 1115/768/1201 1259/769/1202 1260/770/1203
f 1152/763/1196 1115/768/1201 1260/770/1203 1254/764/1197
f 1259/769/1202 1252/765/1198 1258/767/1200
f 1274/771/1204 1337/772/1205 1330/773/1206 1284/774/1207
f 1282/775/1208 1275/776/1209 1288/777/1210 1294/778/1211
f 1289/779/1212 1274/771/1204 1284/774/1207 1297/780/1213
f 1291/781/1214 1277/782/1215 1289/779/1212 1297/780/1213
f 1312/783/1216 1269/784/1217 1268/785/1218 1311/786/1219
f 1297/780/1213 1319/787/1220 1320/788/1221 1291/781/1214
f 1288/777/1210 1280/789/1222 1292/790/1223 1294/778/1211
f 1328/791/1224 1294/778/1211 1292/790/1223 1327/792/1225
f 1311/786/1219 1303/793/1226 1304/794/1227 1312/783/1216
f 1304/794/1227 1303/793/1226 1292/790/1223 1280/789/1222
f 1269/784/1217 1312/783/1216 1313/795/1228 1270/796/1229
f 1311/786/1219 1268/785/1218 1324/797/1230 1325/798/1231
f 1303/793/1226 1311/786/1219 1325/798/1231 1326/799/1232
f 1277/782/1215 1291/781/1214 1302/800/1233 1301/801/1234
f 1320/788/1221 1321/802/1235 1302/800/1233 1291/781/1214
f 1292/790/1223 1303/793/1226 1326/799/1232 1327/792/1225
f 1310/803/1236 1322/804/1237 1323/805/1238 1317/806/1239
f 1301/801/1234 1302/800/1233 1310/803/1236 1309/807/1240
f 1321/802/1235 1322/804/1237 1310/803/1236 1302/800/1233
f 1310/803/1236 1317/806/1239 1316/808/1241 1309/807/1240
f 1305/809/1242 1313/795/1228 1312/783/1216 1304/794/1227
f 1326/799/1232 1321/802/1235 1320/788/1221 1327/792/1225
f 1325/798/1231 1322/804/1237 1321/802/1235 1326/799/1232
f 1325/798/1231 1324/797/1230 1323/805/1238 1322/804/1237
f 1319/787/1220 1328/791/1224 1327/792/1225 1320/788/1221
f 1274/771/1204 1285/810/1243 1335/811/1244 1337/772/1205
f 1426/812/1245 1425/813/1246 1330/773/1206 1337/772/1205
f 1337/772/1205 1335/811/1244 1427/814/1247 1426/812/1245
f 1290/815/1248 1277/782/1215 1301/801/1234 1300/816/1249
f 1300/816/1249 1301/801/1234 1309/807/1240 1308/817/1250
f 1308/817/1250 1309/807/1240 1316/808/1241 1267/563/1251
f 1406/818/1252 1308/817/1250 1267/563/1251 1405/819/1253
f 1407/820/1254 1300/816/1249 1308/817/1250 1406/818/1252
f 1417/821/1255 1307/822/1256 1299/823/1257 1416/824/1258
f 1418/825/1259 1266/826/1260 1307/822/1256 1417/821/1255
f 1290/815/1248 1300/816/1249 1407/820/1254 1408/827/1261
f 1336/828/1262 1335/811/1244 1285/810/1243 1261/829/1263
f 1277/782/1215 1290/815/1248 1296/830/1264 1289/779/1212
f 1285/810/1243 1274/771/1204 1289/779/1212 1296/830/1264
f 1296/830/1264 1290/815/1248 1408/827/1261 1409/831/1265
f 1285/810/1243 1296/830/1264 1409/831/1265 1410/832/1266
f 1299/823/1257 1278/833/1267 1415/834/1268 1416/824/1258
f 1410/832/1266 1411/835/1269 1261/829/1263 1285/810/1243
f 1414/836/1270 1415/834/1268 1278/833/1267 1281/837/1271
f 1414/836/1270 1281/837/1271 1381/838/1272 1413/839/1273
f 1412/840/1274 1272/841/1275 1261/829/1263 1411/835/1269
f 1412/840/1274 1413/839/1273 1381/838/1272 1272/841/1275
f 1450/842/1276 1262/843/1277 1263/844/1278 1451/845/1279
f 1270/796/1229 1313/795/1228 1263/844/1278 1262/843/1277
f 1448/846/1280 1314/847/1281 1271/848/1282 1449/849/1283
f 1288/777/1210 1275/776/1209 1283/850/1284 1295/851/1285
f 1280/789/1222 1288/777/1210 1295/851/1285 1293/852/1286
f 1293/852/1286 1305/809/1242 1304/794/1227 1280/789/1222
f 1313/795/1228 1305/809/1242 1264/853/1287 1263/844/1278
f 1376/854/1288 1406/818/1252 1405/819/1253 1377/564/1289
f 1378/855/1290 1407/820/1254 1406/818/1252 1376/854/1288
f 1408/827/1261 1407/820/1254 1378/855/1290 1379/856/1291
f 1409/831/1265 1408/827/1261 1379/856/1291 1386/857/1292
f 1410/832/1266 1409/831/1265 1386/857/1292 1387/858/1293
f 1387/858/1293 1380/859/1294 1411/835/1269 1410/832/1266
f 1390/860/1295 1412/840/1274 1411/835/1269 1380/859/1294
f 1390/860/1295 1389/861/1296 1413/839/1273 1412/840/1274
f 1388/862/1297 1414/836/1270 1413/839/1273 1389/861/1296
f 1388/862/1297 1385/863/1298 1415/834/1268 1414/836/1270
f 1416/824/1258 1415/834/1268 1385/863/1298 1384/864/1299
f 1382/865/1300 1417/821/1255 1416/824/1258 1384/864/1299
f 1383/866/1301 1418/825/1259 1417/821/1255 1382/865/1300
f 1330/773/1206 1331/867/1302 1318/868/1303 1284/774/1207
f 1328/791/1224 1329/869/1304 1282/775/1208 1294/778/1211
f 1284/774/1207 1318/868/1303 1319/787/1220 1297/780/1213
f 1329/869/1304 1328/791/1224 1319/787/1220 1318/868/1303
f 1331/867/1302 1330/773/1206 1425/813/1246 1424/870/1305
f 1425/813/1246 1358/871/1306 1359/872/1307 1424/870/1305
f 1346/873/1308 1358/871/1306 1425/813/1246 1426/812/1245
f 1427/814/1247 1363/874/1309 1346/873/1308 1426/812/1245
f 1275/776/1209 1334/875/1310 1341/876/1311 1283/850/1284
f 1430/877/1312 1356/878/1313 1355/879/1314 1431/880/1315
f 1282/775/1208 1333/881/1316 1334/875/1310 1275/776/1209
f 1342/882/1317 1315/883/1318 1283/850/1284 1341/876/1311
f 1431/880/1315 1355/879/1314 1354/884/1319 1433/885/1320
f 1332/886/1321 1329/869/1304 1318/868/1303 1331/867/1302
f 1431/880/1315 1341/876/1311 1334/875/1310 1430/877/1312
f 1433/885/1320 1342/887/1317 1341/876/1311 1431/880/1315
f 1429/888/1322 1428/889/1323 1336/890/1262 1338/891/1324
f 1335/811/1244 1336/890/1262 1428/889/1323 1427/814/1247
f 1419/892/1325 1429/888/1322 1338/891/1324 1345/893/1326
f 1419/892/1325 1368/894/1327 1367/895/1328 1429/888/1322
f 1338/896/1324 1336/828/1262 1261/829/1263 1272/841/1275
f 1362/897/1329 1363/874/1309 1427/814/1247 1428/889/1323
f 1367/895/1328 1362/897/1329 1428/889/1323 1429/888/1322
f 1433/885/1320 1354/884/1319 1353/898/1330 1434/899/1331
f 1339/900/1332 1276/901/1333 1315/883/1318 1342/882/1317
f 1434/899/1331 1339/902/1332 1342/887/1317 1433/885/1320
f 1422/903/1334 1435/904/1335 1374/905/1336 1373/906/1337
f 1438/907/1338 1375/908/1339 1374/905/1336 1435/904/1335
f 1437/909/1340 1340/910/1341 1273/911/1342
f 1375/908/1339 1438/907/1338 1434/899/1331 1353/898/1330
f 1435/904/1335 1422/903/1334 1352/912/1343 1340/913/1341
f 1438/907/1338 1437/914/1340 1339/902/1332 1434/899/1331
f 1276/901/1333 1339/900/1332 1437/909/1340 1273/911/1342
f 1340/913/1341 1437/914/1340 1438/907/1338 1435/904/1335
f 1373/906/1337 1364/915/1344 1421/916/1345 1422/903/1334
f 1422/903/1334 1421/916/1345 1343/917/1346 1352/912/1343
f 1344/918/1347 1420/919/1348 1419/892/1325 1345/893/1326
f 1368/894/1327 1419/892/1325 1420/919/1348 1366/920/1349
f 1357/921/1350 1356/878/1313 1430/877/1312 1432/922/1351
f 1334/875/1310 1333/881/1316 1432/922/1351 1430/877/1312
f 1421/916/1345 1439/923/1352 1347/924/1353 1343/917/1346
f 1445/925/1354 1442/926/1355 1441/927/1356 1444/928/1357
f 1439/923/1352 1440/929/1358 1348/930/1359 1347/924/1353
f 1440/929/1358 1439/923/1352 1442/926/1355 1445/925/1354
f 1420/919/1348 1440/929/1358 1365/931/1360 1366/920/1349
f 1421/916/1345 1364/915/1344 1371/932/1361 1439/923/1352
f 1420/919/1348 1344/918/1347 1348/930/1359 1440/929/1358
f 1442/926/1355 1372/933/1362 1369/934/1363 1441/927/1356
f 1442/926/1355 1439/923/1352 1371/932/1361 1372/933/1362
f 1440/929/1358 1445/925/1354 1349/935/1364 1365/931/1360
f 1444/928/1357 1350/936/1365 1349/935/1364 1445/925/1354
f 1423/937/1366 1332/886/1321 1331/867/1302 1424/870/1305
f 1360/938/1367 1423/937/1366 1424/870/1305 1359/872/1307
f 1423/937/1366 1443/939/1368 1351/940/1369 1332/886/1321
f 1351/940/1369 1333/881/1316 1282/775/1208 1329/869/1304
f 1329/869/1304 1332/886/1321 1351/940/1369
f 1444/928/1357 1441/927/1356 1436/941/1370 1443/939/1368
f 1370/942/1371 1357/921/1350 1432/922/1351 1436/941/1370
f 1443/939/1368 1436/941/1370 1351/940/1369
f 1333/881/1316 1351/940/1369 1436/941/1370 1432/922/1351
f 1441/927/1356 1369/934/1363 1370/942/1371 1436/941/1370
f 1444/928/1357 1443/939/1368 1361/943/1372 1350/936/1365
f 1423/937/1366 1360/938/1367 1361/943/1372 1443/939/1368
f 1396/944/1373 1448/846/1280 1449/849/1283 1397/945/1374
f 1392/946/1375 1450/842/1276 1451/845/1279 1391/947/1376
f 1298/948/1377 1295/851/1285 1283/850/1284 1315/883/1318
f 1263/844/1278 1264/853/1287 1452/949/1378 1451/845/1279
f 1305/809/1242 1293/852/1286 1265/950/1379 1264/853/1287
f 1295/851/1285 1298/948/1377 1265/950/1379 1293/852/1286
f 1264/853/1287 1265/950/1379 1453/951/1380 1452/949/1378
f 1453/951/1380 1454/952/1381 1400/953/1382 1399/954/1383
f 1455/955/1384 1401/956/1385 1400/953/1382 1454/952/1381
f 1456/957/1386 1394/958/1387 1401/956/1385 1455/955/1384
f 1306/959/1388 1314/847/1281 1448/846/1280 1447/960/1389
f 1315/883/1318 1276/901/1333 1287/961/1390 1298/948/1377
f 1398/962/1391 1404/963/1392 1446/964/1393 1447/960/1389
f 1396/944/1373 1398/962/1391 1447/960/1389 1448/846/1280
f 1393/965/1394 1391/947/1376 1451/845/1279 1452/949/1378
f 1399/954/1383 1393/965/1394 1452/949/1378 1453/951/1380
f 1455/955/1384 1298/948/1377 1287/961/1390 1456/957/1386
f 1454/952/1381 1265/950/1379 1298/948/1377 1455/955/1384
f 1453/951/1380 1265/950/1379 1454/952/1381
f 1402/966/1395 1394/958/1387 1456/957/1386 1457/967/1396
f 1446/964/1393 1404/963/1392 1403/968/1397 1458/969/1398
f 1306/959/1388 1447/960/1389 1446/964/1393 1279/970/1399
f 1403/968/1397 1402/966/1395 1457/967/1396 1458/969/1398
f 1287/961/1390 1276/901/1333 1395/971/1400
f 1276/901/1333 1273/911/1342 1395/971/1400
f 1273/911/1342 1286/972/1401 1395/971/1400
f 1446/964/1393 1458/969/1398 1279/970/1399
f 1457/967/1396 1395/971/1400 1458/969/1398
f 1287/961/1390 1395/971/1400 1457/967/1396 1456/957/1386
f 1286/972/1401 1279/970/1399 1458/969/1398 1395/971/1400
f 1465/973/1402 1475/974/1403 1517/975/1404 1524/976/1405
f 1473/977/1406 1485/978/1407 1479/979/1408 1466/980/1409
f 1480/981/1410 1488/982/1411 1475/974/1403 1465/973/1402
f 1482/983/1412 1488/982/1411 1480/981/1410 1468/984/1413
f 1503/985/1414 1502/986/1415 1268/785/1218 1269/784/1217
f 1488/982/1411 1482/983/1412 1509/987/1416 1508/988/1417
f 1479/979/1408 1485/978/1407 1483/989/1418 1471/990/1419
f 1515/991/1420 1514/992/1421 1483/989/1418 1485/978/1407
f 1502/986/1415 1503/985/1414 1495/993/1422 1494/994/1423
f 1495/993/1422 1471/990/1419 1483/989/1418 1494/994/1423
f 1269/784/1217 1270/796/1229 1504/995/1424 1503/985/1414
f 1502/986/1415 1512/996/1425 1324/797/1230 1268/785/1218
f 1494/994/1423 1513/997/1426 1512/996/1425 1502/986/1415
f 1468/984/1413 1492/998/1427 1493/999/1428 1482/983/1412
f 1509/987/1416 1482/983/1412 1493/999/1428 1510/1000/1429
f 1483/989/1418 1514/992/1421 1513/997/1426 1494/994/1423
f 1501/1001/1430 1317/806/1239 1323/805/1238 1511/1002/1431
f 1492/998/1427 1500/1003/1432 1501/1001/1430 1493/999/1428
f 1510/1000/1429 1493/999/1428 1501/1001/1430 1511/1002/1431
f 1501/1001/1430 1500/1003/1432 1316/808/1241 1317/806/1239
f 1496/1004/1433 1495/993/1422 1503/985/1414 1504/995/1424
f 1513/997/1426 1514/992/1421 1509/987/1416 1510/1000/1429
f 1512/996/1425 1513/997/1426 1510/1000/1429 1511/1002/1431
f 1512/996/1425 1511/1002/1431 1323/805/1238 1324/797/1230
f 1508/988/1417 1509/987/1416 1514/992/1421 1515/991/1420
f 1465/973/1402 1524/976/1405 1522/1005/1434 1476/1006/1435
f 1607/1007/1436 1524/976/1405 1517/975/1404 1606/1008/1437
f 1524/976/1405 1607/1007/1436 1608/1009/1438 1522/1005/1434
f 1481/1010/1439 1491/1011/1440 1492/998/1427 1468/984/1413
f 1491/1011/1440 1499/1012/1441 1500/1003/1432 1492/998/1427
f 1499/1012/1441 1267/563/1251 1316/808/1241 1500/1003/1432
f 1588/1013/1442 1405/819/1253 1267/563/1251 1499/1012/1441
f 1589/1014/1443 1588/1013/1442 1499/1012/1441 1491/1011/1440
f 1599/1015/1444 1598/1016/1445 1490/1017/1446 1498/1018/1447
f 1418/825/1259 1599/1015/1444 1498/1018/1447 1266/826/1260
f 1481/1010/1439 1590/1019/1448 1589/1014/1443 1491/1011/1440
f 1523/1020/1449 1459/1021/1450 1476/1006/1435 1522/1005/1434
f 1468/984/1413 1480/981/1410 1487/1022/1451 1481/1010/1439
f 1476/1006/1435 1487/1022/1451 1480/981/1410 1465/973/1402
f 1487/1022/1451 1591/1023/1452 1590/1019/1448 1481/1010/1439
f 1476/1006/1435 1592/1024/1453 1591/1023/1452 1487/1022/1451
f 1490/1017/1446 1598/1016/1445 1597/1025/1454 1469/1026/1455
f 1592/1024/1453 1476/1006/1435 1459/1021/1450 1593/1027/1456
f 1596/1028/1457 1472/1029/1458 1469/1026/1455 1597/1025/1454
f 1596/1028/1457 1595/1030/1459 1567/1031/1460 1472/1029/1458
f 1594/1032/1461 1593/1027/1456 1459/1021/1450 1463/1033/1462
f 1594/1032/1461 1463/1033/1462 1567/1031/1460 1595/1030/1459
f 1450/842/1276 1630/1034/1463 1460/1035/1464 1262/843/1277
f 1270/796/1229 1262/843/1277 1460/1035/1464 1504/995/1424
f 1629/1036/1465 1449/849/1283 1271/848/1282 1505/1037/1466
f 1479/979/1408 1486/1038/1467 1474/1039/1468 1466/980/1409
f 1471/990/1419 1484/1040/1469 1486/1038/1467 1479/979/1408
f 1484/1040/1469 1471/990/1419 1495/993/1422 1496/1004/1433
f 1504/995/1424 1460/1035/1464 1461/1041/1470 1496/1004/1433
f 1563/1042/1471 1377/564/1289 1405/819/1253 1588/1013/1442
f 1564/1043/1472 1563/1042/1471 1588/1013/1442 1589/1014/1443
f 1590/1019/1448 1565/1044/1473 1564/1043/1472 1589/1014/1443
f 1591/1023/1452 1571/1045/1474 1565/1044/1473 1590/1019/1448
f 1592/1024/1453 1572/1046/1475 1571/1045/1474 1591/1023/1452
f 1572/1046/1475 1592/1024/1453 1593/1027/1456 1566/1047/1476
f 1575/1048/1477 1566/1047/1476 1593/1027/1456 1594/1032/1461
f 1575/1048/1477 1594/1032/1461 1595/1030/1459 1574/1049/1478
f 1573/1050/1479 1574/1049/1478 1595/1030/1459 1596/1028/1457
f 1573/1050/1479 1596/1028/1457 1597/1025/1454 1570/1051/1480
f 1598/1016/1445 1569/1052/1481 1570/1051/1480 1597/1025/1454
f 1568/1053/1482 1569/1052/1481 1598/1016/1445 1599/1015/1444
f 1383/866/1301 1568/1053/1482 1599/1015/1444 1418/825/1259
f 1517/975/1404 1475/974/1403 1507/1054/1483 1518/1055/1484
f 1515/991/1420 1485/978/1407 1473/977/1406 1516/1056/1485
f 1475/974/1403 1488/982/1411 1508/988/1417 1507/1054/1483
f 1516/1056/1485 1507/1054/1483 1508/988/1417 1515/991/1420
f 1518/1055/1484 1605/1057/1486 1606/1008/1437 1517/975/1404
f 1606/1008/1437 1605/1057/1486 1546/1058/1487 1545/1059/1488
f 1533/1060/1489 1607/1007/1436 1606/1008/1437 1545/1059/1488
f 1608/1009/1438 1607/1007/1436 1533/1060/1489 1550/1061/1490
f 1466/980/1409 1474/1039/1468 1528/1062/1491 1521/1063/1492
f 1611/1064/1493 1612/1065/1494 1542/1066/1495 1543/1067/1496
f 1473/977/1406 1466/980/1409 1521/1063/1492 1520/1068/1497
f 1529/1069/1498 1528/1062/1491 1474/1039/1468 1506/1070/1499
f 1612/1065/1494 1614/1071/1500 1541/1072/1501 1542/1066/1495
f 1519/1073/1502 1518/1055/1484 1507/1054/1483 1516/1056/1485
f 1612/1065/1494 1611/1064/1493 1521/1063/1492 1528/1062/1491
f 1614/1071/1500 1612/1065/1494 1528/1062/1491 1529/1074/1498
f 1610/1075/1503 1525/1076/1504 1523/1077/1449 1609/1078/1505
f 1522/1005/1434 1608/1009/1438 1609/1078/1505 1523/1077/1449
f 1600/1079/1506 1532/1080/1507 1525/1076/1504 1610/1075/1503
f 1600/1079/1506 1610/1075/1503 1554/1081/1508 1555/1082/1509
f 1525/1083/1504 1463/1033/1462 1459/1021/1450 1523/1020/1449
f 1549/1084/1510 1609/1078/1505 1608/1009/1438 1550/1061/1490
f 1554/1081/1508 1610/1075/1503 1609/1078/1505 1549/1084/1510
f 1614/1071/1500 1615/1085/1511 1540/1086/1512 1541/1072/1501
f 1526/1087/1513 1529/1069/1498 1506/1070/1499 1467/1088/1514
f 1615/1085/1511 1614/1071/1500 1529/1074/1498 1526/1089/1513
f 1603/1090/1515 1560/1091/1516 1561/1092/1517 1616/1093/1518
f 1619/1094/1519 1616/1093/1518 1561/1092/1517 1562/1095/1520
f 1618/1096/1521 1464/1097/1522 1527/1098/1523
f 1562/1095/1520 1540/1086/1512 1615/1085/1511 1619/1094/1519
f 1616/1093/1518 1527/1099/1523 1539/1100/1524 1603/1090/1515
f 1619/1094/1519 1615/1085/1511 1526/1089/1513 1618/1101/1521
f 1467/1088/1514 1464/1097/1522 1618/1096/1521 1526/1087/1513
f 1527/1099/1523 1616/1093/1518 1619/1094/1519 1618/1101/1521
f 1560/1091/1516 1603/1090/1515 1602/1102/1525 1551/1103/1526
f 1603/1090/1515 1539/1100/1524 1530/1104/1527 1602/1102/1525
f 1531/1105/1528 1532/1080/1507 1600/1079/1506 1601/1106/1529
f 1555/1082/1509 1553/1107/1530 1601/1106/1529 1600/1079/1506
f 1544/1108/1531 1613/1109/1532 1611/1064/1493 1543/1067/1496
f 1521/1063/1492 1611/1064/1493 1613/1109/1532 1520/1068/1497
f 1602/1102/1525 1530/1104/1527 1534/1110/1533 1620/1111/1534
f 1626/1112/1535 1625/1113/1536 1622/1114/1537 1623/1115/1538
f 1620/1111/1534 1534/1110/1533 1535/1116/1539 1621/1117/1540
f 1621/1117/1540 1626/1112/1535 1623/1115/1538 1620/1111/1534
f 1601/1106/1529 1553/1107/1530 1552/1118/1541 1621/1117/1540
f 1602/1102/1525 1620/1111/1534 1558/1119/1542 1551/1103/1526
f 1601/1106/1529 1621/1117/1540 1535/1116/1539 1531/1105/1528
f 1623/1115/1538 1622/1114/1537 1556/1120/1543 1559/1121/1544
f 1623/1115/1538 1559/1121/1544 1558/1119/1542 1620/1111/1534
f 1621/1117/1540 1552/1118/1541 1536/1122/1545 1626/1112/1535
f 1625/1113/1536 1626/1112/1535 1536/1122/1545 1537/1123/1546
f 1604/1124/1547 1605/1057/1486 1518/1055/1484 1519/1073/1502
f 1547/1125/1548 1546/1058/1487 1605/1057/1486 1604/1124/1547
f 1604/1124/1547 1519/1073/1502 1538/1126/1549 1624/1127/1550
f 1538/1126/1549 1516/1056/1485 1473/977/1406 1520/1068/1497
f 1516/1056/1485 1538/1126/1549 1519/1073/1502
f 1625/1113/1536 1624/1127/1550 1617/1128/1551 1622/1114/1537
f 1557/1129/1552 1617/1128/1551 1613/1109/1532 1544/1108/1531
f 1624/1127/1550 1538/1126/1549 1617/1128/1551
f 1520/1068/1497 1613/1109/1532 1617/1128/1551 1538/1126/1549
f 1622/1114/1537 1617/1128/1551 1557/1129/1552 1556/1120/1543
f 1625/1113/1536 1537/1123/1546 1548/1130/1553 1624/1127/1550
f 1604/1124/1547 1624/1127/1550 1548/1130/1553 1547/1125/1548
f 1580/1131/1554 1397/945/1374 1449/849/1283 1629/1036/1465
f 1392/946/1375 1576/1132/1555 1630/1034/1463 1450/842/1276
f 1489/1133/1556 1506/1070/1499 1474/1039/1468 1486/1038/1467
f 1460/1035/1464 1630/1034/1463 1631/1134/1557 1461/1041/1470
f 1496/1004/1433 1461/1041/1470 1462/1135/1558 1484/1040/1469
f 1486/1038/1467 1484/1040/1469 1462/1135/1558 1489/1133/1556
f 1461/1041/1470 1631/1134/1557 1632/1136/1559 1462/1135/1558
f 1632/1136/1559 1582/1137/1560 1583/1138/1561 1633/1139/1562
f 1634/1140/1563 1633/1139/1562 1583/1138/1561 1584/1141/1564
f 1635/1142/1565 1634/1140/1563 1584/1141/1564 1578/1143/1566
f 1497/1144/1567 1628/1145/1568 1629/1036/1465 1505/1037/1466
f 1506/1070/1499 1489/1133/1556 1478/1146/1569 1467/1088/1514
f 1581/1147/1570 1628/1145/1568 1627/1148/1571 1587/1149/1572
f 1580/1131/1554 1629/1036/1465 1628/1145/1568 1581/1147/1570
f 1577/1150/1573 1631/1134/1557 1630/1034/1463 1576/1132/1555
f 1582/1137/1560 1632/1136/1559 1631/1134/1557 1577/1150/1573
f 1634/1140/1563 1635/1142/1565 1478/1146/1569 1489/1133/1556
f 1633/1139/1562 1634/1140/1563 1489/1133/1556 1462/1135/1558
f 1632/1136/1559 1633/1139/1562 1462/1135/1558
f 1585/1151/1574 1636/1152/1575 1635/1142/1565 1578/1143/1566
f 1627/1148/1571 1637/1153/1576 1586/1154/1577 1587/1149/1572
f 1497/1144/1567 1470/1155/1578 1627/1148/1571 1628/1145/1568
f 1586/1154/1577 1637/1153/1576 1636/1152/1575 1585/1151/1574
f 1478/1146/1569 1579/1156/1579 1467/1088/1514
f 1467/1088/1514 1579/1156/1579 1464/1097/1522
f 1464/1097/1522 1579/1156/1579 1477/1157/1580
f 1627/1148/1571 1470/1155/1578 1637/1153/1576
f 1636/1152/1575 1637/1153/1576 1579/1156/1579
f 1478/1146/1569 1635/1142/1565 1636/1152/1575 1579/1156/1579
f 1477/1157/1580 1579/1156/1579 1637/1153/1576 1470/1155/1578
f 2073/1158/1581 2087/1159/1582 1689/1160/1583 1673/1161/1584
f 1688/1162/1585 1696/1163/1586 2085/1164/1587
f 1696/1163/1586 1695/1165/1588 1687/1166/1589 2085/1164/1587
f 1688/1162/1585 2086/1167/1590 1696/1168/1586
f 1689/1160/1583 1697/1169/1591 1696/1168/1586 2086/1167/1590
f 1689/1160/1583 2087/1159/1582 1697/1169/1591
f 2091/1170/1592 1694/1171/1593 1702/1172/1594
f 1687/1166/1589 1695/1165/1588 2092/1173/1595
f 1695/1165/1588 1702/1172/1594 1694/1171/1593 2092/1173/1595
f 1695/1165/1588 1696/1163/1586 1704/1174/1596 1703/1175/1597
f 1696/1168/1586 1697/1169/1591 1705/1176/1598 1704/1177/1596
f 1702/1172/1594 1695/1165/1588 1703/1175/1597 1710/1178/1599
f 1703/1175/1597 1704/1174/1596 1711/1179/803
f 1704/1177/1596 1705/1176/1598 1711/1180/803
f 1710/1178/1599 1703/1175/1597 1711/1179/803
f 1719/1181/1600 1717/1182/1601 1724/1183/1602 1725/1184/1603
f 1719/1181/1600 1725/1184/1603 1639/1185/1604 1638/1186/1605
f 1724/1183/1602 1717/1182/1601 1720/1187/1606 1726/1188/1607
f 1720/1187/1606 1980/1189/1608 1849/1190/1609 1726/1188/1607
f 1884/1191/1610 1983/1192/1611 1654/1193/1612 1647/1194/1613
f 1983/1192/1611 1986/1195/1614 1656/1196/1615 1654/1193/1612
f 1906/1197/1616 2012/1198/1617 1660/1199/1618 1648/1200/1619
f 1884/1191/1610 1647/1194/1613 1657/1201/1620 2003/1202/1621
f 1733/1203/1622 1877/1204/1623 1878/1205/1624 1740/1206/1625
f 1798/339/1626 1779/341/1627 1836/1207/1628 1837/1208/1629
f 1797/1209/1630 1787/1210/1631 1879/1211/1632 1887/1212/1633
f 1986/1195/1614 1983/1192/1611 1888/1213/1634 1911/1214/1635
f 1888/1213/1634 1983/1192/1611 1884/1191/1610 1757/1215/1636
f 1757/1215/1636 1884/1191/1610 2003/1202/1621 1953/1216/1637
f 1963/1217/1638 1992/1218/1639 1946/1219/1640 1862/1220/1641
f 1776/1221/1642 1946/1219/1640 1992/1218/1639 1957/1222/1643
f 1862/1220/1641 1946/1219/1640 1890/1223/1644 1803/1224/1645
f 1804/1225/1646 1890/1223/1644 1946/1219/1640 1776/1221/1642
f 1806/1226/1647 1891/1227/1648 1875/1228/1649 1778/1229/1650
f 1804/1225/1646 1776/1221/1642 1875/1228/1649 1891/1227/1648
f 1805/1230/1651 1892/1231/1652 1876/1232/1653 1777/1233/1654
f 1806/1226/1647 1778/1229/1650 1876/1232/1653 1892/1231/1652
f 1965/1234/1655 1995/1235/1656 1893/1236/1657 1777/1233/1654
f 1774/1237/1658 1893/1236/1657 1995/1235/1656 1966/1238/1659
f 1964/1239/1660 1994/1240/1661 1876/1232/1653 1778/1229/1650
f 1965/1234/1655 1777/1233/1654 1876/1232/1653 1994/1240/1661
f 1776/1221/1642 1957/1222/1643 1993/1241/1662 1875/1228/1649
f 1964/1239/1660 1778/1229/1650 1875/1228/1649 1993/1241/1662
f 1805/1230/1651 1777/1233/1654 1893/1236/1657 1928/1242/1663
f 1801/1243/1664 1928/1242/1663 1893/1236/1657 1774/1237/1658
f 1750/1244/1665 1896/1245/1666 1869/1246/1667 1744/1247/1668
f 1769/1248/1669 1871/1249/1670 2002/1250/1671 1955/1251/1672
f 1968/1252/1673 1998/1253/1674 1873/1254/1675 1771/1255/1676
f 1773/1256/1677 1873/1254/1675 1998/1253/1674 1969/1257/1678
f 1773/1256/1677 1969/1257/1678 1999/1258/1679 1874/1259/1680
f 1811/1260/1681 1897/1261/1682 1871/1249/1670 1769/1248/1669
f 1871/1249/1670 1897/1261/1682 1907/1262/1683 1908/1263/1684
f 1815/1264/1685 1900/1265/1686 1873/1254/1675 1773/1256/1677
f 1771/1255/1676 1873/1254/1675 1900/1265/1686 1813/1266/1687
f 1772/1267/1688 1814/1268/1689 1901/1269/1690 1874/1259/1680
f 1815/1264/1685 1773/1256/1677 1874/1259/1680 1901/1269/1690
f 1967/1270/1691 1997/1271/1692 1903/1272/1693 1768/1273/1694
f 1968/1252/1673 1771/1255/1676 1903/1272/1693 1997/1271/1692
f 1771/1255/1676 1813/1266/1687 1898/1274/1695 1903/1272/1693
f 1768/1273/1694 1903/1272/1693 1898/1274/1695 1810/1275/1696
f 1768/1273/1694 1810/1275/1696 1902/1276/1697 1927/1277/1698
f 1809/1278/1699 1801/1243/1664 1774/1237/1658 1808/1279/1700
f 1823/1280/1701 1904/1281/1702 1894/1282/1703 1822/1283/1704
f 1816/1284/1705 1823/1280/1701 1822/1283/1704 1807/1285/1706
f 1986/1195/1614 1906/1197/1616 1648/1200/1619 1656/1196/1615
f 1954/1286/1707 1953/1216/1637 1830/1287/1708 1831/1288/1709
f 1769/1248/1669 1955/1251/1672 1954/1289/1707 1831/1290/1709
f 2003/1202/1621 1912/1291/1710 1830/1287/1708 1953/1216/1637
f 1912/1291/1710 2003/1202/1621 1657/1201/1620 1650/1292/1711
f 1651/1293/1712 1913/1294/1713 1912/1291/1710 1650/1292/1711
f 1832/1295/1714 1833/1296/1715 1831/1288/1709 1830/1287/1708
f 1831/1290/1709 1833/1297/1715 1811/1260/1681 1769/1248/1669
f 1832/1295/1714 1830/1287/1708 1912/1291/1710 1913/1294/1713
f 1749/1298/1716 1896/1245/1666 1998/1253/1674 1968/1252/1673
f 1738/1299/1717 1914/1300/1718 1997/1271/1692 1967/1270/1691
f 1821/1301/1719 1905/1302/1720 1914/1300/1718 1738/1299/1717
f 1964/1239/1660 1993/1241/1662 1940/1303/1721 1747/1304/1722
f 1837/1208/1629 1836/1207/1628 1787/1210/1631 1797/1209/1630
f 1923/1305/1723 1733/1203/1622 1740/1206/1625 1924/1306/1724
f 1733/1203/1622 1923/1305/1723 1887/1212/1633 1796/1307/1725
f 1786/1308/1726 1797/1209/1630 1887/1212/1633 1923/1305/1723
f 1798/339/1626 1837/1208/1629 1838/1309/1727 1780/340/1728
f 1837/1208/1629 1797/1209/1630 1786/1308/1726 1838/1309/1727
f 1820/1310/1729 1749/1298/1716 1914/1300/1718 1905/1302/1720
f 1966/1238/1659 1995/1235/1656 1929/1311/1730 1843/1312/1731
f 1748/1313/1732 1929/1311/1730 1995/1235/1656 1965/1234/1655
f 1843/1312/1731 1929/1311/1730 2040/1314/1733 2039/1315/1734
f 1929/1311/1730 1748/1313/1732 2041/1316/1735 2040/1314/1733
f 1684/1317/1736 1800/1318/1737 2080/1319/1738
f 1932/1320/1739 1883/1321/1740 1782/1322/1741 1834/1323/1742
f 1845/1324/1743 1834/1323/1742 1782/1322/1741 1844/1325/1744
f 1842/1326/1745 1931/1327/1746 1936/1328/1747 1841/1329/1748
f 1846/1330/1749 1936/1328/1747 1931/1327/1746 1848/1331/1750
f 1866/1332/1751 1652/1333/1752 1645/1334/1753 1863/1335/1754
f 1848/1336/1750 1852/1337/1755 1853/1338/1756 1846/1339/1749
f 1851/1340/1757 1937/1341/1758 1939/1342/1759 1856/1343/1760
f 1855/1344/1761 1939/1342/1759 1937/1341/1758 1850/1345/1762
f 1938/1346/1763 1990/1347/1764 1936/1328/1747 1846/1330/1749
f 1841/1329/1748 1936/1328/1747 1990/1347/1764 1960/1348/1765
f 1845/1349/1743 1935/1350/1766 1937/1341/1758 1851/1340/1757
f 1851/1351/1757 1849/1190/1609 1834/1323/1742 1845/1324/1743
f 1853/1338/1756 1959/1352/1767 1938/1353/1763 1846/1339/1749
f 1940/1303/1721 1746/1354/1768 1740/1206/1625 1878/1205/1624
f 1746/1354/1768 1940/1303/1721 1993/1241/1662 1957/1222/1643
f 1746/1354/1768 1945/1355/1769 1924/1306/1724 1740/1206/1625
f 1748/1313/1732 1965/1234/1655 1994/1240/1661 1942/1356/1770
f 1964/1239/1660 1747/1304/1722 1942/1356/1770 1994/1240/1661
f 1828/1357/1771 1958/1358/1772 1963/1217/1638 1862/1220/1641
f 1828/1357/1771 1862/1220/1641 1803/1224/1645 1829/1359/1773
f 1829/1359/1773 1802/1360/1774 1775/1361/1775 1828/1357/1771
f 1775/1361/1775 1962/1362/1776 1958/1358/1772 1828/1357/1771
f 1783/1363/1777 1947/1364/1778 1951/1365/1779 1825/1366/1780
f 1775/1361/1775 1802/1360/1774 1951/1365/1779 1947/1364/1778
f 1825/1366/1780 1842/1326/1745 1841/1329/1748 1783/1363/1777
f 1827/1367/1781 1949/1368/1782 1950/1369/1783 1737/1370/1784
f 1841/1329/1748 1960/1348/1765 1961/1371/1785 1783/1363/1777
f 1850/1345/1762 1826/1372/1786 1854/1373/1787 1855/1344/1761
f 1950/1369/1783 1989/1374/1788 1952/1375/1789 1737/1370/1784
f 1952/1375/1789 1989/1374/1788 1945/1355/1769 1746/1354/1768
f 1824/1376/1790 1948/1377/1791 1949/1368/1782 1827/1367/1781
f 1854/1373/1787 1826/1372/1786 1949/1368/1782 1948/1377/1791
f 1783/1363/1777 1961/1371/1785 1991/1378/1792 1947/1364/1778
f 1962/1362/1776 1775/1361/1775 1947/1364/1778 1991/1378/1792
f 1746/1354/1768 1957/1222/1643 1992/1218/1639 1952/1375/1789
f 1737/1370/1784 1952/1375/1789 1992/1218/1639 1963/1217/1638
f 1653/1379/1793 1864/1380/1794 1982/1381/1795 1658/1382/1796
f 1858/1383/1797 1856/1384/1760 1938/1353/1763 1959/1352/1767
f 1960/1348/1765 1990/1347/1764 1939/1342/1759 1855/1344/1761
f 1939/1342/1759 1990/1347/1764 1938/1346/1763 1856/1343/1760
f 1855/1344/1761 1854/1373/1787 1961/1371/1785 1960/1348/1765
f 1962/1362/1776 1991/1378/1792 1948/1377/1791 1824/1376/1790
f 1948/1377/1791 1991/1378/1792 1961/1371/1785 1854/1373/1787
f 1824/1376/1790 1827/1367/1781 1958/1358/1772 1962/1362/1776
f 1737/1370/1784 1963/1217/1638 1958/1358/1772 1827/1367/1781
f 1749/1298/1716 1968/1252/1673 1997/1271/1692 1914/1300/1718
f 1969/1257/1678 1998/1253/1674 1896/1245/1666 1750/1244/1665
f 1792/1385/1798 1971/1386/1799 1917/1387/1800 1734/1388/1801
f 1734/1388/1801 1918/1389/1802 1972/1390/1803 1792/1385/1798
f 1735/1391/1804 1793/1392/1805 1972/1390/1803 1918/1389/1802
f 1847/1393/1806 1866/1332/1751 1863/1335/1754 1789/1394/1807
f 1646/1395/1808 1865/1396/1809 1864/1380/1794 1653/1379/1793
f 1864/1380/1794 1865/1396/1809 1788/1397/1810 1857/1398/1811
f 1658/1382/1796 1982/1381/1795 1863/1335/1754 1645/1334/1753
f 1863/1335/1754 1982/1381/1795 1981/1399/1812 1789/1394/1807
f 1857/1398/1811 1981/1399/1812 1982/1381/1795 1864/1380/1794
f 2072/1400/1813 1680/1401/1814 1791/1402/1815
f 1763/1403/1816 1911/1214/1635 1910/1404/1817 1799/1405/1818
f 1763/1403/1816 1906/1197/1616 1986/1195/1614 1911/1214/1635
f 2013/1406/1819 2012/1198/1617 1906/1197/1616 1763/1403/1816
f 1680/1401/1814 2070/1407/1820 1791/1402/1815
f 1791/1402/1815 2070/1407/1820 1756/1408/1821
f 2070/1407/1820 1679/1409/1822 1756/1408/1821
f 1971/1386/1799 1791/1402/1815 1756/1408/1821 1917/1387/1800
f 1918/1389/1802 1734/1388/1801 1745/1410/1823 1921/1411/1824
f 1920/1412/1825 1750/1244/1665 1744/1247/1668 1921/1411/1824
f 1918/1389/1802 1921/1411/1824 1744/1247/1668 1735/1391/1804
f 1917/1387/1800 1987/1413/1826 1745/1410/1823 1734/1388/1801
f 1853/1338/1756 1852/1337/1755 1847/1393/1806 1789/1394/1807
f 1959/1352/1767 1853/1338/1756 1789/1394/1807 1981/1399/1812
f 1858/1383/1797 1959/1352/1767 1981/1399/1812 1857/1398/1811
f 1834/1323/1742 1849/1190/1609 1980/1189/1608 1932/1320/1739
f 1858/1383/1797 1849/1190/1609 1851/1351/1757 1856/1384/1760
f 1788/1397/1810 1849/1190/1609 1858/1383/1797 1857/1398/1811
f 2016/1414/1827 2019/1415/1828 2013/1406/1819 2010/1416/1829
f 2018/1417/1830 2016/1414/1827 2010/1416/1829 2011/1418/1831
f 2015/1419/1832 2018/1417/1830 2011/1418/1831 2009/1420/1833
f 2067/1421/1834 2015/1419/1832 2009/1420/1833 2066/1422/1835
f 1902/1276/1697 1816/1284/1705 1807/1285/1706 1927/1277/1698
f 1999/1258/1679 1969/1257/1678 1750/1244/1665 1920/1412/1825
f 1770/1423/1836 1812/1424/1837 1899/1425/1838 1872/1426/1839
f 1814/1268/1689 1772/1267/1688 1872/1426/1839 1899/1425/1838
f 1812/1424/1837 1770/1423/1836 1908/1263/1684 1907/1262/1683
f 1999/1258/1679 1970/1427/1840 1772/1267/1688 1874/1259/1680
f 1920/1412/1825 1921/1411/1824 1745/1410/1823 1751/1428/1841
f 1970/1427/1840 2000/1429/1842 1872/1426/1839 1772/1267/1688
f 1999/1258/1679 1920/1412/1825 1751/1428/1841 1970/1427/1840
f 2033/1430/1843 2035/1431/1844 2040/1314/1733 2041/1316/1735
f 1905/1302/1720 2035/1431/1844 2033/1430/1843 1820/1310/1729
f 1821/1301/1719 2034/1432/1845 2035/1431/1844 1905/1302/1720
f 2035/1431/1844 2034/1432/1845 2039/1315/1734 2040/1314/1733
f 1726/1188/1607 1849/1190/1609 1788/1397/1810 1724/1183/1602
f 1639/1185/1604 1725/1184/1603 1865/1396/1809 1646/1395/1808
f 2051/1433/1846 2054/1434/1847 2049/1435/1848 2050/1436/1849
f 1782/1322/1741 1883/1321/1740 2051/1433/1846 2050/1436/1849
f 1844/1325/1744 1782/1322/1741 2050/1436/1849 2049/1435/1848
f 1935/1350/1766 1845/1349/1743 1844/1437/1744 1930/1438/1850
f 1840/1439/1851 1941/1440/1852 1943/1441/1853
f 1850/1345/1762 1937/1341/1758 1935/1350/1766 1840/1439/1851
f 1840/1439/1851 1943/1441/1853 1944/1442/1854 1784/1443/1855
f 1826/1372/1786 1784/1443/1855 1950/1369/1783 1949/1368/1782
f 1850/1345/1762 1840/1439/1851 1784/1443/1855 1826/1372/1786
f 1944/1442/1854 1989/1374/1788 1950/1369/1783 1784/1443/1855
f 2048/1444/1856 2049/1445/1848 2054/1446/1847 2047/1447/1857
f 1930/1438/1850 1844/1437/1744 2049/1445/1848 2048/1444/1856
f 1941/1440/1852 1930/1438/1850 2048/1444/1856 2047/1447/1857
f 1930/1438/1850 1941/1440/1852 1840/1439/1851 1935/1350/1766
f 1725/1184/1603 1724/1183/1602 1788/1397/1810 1865/1396/1809
f 1730/1448/1858 1731/1449/1859 1714/1450/1860 2059/1451/1861
f 1731/1449/1859 1732/1452/1862 1718/1453/1863 1714/1450/1860
f 1641/1454/1864 1732/1452/1862 1731/1449/1859 1642/1455/1865
f 1730/1448/1858 2059/1451/1861 1715/1456/1866
f 1642/1455/1865 1731/1449/1859 1730/1448/1858 1643/1457/1867
f 1644/1458/1868 1715/1456/1866 1719/1181/1600 1638/1186/1605
f 1644/1458/1868 1643/1457/1867 1730/1448/1858 1715/1456/1866
f 1664/1459/1869 1665/1460/1870 2062/1461/1871 2061/1462/1872
f 1665/1460/1870 1666/1463/1873 2063/1464/1874 2062/1461/1871
f 2108/1465/1875 2063/1464/1874 1666/1463/1873 1670/1466/1876
f 1655/1467/1877 1649/1468/1878 2065/1469/1879 2064/1470/1880
f 2066/1422/1835 2065/1469/1879 1649/1468/1878 1659/1471/1881
f 1662/1472/1882 2067/1421/1834 2066/1422/1835 1659/1471/1881
f 2017/1473/1883 2014/1474/1884 2068/1475/1885 1663/1476/1886
f 2067/1421/1834 2068/1475/1885 2014/1474/1884 2015/1419/1832
f 2019/1415/1828 2016/1414/1827 2014/1474/1884 2017/1473/1883
f 2018/1417/1830 2015/1419/1832 2014/1474/1884 2016/1414/1827
f 2012/1198/1617 2017/1473/1883 1663/1476/1886 1660/1199/1618
f 2013/1406/1819 2019/1415/1828 2017/1473/1883 2012/1198/1617
f 2067/1421/1834 1662/1472/1882 1661/1477/1887 2068/1475/1885
f 1663/1476/1886 2068/1475/1885 1661/1477/1887
f 2069/1478/1888 1671/1479/1889 1679/1409/1822 2070/1407/1820
f 2069/1478/1888 2070/1407/1820 1680/1401/1814 1672/1480/1890
f 2071/1481/1891 1672/1480/1890 1680/1401/1814 2072/1400/1813
f 2071/1481/1891 2072/1400/1813 1681/1482/1892 1673/1161/1584
f 2073/1158/1581 1673/1161/1584 1681/1482/1892 2074/1483/1893
f 2073/1158/1581 2074/1483/1893 1682/1484/1894 1674/1485/1895
f 2069/1478/1888 1672/1480/1890 1688/1162/1585 2085/1164/1587
f 2069/1478/1888 2085/1164/1587 1687/1166/1589 1671/1479/1889
f 2071/1481/1891 1673/1161/1584 1689/1160/1583 2086/1167/1590
f 2071/1481/1891 2086/1167/1590 1688/1162/1585 1672/1480/1890
f 2073/1158/1581 1674/1485/1895 1690/1486/1896 2087/1159/1582
f 2075/1487/1897 1675/1488/1898 1691/1489/1899 2088/1490/1900
f 2075/1487/1897 2088/1490/1900 1690/1486/1896 1674/1485/1895
f 2081/1491/1901 1678/1492/1902 1694/1171/1593 2091/1170/1592
f 2083/1493/1903 1671/1479/1889 1687/1166/1589 2092/1173/1595
f 2083/1493/1903 2092/1173/1595 1694/1171/1593 1678/1492/1902
f 1764/1494/1904 2010/1416/1829 2013/1406/1819 1763/1403/1816
f 1683/1495/1905 1764/1494/1904 2078/1496/1906
f 1764/1494/1904 1800/1497/1737 2078/1496/1906
f 1800/1497/1737 1684/1498/1736 2078/1496/1906
f 1764/1494/1904 1763/1403/1816 1799/1405/1818 1800/1497/1737
f 2076/1499/1907 2075/1487/1897 1674/1485/1895 1682/1484/1894
f 2075/1487/1897 2076/1499/1907 1683/1495/1905 1675/1488/1898
f 2076/1499/1907 1764/1494/1904 1683/1495/1905
f 2081/1491/1901 2082/1500/1908 1686/1501/1909 1678/1492/1902
f 1800/1318/1737 1799/1502/1818 1753/1503/1910 1754/1504/1911
f 1800/1318/1737 1754/1504/1911 2080/1319/1738
f 1754/1504/1911 1685/1505/1912 2080/1319/1738
f 1917/1387/1800 1756/1408/1821 1755/1506/1913 1987/1413/1826
f 1686/1501/1909 1755/1506/1913 2084/1507/1914
f 1755/1506/1913 1756/1408/1821 2084/1507/1914
f 1679/1409/1822 2084/1507/1914 1756/1408/1821
f 1685/1505/1912 1754/1504/1911 2082/1500/1908
f 1755/1506/1913 2082/1500/1908 1754/1504/1911
f 2082/1500/1908 2081/1491/1901 1677/1508/1915 1685/1505/1912
f 2084/1507/1914 2083/1493/1903 1678/1492/1902 1686/1501/1909
f 2083/1493/1903 2084/1507/1914 1679/1409/1822 1671/1479/1889
f 2082/1500/1908 1755/1506/1913 1686/1501/1909
f 2087/1159/1582 1690/1486/1896 1698/1509/1916 1697/1169/1591
f 2088/1490/1900 1691/1489/1899 1699/1510/1917 1698/1509/1916
f 1698/1509/1916 1690/1486/1896 2088/1490/1900
f 2089/1511/1918 1699/1510/1917 1691/1489/1899
f 1705/1176/1598 1697/1169/1591 1698/1509/1916 1706/1512/1919
f 1698/1509/1916 1699/1510/1917 1707/1513/1920 1706/1512/1919
f 1705/1176/1598 1706/1512/1919 1711/1180/803
f 1706/1512/1919 1707/1513/1920 1711/1180/803
f 2077/1514/1921 2089/1511/1918 1691/1489/1899 1675/1488/1898
f 2078/1496/1906 2077/1514/1921 1675/1488/1898 1683/1495/1905
f 2091/1170/1592 1702/1172/1594 1701/1515/1922 1693/1516/1923
f 1708/1517/1924 1700/1518/1925 1701/1515/1922 1709/1519/1926
f 1709/1519/1926 1701/1515/1922 1702/1172/1594 1710/1178/1599
f 1708/1517/1924 1709/1519/1926 1711/1179/803
f 1709/1519/1926 1710/1178/1599 1711/1179/803
f 2079/1520/1927 2080/1319/1738 1685/1505/1912 1677/1508/1915
f 2090/1521/1928 2079/1520/1927 1677/1508/1915 1693/1516/1923
f 2081/1491/1901 2091/1170/1592 1693/1516/1923 1677/1508/1915
f 1699/1510/1917 1700/1522/1925 1708/1523/1924 1707/1513/1920
f 1707/1513/1920 1708/1523/1924 1711/1180/803
f 2080/1319/1738 2079/1520/1927 1676/1524/1929 1684/1317/1736
f 2089/1511/1918 2077/1514/1921 1676/1525/1929 1692/1526/1930
f 2079/1520/1927 2090/1521/1928 1692/1527/1930 1676/1524/1929
f 2077/1514/1921 2078/1496/1906 1684/1498/1736 1676/1525/1929
f 2089/1511/1918 1692/1526/1930 1700/1522/1925 1699/1510/1917
f 2090/1521/1928 1693/1516/1923 1701/1515/1922
f 2090/1521/1928 1701/1515/1922 1700/1518/1925 1692/1527/1930
f 1728/1528/1931 1729/1529/1932 1723/1530/1933 1716/1531/1934
f 1933/1532/1935 1723/1530/1933 1729/1529/1932 1766/1533/1936
f 2094/1534/1937 2093/1535/1938 1729/1529/1932 1728/1528/1931
f 2093/1535/1938 2095/1536/1939 1766/1533/1936 1729/1529/1932
f 1716/1531/1934 1718/1453/1863 1727/1537/1940 1728/1528/1931
f 2096/1538/1941 2094/1534/1937 1728/1528/1931 1727/1537/1940
f 1732/1452/1862 1727/1537/1940 1718/1453/1863
f 2095/1536/1939 2097/1539/1942 1881/1540/1943 1766/1533/1936
f 1761/1541/1944 1796/1307/1725 1887/1212/1633 1879/1211/1632
f 1879/1211/1632 1988/1542/1945 1881/1540/1943 1761/1541/1944
f 1766/1533/1936 1881/1540/1943 1988/1542/1945 1933/1532/1935
f 1640/1543/1946 1727/1537/1940 1732/1452/1862 1641/1454/1864
f 1669/1544/1947 2096/1538/1941 1727/1537/1940 1640/1543/1946
f 1886/1545/1948 1796/1307/1725 1761/1541/1944 1880/1546/1949
f 2097/1539/1942 1880/1546/1949 1761/1541/1944 1881/1540/1943
f 1733/1203/1622 1796/1307/1725 1886/1545/1948 1877/1204/1623
f 1760/1547/1950 2007/1548/1951 1979/1549/1952 2008/1550/1953
f 1979/1549/1952 2007/1548/1951 2099/1551/1954 2101/1552/1955
f 2060/1553/1956 2061/1462/1872 2026/1554/1957 2028/1555/1958
f 1979/1549/1952 2028/1555/1958 2026/1554/1957 2008/1550/1953
f 1667/1556/1959 1664/1459/1869 2061/1462/1872 2060/1553/1956
f 2101/1552/1955 2029/1557/1960 2028/1555/1958 1979/1549/1952
f 2106/1558/1961 1668/1559/1962 1667/1556/1959 2060/1553/1956
f 2029/1557/1960 2106/1558/1961 2060/1553/1956 2028/1555/1958
f 1681/1482/1892 2072/1400/1813 1758/1560/1963
f 1758/1560/1963 2072/1400/1813 1791/1402/1815
f 1681/1482/1892 1758/1560/1963 2074/1483/1893
f 2108/1465/1875 1670/1466/1876 1655/1467/1877 2064/1470/1880
f 1975/1561/1964 1758/1560/1963 1791/1402/1815 1971/1386/1799
f 1972/1390/1803 1793/1392/1805 1760/1547/1950 1974/1562/1965
f 1974/1562/1965 1760/1547/1950 2008/1550/1953 1978/1563/1966
f 2026/1554/1957 2025/1564/1967 1978/1563/1966 2008/1550/1953
f 1978/1563/1966 2110/1565/1968 1767/1566/1969
f 2062/1461/1871 2063/1464/1874 2027/1567/1970 2025/1564/1967
f 2061/1462/1872 2062/1461/1871 2025/1564/1967 2026/1554/1957
f 1682/1484/1894 1765/1568/1971 2076/1499/1907
f 1764/1494/1904 2076/1499/1907 1765/1568/1971
f 1758/1560/1963 1765/1568/1971 2074/1483/1893
f 1682/1484/1894 2074/1483/1893 1765/1568/1971
f 2011/1418/1831 2010/1416/1829 1764/1494/1904 1765/1568/1971
f 1759/1569/1972 1975/1561/1964 1971/1386/1799 1792/1385/1798
f 1792/1385/1798 1972/1390/1803 1974/1562/1965 1759/1569/1972
f 1978/1563/1966 1767/1566/1969 1759/1569/1972 1974/1562/1965
f 2110/1565/1968 1978/1563/1966 2025/1564/1967 2027/1567/1970
f 2009/1420/1833 1976/1570/1973 2065/1469/1879 2066/1422/1835
f 2064/1470/1880 2065/1469/1879 1976/1570/1973 2004/1571/1974
f 2011/1418/1831 1765/1568/1971 1976/1570/1973 2009/1420/1833
f 2109/1572/1975 2027/1567/1970 2063/1464/1874 2108/1465/1875
f 2108/1465/1875 2064/1470/1880 2004/1571/1974 2109/1572/1975
f 1975/1561/1964 2107/1573/1976 1977/1574/1977
f 1977/1574/1977 1765/1568/1971 1758/1560/1963 1975/1561/1964
f 1767/1566/1969 2107/1573/1976 1975/1561/1964 1759/1569/1972
f 2110/1565/1968 2111/1575/1978 2107/1573/1976 1767/1566/1969
f 2111/1575/1978 2110/1565/1968 2027/1567/1970 2109/1572/1975
f 2111/1575/1978 2112/1576/1979 1977/1574/1977 2107/1573/1976
f 1977/1574/1977 2112/1576/1979 1976/1570/1973 1765/1568/1971
f 2112/1576/1979 2111/1575/1978 2109/1572/1975 2004/1571/1974
f 1976/1570/1973 2112/1576/1979 2004/1571/1974
f 1954/1286/1707 1790/1577/1980 1757/1215/1636 1953/1216/1637
f 1911/1214/1635 1888/1213/1634 1889/1578/1981 1910/1404/1817
f 1790/1577/1980 1889/1578/1981 1888/1213/1634 1757/1215/1636
f 1955/1251/1672 1752/1579/1982 1790/1580/1980 1954/1289/1707
f 1910/1581/1817 1889/1582/1981 1870/1583/1983 1909/1584/1984
f 1752/1579/1982 1870/1583/1983 1889/1585/1981 1790/1580/1980
f 1984/1586/1985 1752/1579/1982 1955/1251/1672 2002/1250/1671
f 1909/1584/1984 1870/1583/1983 1984/1586/1985 1985/1587/1986
f 1909/1584/1984 1753/1503/1910 1799/1502/1818 1910/1581/1817
f 1752/1579/1982 1984/1586/1985 1870/1583/1983
f 2001/1588/1987 2002/1250/1671 1871/1249/1670 1908/1263/1684
f 1908/1263/1684 1770/1423/1836 1956/1589/1988 2001/1588/1987
f 1770/1423/1836 1872/1426/1839 2000/1429/1842 1956/1589/1988
f 1919/1590/1989 2030/1591/1990 1751/1428/1841
f 1739/1592/1991 1956/1589/1988 2000/1429/1842 2030/1591/1990
f 2001/1588/1987 1739/1592/1991 1895/1593/1992 1985/1587/1986
f 1987/1413/1826 1919/1590/1989 1751/1428/1841 1745/1410/1823
f 2030/1591/1990 2000/1429/1842 1970/1427/1840 1751/1428/1841
f 2030/1591/1990 1919/1590/1989 1895/1593/1992 1739/1592/1991
f 1919/1590/1989 1987/1413/1826 1755/1506/1913 1754/1504/1911
f 1754/1504/1911 1753/1503/1910 1895/1593/1992 1919/1590/1989
f 2001/1588/1987 1985/1587/1986 1984/1586/1985 2002/1250/1671
f 1753/1503/1910 1909/1584/1984 1985/1587/1986 1895/1593/1992
f 1739/1592/1991 2001/1588/1987 1956/1589/1988
f 1717/1182/1601 1719/1181/1600 1715/1456/1866 1713/1594/1993
f 1716/1531/1934 1723/1530/1933 1722/1595/1994 1712/1596/1995
f 1713/1594/1993 2056/1597/1996 2057/1598/1997 1721/1599/1998
f 1721/1599/1998 1720/1187/1606 1717/1182/1601 1713/1594/1993
f 1715/1456/1866 2059/1451/1861 2056/1597/1996 1713/1594/1993
f 1712/1596/1995 1714/1450/1860 1718/1453/1863 1716/1531/1934
f 1712/1596/1995 2056/1597/1996 2059/1451/1861 1714/1450/1860
f 2113/1600/1999 2056/1597/1996 1712/1596/1995 1722/1595/1994
f 2056/1597/1996 2113/1600/1999 2057/1598/1997
f 2023/1601/2000 1822/1283/1704 1894/1282/1703 2022/1602/2001
f 1996/1603/2002 2020/1604/2003 1915/1605/2004
f 1915/1605/2004 2117/1606/2005 1821/1301/1719 1738/1299/1717
f 2020/1604/2003 1996/1603/2002 1927/1277/1698 1807/1285/1706
f 1996/1603/2002 1967/1270/1691 1768/1273/1694 1927/1277/1698
f 1915/1605/2004 1738/1299/1717 1967/1270/1691 1996/1603/2002
f 1822/1283/1704 2023/1601/2000 2020/1604/2003 1807/1285/1706
f 2039/1315/1734 2034/1432/1845 2115/1607/2006 2116/1608/2007
f 2115/1607/2006 2034/1432/1845 1821/1301/1719 2117/1606/2005
f 2117/1606/2005 1915/1605/2004 2020/1604/2003 2023/1601/2000
f 2115/1607/2006 2117/1606/2005 2023/1601/2000 2022/1602/2001
f 1904/1281/1702 2036/1609/2008 2037/1610/2009 1894/1282/1703
f 1966/1238/1659 1843/1312/1731 1817/1611/2010 2024/1612/2011
f 1809/1278/1699 1808/1279/1700 1925/1613/2012 1926/1614/2013
f 1774/1237/1658 1966/1238/1659 2024/1612/2011 1808/1279/1700
f 2036/1609/2008 1926/1614/2013 1925/1613/2012 2037/1610/2009
f 1894/1282/1703 2037/1610/2009 2038/1615/2014 2022/1602/2001
f 2021/1616/2015 1817/1611/2010 2116/1608/2007 2038/1615/2014
f 2021/1616/2015 1925/1613/2012 1808/1279/1700 2024/1612/2011
f 2021/1616/2015 2038/1615/2014 2037/1610/2009 1925/1613/2012
f 1843/1312/1731 2039/1315/1734 2116/1608/2007 1817/1611/2010
f 2116/1608/2007 2115/1607/2006 2022/1602/2001 2038/1615/2014
f 1817/1611/2010 2021/1616/2015 2024/1612/2011
f 1869/1246/1667 1916/1617/2016 1735/1391/1804 1744/1247/1668
f 1916/1617/2016 1973/1618/2017 1793/1392/1805 1735/1391/1804
f 1793/1392/1805 1973/1618/2017 2007/1548/1951 1760/1547/1950
f 1878/1205/1624 1877/1204/1623 1736/1619/2018 1741/1620/2019
f 1741/1620/2019 1747/1304/1722 1940/1303/1721 1878/1205/1624
f 1795/1621/2020 1736/1619/2018 1877/1204/1623 1886/1545/1948
f 1880/1546/1949 2105/1622/2021 1795/1621/2020 1886/1545/1948
f 2042/1623/2022 2032/1624/2023 2033/1430/1843 2041/1316/1735
f 2041/1316/1735 1748/1313/1732 1742/1625/2024 2042/1623/2022
f 1741/1620/2019 1868/1626/2025 1942/1356/1770 1747/1304/1722
f 1748/1313/1732 1942/1356/1770 1868/1626/2025 1742/1625/2024
f 2120/1627/2026 2032/1624/2023 2042/1623/2022 2121/1628/2027
f 2103/1629/2028 2102/1630/2029 2031/1631/2030 2043/1632/2031
f 2102/1630/2029 2100/1633/2032 1818/1634/2033 2031/1631/2030
f 2007/1548/1951 1973/1618/2017 2006/1635/2034 2099/1551/1954
f 2100/1633/2032 2099/1551/1954 2006/1635/2034 1818/1634/2033
f 1896/1245/1666 1749/1298/1716 1743/1636/2035 1869/1246/1667
f 1743/1636/2035 1749/1298/1716 1820/1310/1729 1819/1637/2036
f 2032/1624/2023 1819/1637/2036 1820/1310/1729 2033/1430/1843
f 1794/1638/2037 2098/1639/2038 2103/1629/2028 2043/1632/2031
f 1885/1640/2039 2104/1641/2040 2098/1639/2038 1794/1638/2037
f 1795/1621/2020 2105/1622/2021 2104/1641/2040 1885/1640/2039
f 1867/1642/2041 1885/1640/2039 1794/1638/2037 2122/1643/2042
f 2122/1643/2042 1794/1638/2037 2043/1632/2031 2123/1644/2043
f 1736/1619/2018 1867/1642/2041 1868/1626/2025 1741/1620/2019
f 1867/1642/2041 1736/1619/2018 1795/1621/2020 1885/1640/2039
f 1916/1617/2016 1869/1246/1667 1743/1636/2035 2005/1645/2044
f 2124/1646/2045 1818/1634/2033 2006/1635/2034 2005/1645/2044
f 2005/1645/2044 2006/1635/2034 1973/1618/2017 1916/1617/2016
f 1819/1637/2036 2119/1647/2046 2005/1645/2044 1743/1636/2035
f 2123/1644/2043 2043/1632/2031 2031/1631/2030 2125/1648/2047
f 2125/1648/2047 2031/1631/2030 1818/1634/2033 2124/1646/2045
f 2122/1643/2042 2123/1644/2043 2121/1628/2027 2118/1649/2048
f 2124/1646/2045 2005/1645/2044 2119/1647/2046
f 1742/1625/2024 1868/1626/2025 1867/1642/2041 2118/1649/2048
f 2042/1623/2022 1742/1625/2024 2118/1649/2048 2121/1628/2027
f 2119/1647/2046 1819/1637/2036 2032/1624/2023 2120/1627/2026
f 2122/1643/2042 2118/1649/2048 1867/1642/2041
f 2125/1648/2047 2120/1627/2026 2121/1628/2027 2123/1644/2043
f 2124/1646/2045 2119/1647/2046 2120/1627/2026 2125/1648/2047
f 2528/1650/2049 2128/1651/2050 2144/1652/2051 2542/1653/2052
f 2143/1654/2053 2540/1655/2054 2151/1656/2055
f 2151/1656/2055 2540/1655/2054 2142/1657/2056 2150/1658/2057
f 2143/1654/2053 2151/1659/2055 2541/1660/2058
f 2144/1652/2051 2541/1660/2058 2151/1659/2055 2152/1661/2059
f 2144/1652/2051 2152/1661/2059 2542/1653/2052
f 2546/1662/2060 2157/1663/2061 2149/1664/2062
f 2142/1657/2056 2547/1665/2063 2150/1658/2057
f 2150/1658/2057 2547/1665/2063 2149/1664/2062 2157/1663/2061
f 2150/1658/2057 2158/1666/1598 2159/1667/1596 2151/1656/2055
f 2151/1659/2055 2159/1668/1596 2160/1669/1597 2152/1661/2059
f 2157/1663/2061 2165/1670/1919 2158/1666/1598 2150/1658/2057
f 2158/1666/1598 2166/1671/803 2159/1667/1596
f 2159/1668/1596 2166/1672/803 2160/1669/1597
f 2165/1670/1919 2166/1671/803 2158/1666/1598
f 2174/1673/2064 2180/1674/2065 2179/1675/2066 2172/1676/2067
f 2174/1673/2064 1638/1186/1605 1639/1185/1604 2180/1674/2065
f 2179/1675/2066 2181/1677/2068 2175/1678/2069 2172/1676/2067
f 2175/1678/2069 2181/1677/2068 2304/1679/2070 2435/1680/2071
f 2339/1681/2072 1647/1194/1613 1654/1193/1612 2438/1682/2073
f 2438/1682/2073 1654/1193/1612 1656/1196/1615 2441/1683/2074
f 2361/1684/2075 1648/1200/1619 1660/1199/1618 2467/1685/2076
f 2339/1681/2072 2458/1686/2077 1657/1201/1620 1647/1194/1613
f 2188/1687/2078 2195/1688/2079 2333/1689/2080 2332/1690/2081
f 2253/390/2082 2292/1691/2083 2291/1692/2084 2234/393/2085
f 2252/1693/2086 2342/1694/2087 2334/1695/2088 2242/1696/2089
f 2441/1683/2074 2366/1697/2090 2343/1698/2091 2438/1682/2073
f 2343/1698/2091 2212/1699/2092 2339/1681/2072 2438/1682/2073
f 2212/1699/2092 2408/1700/2093 2458/1686/2077 2339/1681/2072
f 2418/1701/2094 2317/1702/2095 2401/1703/2096 2447/1704/2097
f 2231/1705/2098 2412/1706/2099 2447/1704/2097 2401/1703/2096
f 2317/1702/2095 2258/1707/2100 2345/1708/2101 2401/1703/2096
f 2259/1709/2102 2231/1705/2098 2401/1703/2096 2345/1708/2101
f 2261/1710/2103 2233/1711/2104 2330/1712/2105 2346/1713/2106
f 2259/1709/2102 2346/1713/2106 2330/1712/2105 2231/1705/2098
f 2260/1714/2107 2232/1715/2108 2331/1716/2109 2347/1717/2110
f 2261/1710/2103 2347/1717/2110 2331/1716/2109 2233/1711/2104
f 2420/1718/2111 2232/1715/2108 2348/1719/2112 2450/1720/2113
f 2229/1721/2114 2421/1722/2115 2450/1720/2113 2348/1719/2112
f 2419/1723/2116 2233/1711/2104 2331/1716/2109 2449/1724/2117
f 2420/1718/2111 2449/1724/2117 2331/1716/2109 2232/1715/2108
f 2231/1705/2098 2330/1712/2105 2448/1725/2118 2412/1706/2099
f 2419/1723/2116 2448/1725/2118 2330/1712/2105 2233/1711/2104
f 2260/1714/2107 2383/1726/2119 2348/1719/2112 2232/1715/2108
f 2256/1727/2120 2229/1721/2114 2348/1719/2112 2383/1726/2119
f 2205/1728/2121 2199/1729/2122 2324/1730/2123 2351/1731/2124
f 2224/1732/2125 2410/1733/2126 2457/1734/2127 2326/1735/2128
f 2423/1736/2129 2226/1737/2130 2328/1738/2131 2453/1739/2132
f 2228/1740/2133 2424/1741/2134 2453/1739/2132 2328/1738/2131
f 2228/1740/2133 2329/1742/2135 2454/1743/2136 2424/1741/2134
f 2266/1744/2137 2224/1732/2125 2326/1735/2128 2352/1745/2138
f 2326/1735/2128 2363/1746/2139 2362/1747/2140 2352/1745/2138
f 2270/1748/2141 2228/1740/2133 2328/1738/2131 2355/1749/2142
f 2226/1737/2130 2268/1750/2143 2355/1749/2142 2328/1738/2131
f 2227/1751/2144 2329/1742/2135 2356/1752/2145 2269/1753/2146
f 2270/1748/2141 2356/1752/2145 2329/1742/2135 2228/1740/2133
f 2422/1754/2147 2223/1755/2148 2358/1756/2149 2452/1757/2150
f 2423/1736/2129 2452/1757/2150 2358/1756/2149 2226/1737/2130
f 2226/1737/2130 2358/1756/2149 2353/1758/2151 2268/1750/2143
f 2223/1755/2148 2265/1759/2152 2353/1758/2151 2358/1756/2149
f 2223/1755/2148 2382/1760/2153 2357/1761/2154 2265/1759/2152
f 2264/1762/2155 2263/1763/2156 2229/1721/2114 2256/1727/2120
f 2278/1764/2157 2277/1765/2158 2349/1766/2159 2359/1767/2160
f 2271/1768/2161 2262/1769/2162 2277/1765/2158 2278/1764/2157
f 2441/1683/2074 1656/1196/1615 1648/1200/1619 2361/1684/2075
f 2409/1770/2163 2286/1771/2164 2285/1772/2165 2408/1700/2093
f 2224/1732/2125 2286/1773/2164 2409/1774/2163 2410/1733/2126
f 2458/1686/2077 2408/1700/2093 2285/1772/2165 2367/1775/2166
f 2367/1775/2166 1650/1292/1711 1657/1201/1620 2458/1686/2077
f 1651/1293/1712 1650/1292/1711 2367/1775/2166 2368/1776/2167
f 2287/1777/2168 2285/1772/2165 2286/1771/2164 2288/1778/2169
f 2286/1773/2164 2224/1732/2125 2266/1744/2137 2288/1779/2169
f 2287/1777/2168 2368/1776/2167 2367/1775/2166 2285/1772/2165
f 2204/1780/2170 2423/1736/2129 2453/1739/2132 2351/1731/2124
f 2193/1781/2171 2422/1754/2147 2452/1757/2150 2369/1782/2172
f 2276/1783/2173 2193/1781/2171 2369/1782/2172 2360/1784/2174
f 2419/1723/2116 2202/1785/2175 2395/1786/2176 2448/1725/2118
f 2292/1691/2083 2252/1693/2086 2242/1696/2089 2291/1692/2084
f 2378/1787/2177 2379/1788/2178 2195/1688/2079 2188/1687/2078
f 2188/1687/2078 2251/1789/2179 2342/1694/2087 2378/1787/2177
f 2275/1790/2180 2360/1784/2174 2369/1782/2172 2204/1780/2170
f 2421/1722/2115 2298/1791/2181 2384/1792/2182 2450/1720/2113
f 2203/1793/2183 2420/1718/2111 2450/1720/2113 2384/1792/2182
f 2298/1791/2181 2494/1794/2184 2495/1795/2185 2384/1792/2182
f 2384/1792/2182 2495/1795/2185 2496/1796/2186 2203/1793/2183
f 2139/1797/2187 2535/1798/2188 2255/1799/2189
f 2387/1800/2190 2289/1801/2191 2237/1802/2192 2338/1803/2193
f 2300/1804/2194 2299/1805/2195 2237/1802/2192 2289/1801/2191
f 2297/1806/2196 2296/1807/2197 2391/1808/2198 2386/1809/2199
f 2301/1810/2200 2303/1811/2201 2386/1809/2199 2391/1808/2198
f 2321/1812/2202 2318/1813/2203 1645/1334/1753 1652/1333/1752
f 2303/1814/2201 2301/1815/2200 2308/1816/2204 2307/1817/2205
f 2306/1818/1757 2311/1819/2206 2394/1820/2207 2392/1821/2208
f 2310/1822/2209 2305/1823/2210 2392/1821/2208 2394/1820/2207
f 2393/1824/2211 2301/1810/2200 2391/1808/2198 2445/1825/2212
f 2296/1807/2197 2415/1826/2213 2445/1825/2212 2391/1808/2198
f 2300/1827/2194 2306/1818/1757 2392/1821/2208 2390/1828/2214
f 2306/1829/1757 2300/1804/2194 2289/1801/2191 2304/1679/2070
f 2308/1816/2204 2301/1815/2200 2393/1830/2211 2414/1831/2215
f 2395/1786/2176 2333/1689/2080 2195/1688/2079 2201/1832/2216
f 2201/1832/2216 2412/1706/2099 2448/1725/2118 2395/1786/2176
f 2201/1832/2216 2195/1688/2079 2379/1788/2178 2400/1833/2217
f 2203/1793/2183 2397/1834/2218 2449/1724/2117 2420/1718/2111
f 2419/1723/2116 2449/1724/2117 2397/1834/2218 2202/1785/2175
f 2283/1835/2219 2317/1702/2095 2418/1701/2094 2413/1836/2220
f 2283/1835/2219 2284/1837/2221 2258/1707/2100 2317/1702/2095
f 2284/1837/2221 2283/1835/2219 2230/1838/2222 2257/1839/2223
f 2230/1838/2222 2283/1835/2219 2413/1836/2220 2417/1840/2224
f 2238/1841/2225 2280/1842/2226 2406/1843/2227 2402/1844/2228
f 2230/1838/2222 2402/1844/2228 2406/1843/2227 2257/1839/2223
f 2280/1842/2226 2238/1841/2225 2296/1807/2197 2297/1806/2196
f 2282/1845/2229 2192/1846/2230 2405/1847/2231 2404/1848/2232
f 2296/1807/2197 2238/1841/2225 2416/1849/2233 2415/1826/2213
f 2305/1823/2210 2310/1822/2209 2309/1850/2234 2281/1851/2235
f 2405/1847/2231 2192/1846/2230 2407/1852/2236 2444/1853/2237
f 2407/1852/2236 2201/1832/2216 2400/1833/2217 2444/1853/2237
f 2279/1854/2238 2282/1845/2229 2404/1848/2232 2403/1855/2239
f 2309/1850/2234 2403/1855/2239 2404/1848/2232 2281/1851/2235
f 2238/1841/2225 2402/1844/2228 2446/1856/2240 2416/1849/2233
f 2417/1840/2224 2446/1856/2240 2402/1844/2228 2230/1838/2222
f 2201/1832/2216 2407/1852/2236 2447/1704/2097 2412/1706/2099
f 2192/1846/2230 2418/1701/2094 2447/1704/2097 2407/1852/2236
f 1653/1379/1793 1658/1382/1796 2437/1857/2241 2319/1858/2242
f 2313/1859/2243 2414/1831/2215 2393/1830/2211 2311/1860/2206
f 2415/1826/2213 2310/1822/2209 2394/1820/2207 2445/1825/2212
f 2394/1820/2207 2311/1819/2206 2393/1824/2211 2445/1825/2212
f 2310/1822/2209 2415/1826/2213 2416/1849/2233 2309/1850/2234
f 2417/1840/2224 2279/1854/2238 2403/1855/2239 2446/1856/2240
f 2403/1855/2239 2309/1850/2234 2416/1849/2233 2446/1856/2240
f 2279/1854/2238 2417/1840/2224 2413/1836/2220 2282/1845/2229
f 2192/1846/2230 2282/1845/2229 2413/1836/2220 2418/1701/2094
f 2204/1780/2170 2369/1782/2172 2452/1757/2150 2423/1736/2129
f 2424/1741/2134 2205/1728/2121 2351/1731/2124 2453/1739/2132
f 2247/1861/2244 2189/1862/2245 2372/1863/2246 2426/1864/2247
f 2189/1862/2245 2247/1861/2244 2427/1865/2248 2373/1866/2249
f 2190/1867/2250 2373/1866/2249 2427/1865/2248 2248/1868/2251
f 2302/1869/2252 2244/1870/2253 2318/1813/2203 2321/1812/2202
f 1646/1395/1808 1653/1379/1793 2319/1858/2242 2320/1871/2254
f 2319/1858/2242 2312/1872/2255 2243/1873/2256 2320/1871/2254
f 1658/1382/1796 1645/1334/1753 2318/1813/2203 2437/1857/2241
f 2318/1813/2203 2244/1870/2253 2436/1874/2257 2437/1857/2241
f 2312/1872/2255 2319/1858/2242 2437/1857/2241 2436/1874/2257
f 2527/1875/2258 2246/1876/2259 2135/1877/2260
f 2218/1878/2261 2254/1879/2262 2365/1880/2263 2366/1697/2090
f 2218/1878/2261 2366/1697/2090 2441/1683/2074 2361/1684/2075
f 2468/1881/2264 2218/1878/2261 2361/1684/2075 2467/1685/2076
f 2135/1877/2260 2246/1876/2259 2525/1882/2265
f 2246/1876/2259 2211/1883/2266 2525/1882/2265
f 2525/1882/2265 2211/1883/2266 2134/1884/2267
f 2426/1864/2247 2372/1863/2246 2211/1883/2266 2246/1876/2259
f 2373/1866/2249 2376/1885/2268 2200/1886/2269 2189/1862/2245
f 2375/1887/2270 2376/1885/2268 2199/1729/2122 2205/1728/2121
f 2373/1866/2249 2190/1867/2250 2199/1729/2122 2376/1885/2268
f 2372/1863/2246 2189/1862/2245 2200/1886/2269 2442/1888/2271
f 2308/1816/2204 2244/1870/2253 2302/1869/2252 2307/1817/2205
f 2414/1831/2215 2436/1874/2257 2244/1870/2253 2308/1816/2204
f 2313/1859/2243 2312/1872/2255 2436/1874/2257 2414/1831/2215
f 2289/1801/2191 2387/1800/2190 2435/1680/2071 2304/1679/2070
f 2313/1859/2243 2311/1860/2206 2306/1829/1757 2304/1679/2070
f 2243/1873/2256 2312/1872/2255 2313/1859/2243 2304/1679/2070
f 2471/1889/2272 2465/1890/2273 2468/1881/2264 2474/1891/2274
f 2473/1892/2275 2466/1893/2276 2465/1890/2273 2471/1889/2272
f 2470/1894/2277 2464/1895/2278 2466/1893/2276 2473/1892/2275
f 2522/1896/2279 2521/1897/2280 2464/1895/2278 2470/1894/2277
f 2357/1761/2154 2382/1760/2153 2262/1769/2162 2271/1768/2161
f 2454/1743/2136 2375/1887/2270 2205/1728/2121 2424/1741/2134
f 2225/1898/2281 2327/1899/2282 2354/1900/2283 2267/1901/2284
f 2269/1753/2146 2354/1900/2283 2327/1899/2282 2227/1751/2144
f 2267/1901/2284 2362/1747/2140 2363/1746/2139 2225/1898/2281
f 2454/1743/2136 2329/1742/2135 2227/1751/2144 2425/1902/2285
f 2375/1887/2270 2206/1903/2286 2200/1886/2269 2376/1885/2268
f 2425/1902/2285 2227/1751/2144 2327/1899/2282 2455/1904/2287
f 2454/1743/2136 2425/1902/2285 2206/1903/2286 2375/1887/2270
f 2488/1905/2288 2496/1796/2186 2495/1795/2185 2490/1906/2289
f 2360/1784/2174 2275/1790/2180 2488/1905/2288 2490/1906/2289
f 2276/1783/2173 2360/1784/2174 2490/1906/2289 2489/1907/2290
f 2490/1906/2289 2495/1795/2185 2494/1794/2184 2489/1907/2290
f 2181/1677/2068 2179/1675/2066 2243/1873/2256 2304/1679/2070
f 1639/1185/1604 1646/1395/1808 2320/1871/2254 2180/1674/2065
f 2506/1908/2291 2505/1909/2292 2504/1910/2293 2509/1911/1847
f 2237/1802/2192 2505/1909/2292 2506/1908/2291 2338/1803/2193
f 2299/1805/2195 2504/1910/2293 2505/1909/2292 2237/1802/2192
f 2390/1828/2214 2385/1912/2294 2299/1913/2195 2300/1827/2194
f 2295/1914/2295 2398/1915/2296 2396/1916/2297
f 2305/1823/2210 2295/1914/2295 2390/1828/2214 2392/1821/2208
f 2295/1914/2295 2239/1917/2298 2399/1918/2299 2398/1915/2296
f 2281/1851/2235 2404/1848/2232 2405/1847/2231 2239/1917/2298
f 2305/1823/2210 2281/1851/2235 2239/1917/2298 2295/1914/2295
f 2399/1918/2299 2239/1917/2298 2405/1847/2231 2444/1853/2237
f 2316/1919/2300 2399/1918/2299 2444/1853/2237 2400/1833/2217
f 2503/1920/2301 2502/1921/2302 2509/1922/1847 2504/1923/2293
f 2385/1912/2294 2503/1920/2301 2504/1923/2293 2299/1913/2195
f 2396/1916/2297 2502/1921/2302 2503/1920/2301 2385/1912/2294
f 2316/1919/2300 2315/1924/2303 2398/1915/2296 2399/1918/2299
f 2385/1912/2294 2390/1828/2214 2295/1914/2295 2396/1916/2297
f 2180/1674/2065 2320/1871/2254 2243/1873/2256 2179/1675/2066
f 2185/1925/2304 2514/1926/2305 2169/1927/2306 2186/1928/2307
f 2186/1928/2307 2169/1927/2306 2173/1929/2308 2187/1930/2309
f 1641/1454/1864 1642/1455/1865 2186/1928/2307 2187/1930/2309
f 2377/1931/2310 2337/394/2311 2234/393/2085 2291/1692/2084
f 2242/1696/2089 2334/1695/2088 2443/1932/2312 2389/1933/2313
f 2291/1692/2084 2242/1696/2089 2389/1933/2313 2377/1931/2310
f 2185/1925/2304 2170/1934/2314 2514/1926/2305
f 1642/1455/1865 1643/1457/1867 2185/1925/2304 2186/1928/2307
f 1644/1458/1868 1638/1186/1605 2174/1673/2064 2170/1934/2314
f 1644/1458/1868 2170/1934/2314 2185/1925/2304 1643/1457/1867
f 1664/1459/1869 2516/1935/2315 2517/1936/2316 1665/1460/1870
f 1665/1460/1870 2517/1936/2316 2518/1937/2317 1666/1463/1873
f 2563/1938/2318 1670/1466/1876 1666/1463/1873 2518/1937/2317
f 1655/1467/1877 2519/1939/2319 2520/1940/2320 1649/1468/1878
f 2521/1897/2280 1659/1471/1881 1649/1468/1878 2520/1940/2320
f 1662/1472/1882 1659/1471/1881 2521/1897/2280 2522/1896/2279
f 2472/1941/2321 1663/1476/1886 2523/1942/2322 2469/1943/2323
f 2522/1896/2279 2470/1894/2277 2469/1943/2323 2523/1942/2322
f 2474/1891/2274 2472/1941/2321 2469/1943/2323 2471/1889/2272
f 2473/1892/2275 2471/1889/2272 2469/1943/2323 2470/1894/2277
f 2467/1685/2076 1660/1199/1618 1663/1476/1886 2472/1941/2321
f 2468/1881/2264 2467/1685/2076 2472/1941/2321 2474/1891/2274
f 2522/1896/2279 2523/1942/2322 1661/1477/1887 1662/1472/1882
f 1663/1476/1886 1661/1477/1887 2523/1942/2322
f 2524/1944/2324 2525/1882/2265 2134/1884/2267 2126/1945/2325
f 2524/1944/2324 2127/1946/2326 2135/1877/2260 2525/1882/2265
f 2526/1947/2327 2527/1875/2258 2135/1877/2260 2127/1946/2326
f 2526/1947/2327 2128/1651/2050 2136/1948/2328 2527/1875/2258
f 2528/1650/2049 2529/1949/2329 2136/1948/2328 2128/1651/2050
f 2528/1650/2049 2129/1950/2330 2137/1951/2331 2529/1949/2329
f 2524/1944/2324 2540/1655/2054 2143/1654/2053 2127/1946/2326
f 2524/1944/2324 2126/1945/2325 2142/1657/2056 2540/1655/2054
f 2526/1947/2327 2541/1660/2058 2144/1652/2051 2128/1651/2050
f 2526/1947/2327 2127/1946/2326 2143/1654/2053 2541/1660/2058
f 2528/1650/2049 2542/1653/2052 2145/1952/2332 2129/1950/2330
f 2530/1953/2333 2543/1954/2334 2146/1955/2335 2130/1956/2336
f 2530/1953/2333 2129/1950/2330 2145/1952/2332 2543/1954/2334
f 2536/1957/2337 2546/1662/2060 2149/1664/2062 2133/1958/2338
f 2538/1959/2339 2547/1665/2063 2142/1657/2056 2126/1945/2325
f 2538/1959/2339 2133/1958/2338 2149/1664/2062 2547/1665/2063
f 2219/1960/2340 2218/1878/2261 2468/1881/2264 2465/1890/2273
f 2138/1961/2341 2533/1962/2342 2219/1960/2340
f 2219/1960/2340 2533/1962/2342 2255/1963/2189
f 2255/1963/2189 2533/1962/2342 2139/1964/2187
f 2219/1960/2340 2255/1963/2189 2254/1879/2262 2218/1878/2261
f 2531/1965/2343 2137/1951/2331 2129/1950/2330 2530/1953/2333
f 2530/1953/2333 2130/1956/2336 2138/1961/2341 2531/1965/2343
f 2531/1965/2343 2138/1961/2341 2219/1960/2340
f 2536/1957/2337 2133/1958/2338 2141/1966/2344 2537/1967/2345
f 2255/1799/2189 2209/1968/2346 2208/1969/2347 2254/1970/2262
f 2255/1799/2189 2535/1798/2188 2209/1968/2346
f 2209/1968/2346 2535/1798/2188 2140/1971/2348
f 2372/1863/2246 2442/1888/2271 2210/1972/2349 2211/1883/2266
f 2141/1966/2344 2539/1973/2350 2210/1972/2349
f 2210/1972/2349 2539/1973/2350 2211/1883/2266
f 2134/1884/2267 2211/1883/2266 2539/1973/2350
f 2140/1971/2348 2537/1967/2345 2209/1968/2346
f 2210/1972/2349 2209/1968/2346 2537/1967/2345
f 2537/1967/2345 2140/1971/2348 2132/1974/2351 2536/1957/2337
f 2539/1973/2350 2141/1966/2344 2133/1958/2338 2538/1959/2339
f 2538/1959/2339 2126/1945/2325 2134/1884/2267 2539/1973/2350
f 2537/1967/2345 2141/1966/2344 2210/1972/2349
f 2542/1653/2052 2152/1661/2059 2153/1975/2352 2145/1952/2332
f 2543/1954/2334 2153/1975/2352 2154/1976/2353 2146/1955/2335
f 2153/1975/2352 2543/1954/2334 2145/1952/2332
f 2544/1977/2354 2146/1955/2335 2154/1976/2353
f 2160/1669/1597 2161/1978/1599 2153/1975/2352 2152/1661/2059
f 2153/1975/2352 2161/1978/1599 2162/1979/1926 2154/1976/2353
f 2160/1669/1597 2166/1672/803 2161/1978/1599
f 2161/1978/1599 2166/1672/803 2162/1979/1926
f 2532/1980/2355 2130/1956/2336 2146/1955/2335 2544/1977/2354
f 2533/1962/2342 2138/1961/2341 2130/1956/2336 2532/1980/2355
f 2546/1662/2060 2148/1981/2356 2156/1982/2357 2157/1663/2061
f 2163/1983/1924 2164/1984/1920 2156/1982/2357 2155/1985/2358
f 2164/1984/1920 2165/1670/1919 2157/1663/2061 2156/1982/2357
f 2163/1983/1924 2166/1671/803 2164/1984/1920
f 2164/1984/1920 2166/1671/803 2165/1670/1919
f 2534/1986/2359 2132/1974/2351 2140/1971/2348 2535/1798/2188
f 2545/1987/2360 2148/1981/2356 2132/1974/2351 2534/1986/2359
f 2536/1957/2337 2132/1974/2351 2148/1981/2356 2546/1662/2060
f 2154/1976/2353 2162/1979/1926 2163/1988/1924 2155/1989/2358
f 2162/1979/1926 2166/1672/803 2163/1988/1924
f 2535/1798/2188 2139/1797/2187 2131/1990/2361 2534/1986/2359
f 2544/1977/2354 2147/1991/2362 2131/1992/2361 2532/1980/2355
f 2534/1986/2359 2131/1990/2361 2147/1993/2362 2545/1987/2360
f 2532/1980/2355 2131/1992/2361 2139/1964/2187 2533/1962/2342
f 2544/1977/2354 2154/1976/2353 2155/1989/2358 2147/1991/2362
f 2545/1987/2360 2156/1982/2357 2148/1981/2356
f 2545/1987/2360 2147/1993/2362 2155/1985/2358 2156/1982/2357
f 2183/1994/2363 2171/1995/2364 2178/1996/2365 2184/1997/2366
f 2388/1998/2367 2221/1999/2368 2184/1997/2366 2178/1996/2365
f 2549/2000/2369 2183/1994/2363 2184/1997/2366 2548/2001/2370
f 2548/2001/2370 2184/1997/2366 2221/1999/2368 2550/2002/2371
f 2171/1995/2364 2183/1994/2363 2182/2003/2372 2173/1929/2308
f 2551/2004/2373 2182/2003/2372 2183/1994/2363 2549/2000/2369
f 2187/1930/2309 2173/1929/2308 2182/2003/2372
f 2550/2002/2371 2221/1999/2368 2336/2005/2374 2552/2006/2375
f 2216/2007/2376 2334/1695/2088 2342/1694/2087 2251/1789/2179
f 2334/1695/2088 2216/2007/2376 2336/2005/2374 2443/1932/2312
f 2221/1999/2368 2388/1998/2367 2443/1932/2312 2336/2005/2374
f 1640/1543/1946 1641/1454/1864 2187/1930/2309 2182/2003/2372
f 1669/1544/1947 1640/1543/1946 2182/2003/2372 2551/2004/2373
f 2341/2008/2377 2335/2009/2378 2216/2007/2376 2251/1789/2179
f 2552/2006/2375 2336/2005/2374 2216/2007/2376 2335/2009/2378
f 2188/1687/2078 2332/1690/2081 2341/2008/2377 2251/1789/2179
f 2215/2010/2379 2463/2011/2380 2434/2012/2381 2462/2013/2382
f 2434/2012/2381 2556/2014/2383 2554/2015/2384 2462/2013/2382
f 2515/2016/2385 2483/2017/2386 2481/2018/2387 2516/1935/2315
f 2434/2012/2381 2463/2011/2380 2481/2018/2387 2483/2017/2386
f 1667/1556/1959 2515/2016/2385 2516/1935/2315 1664/1459/1869
f 2556/2014/2383 2434/2012/2381 2483/2017/2386 2484/2019/2388
f 2561/2020/2389 2515/2016/2385 1667/1556/1959 1668/1559/1962
f 2484/2019/2388 2483/2017/2386 2515/2016/2385 2561/2020/2389
f 2136/1948/2328 2213/2021/2390 2527/1875/2258
f 2213/2021/2390 2246/1876/2259 2527/1875/2258
f 2136/1948/2328 2529/1949/2329 2213/2021/2390
f 2563/1938/2318 2519/1939/2319 1655/1467/1877 1670/1466/1876
f 2430/2022/2391 2426/1864/2247 2246/1876/2259 2213/2021/2390
f 2427/1865/2248 2429/2023/2392 2215/2010/2379 2248/1868/2251
f 2429/2023/2392 2433/2024/2393 2463/2011/2380 2215/2010/2379
f 2481/2018/2387 2463/2011/2380 2433/2024/2393 2480/2025/2394
f 2433/2024/2393 2222/2026/2395 2565/2027/2396
f 2517/1936/2316 2480/2025/2394 2482/2028/2397 2518/1937/2317
f 2516/1935/2315 2481/2018/2387 2480/2025/2394 2517/1936/2316
f 2137/1951/2331 2531/1965/2343 2220/2029/2398
f 2219/1960/2340 2220/2029/2398 2531/1965/2343
f 2213/2021/2390 2529/1949/2329 2220/2029/2398
f 2137/1951/2331 2220/2029/2398 2529/1949/2329
f 2466/1893/2276 2220/2029/2398 2219/1960/2340 2465/1890/2273
f 2214/2030/2399 2247/1861/2244 2426/1864/2247 2430/2022/2391
f 2247/1861/2244 2214/2030/2399 2429/2023/2392 2427/1865/2248
f 2433/2024/2393 2429/2023/2392 2214/2030/2399 2222/2026/2395
f 2565/2027/2396 2482/2028/2397 2480/2025/2394 2433/2024/2393
f 2464/1895/2278 2521/1897/2280 2520/1940/2320 2431/2031/2400
f 2519/1939/2319 2459/2032/2401 2431/2031/2400 2520/1940/2320
f 2466/1893/2276 2464/1895/2278 2431/2031/2400 2220/2029/2398
f 2564/2033/2402 2563/1938/2318 2518/1937/2317 2482/2028/2397
f 2563/1938/2318 2564/2033/2402 2459/2032/2401 2519/1939/2319
f 2430/2022/2391 2432/2034/2403 2562/2035/2404
f 2432/2034/2403 2430/2022/2391 2213/2021/2390 2220/2029/2398
f 2222/2026/2395 2214/2030/2399 2430/2022/2391 2562/2035/2404
f 2565/2027/2396 2222/2026/2395 2562/2035/2404 2566/2036/2405
f 2566/2036/2405 2564/2033/2402 2482/2028/2397 2565/2027/2396
f 2566/2036/2405 2562/2035/2404 2432/2034/2403 2567/2037/2406
f 2432/2034/2403 2220/2029/2398 2431/2031/2400 2567/2037/2406
f 2567/2037/2406 2459/2032/2401 2564/2033/2402 2566/2036/2405
f 2431/2031/2400 2459/2032/2401 2567/2037/2406
f 2409/1770/2163 2408/1700/2093 2212/1699/2092 2245/2038/2407
f 2366/1697/2090 2365/1880/2263 2344/2039/2408 2343/1698/2091
f 2245/2038/2407 2212/1699/2092 2343/1698/2091 2344/2039/2408
f 2410/1733/2126 2409/1774/2163 2245/2040/2407 2207/2041/2409
f 2365/2042/2263 2364/2043/2410 2325/2044/2411 2344/2045/2408
f 2207/2041/2409 2245/2040/2407 2344/2046/2408 2325/2044/2411
f 2439/2047/2412 2457/1734/2127 2410/1733/2126 2207/2041/2409
f 2364/2043/2410 2440/2048/2413 2439/2047/2412 2325/2044/2411
f 2364/2043/2410 2365/2042/2263 2254/1970/2262 2208/1969/2347
f 2207/2041/2409 2325/2044/2411 2439/2047/2412
f 2456/2049/2414 2363/1746/2139 2326/1735/2128 2457/1734/2127
f 2363/1746/2139 2456/2049/2414 2411/2050/2415 2225/1898/2281
f 2225/1898/2281 2411/2050/2415 2455/1904/2287 2327/1899/2282
f 2374/2051/2416 2206/1903/2286 2485/2052/2417
f 2194/2053/2418 2485/2052/2417 2455/1904/2287 2411/2050/2415
f 2456/2049/2414 2440/2048/2413 2350/2054/2419 2194/2053/2418
f 2442/1888/2271 2200/1886/2269 2206/1903/2286 2374/2051/2416
f 2485/2052/2417 2206/1903/2286 2425/1902/2285 2455/1904/2287
f 2485/2052/2417 2194/2053/2418 2350/2054/2419 2374/2051/2416
f 2374/2051/2416 2209/1968/2346 2210/1972/2349 2442/1888/2271
f 2209/1968/2346 2374/2051/2416 2350/2054/2419 2208/1969/2347
f 2456/2049/2414 2457/1734/2127 2439/2047/2412 2440/2048/2413
f 2208/1969/2347 2350/2054/2419 2440/2048/2413 2364/2043/2410
f 2194/2053/2418 2411/2050/2415 2456/2049/2414
f 2172/1676/2067 2168/2055/2420 2170/1934/2314 2174/1673/2064
f 2171/1995/2364 2167/2056/2421 2177/2057/2422 2178/1996/2365
f 2168/2055/2420 2176/2058/2423 2512/2059/2424 2511/2060/2425
f 2176/2058/2423 2168/2055/2420 2172/1676/2067 2175/1678/2069
f 2435/1680/2071 2501/2061/2426 2176/2058/2423 2175/1678/2069
f 2170/1934/2314 2168/2055/2420 2511/2060/2425 2514/1926/2305
f 2167/2056/2421 2171/1995/2364 2173/1929/2308 2169/1927/2306
f 2167/2056/2421 2169/1927/2306 2514/1926/2305 2511/2060/2425
f 2568/2062/2427 2177/2057/2422 2167/2056/2421 2511/2060/2425
f 2511/2060/2425 2512/2059/2424 2568/2062/2427
f 2478/2063/2428 2477/2064/2429 2349/1766/2159 2277/1765/2158
f 2451/2065/2430 2370/2066/2431 2475/2067/2432
f 2370/2066/2431 2193/1781/2171 2276/1783/2173 2572/2068/2433
f 2475/2067/2432 2262/1769/2162 2382/1760/2153 2451/2065/2430
f 2451/2065/2430 2382/1760/2153 2223/1755/2148 2422/1754/2147
f 2370/2066/2431 2451/2065/2430 2422/1754/2147 2193/1781/2171
f 2277/1765/2158 2262/1769/2162 2475/2067/2432 2478/2063/2428
f 2494/1794/2184 2571/2069/2434 2570/2070/2435 2489/1907/2290
f 2570/2070/2435 2572/2068/2433 2276/1783/2173 2489/1907/2290
f 2572/2068/2433 2478/2063/2428 2475/2067/2432 2370/2066/2431
f 2570/2070/2435 2477/2064/2429 2478/2063/2428 2572/2068/2433
f 2359/1767/2160 2349/1766/2159 2492/2071/2436 2491/2072/2437
f 2421/1722/2115 2479/2073/2438 2272/2074/2439 2298/1791/2181
f 2264/1762/2155 2381/2075/2440 2380/2076/2441 2263/1763/2156
f 2229/1721/2114 2263/1763/2156 2479/2073/2438 2421/1722/2115
f 2491/2072/2437 2492/2071/2436 2380/2076/2441 2381/2075/2440
f 2349/1766/2159 2477/2064/2429 2493/2077/2442 2492/2071/2436
f 2476/2078/2443 2493/2077/2442 2571/2069/2434 2272/2074/2439
f 2476/2078/2443 2479/2073/2438 2263/1763/2156 2380/2076/2441
f 2476/2078/2443 2380/2076/2441 2492/2071/2436 2493/2077/2442
f 2298/1791/2181 2272/2074/2439 2571/2069/2434 2494/1794/2184
f 2571/2069/2434 2493/2077/2442 2477/2064/2429 2570/2070/2435
f 2272/2074/2439 2479/2073/2438 2476/2078/2443
f 2324/1730/2123 2199/1729/2122 2190/1867/2250 2371/2079/2444
f 2371/2079/2444 2190/1867/2250 2248/1868/2251 2428/2080/2445
f 2248/1868/2251 2215/2010/2379 2462/2013/2382 2428/2080/2445
f 2333/1689/2080 2196/2081/2446 2191/2082/2447 2332/1690/2081
f 2196/2081/2446 2333/1689/2080 2395/1786/2176 2202/1785/2175
f 2250/2083/2448 2341/2008/2377 2332/1690/2081 2191/2082/2447
f 2335/2009/2378 2341/2008/2377 2250/2083/2448 2560/2084/2449
f 2497/2085/2450 2496/1796/2186 2488/1905/2288 2487/2086/2451
f 2496/1796/2186 2497/2085/2450 2197/2087/2452 2203/1793/2183
f 2196/2081/2446 2202/1785/2175 2397/1834/2218 2323/2088/2453
f 2203/1793/2183 2197/2087/2452 2323/2088/2453 2397/1834/2218
f 2575/2089/2454 2576/2090/2455 2497/2085/2450 2487/2086/2451
f 2558/2091/2456 2498/2092/2457 2486/2093/2458 2557/2094/2459
f 2557/2094/2459 2486/2093/2458 2273/2095/2460 2555/2096/2461
f 2462/2013/2382 2554/2015/2384 2461/2097/2462 2428/2080/2445
f 2555/2096/2461 2273/2095/2460 2461/2097/2462 2554/2015/2384
f 2351/1731/2124 2324/1730/2123 2198/2098/2463 2204/1780/2170
f 2198/2098/2463 2274/2099/2464 2275/1790/2180 2204/1780/2170
f 2487/2086/2451 2488/1905/2288 2275/1790/2180 2274/2099/2464
f 2249/2100/2465 2498/2092/2457 2558/2091/2456 2553/2101/2466
f 2340/2102/2467 2249/2100/2465 2553/2101/2466 2559/2103/2468
f 2250/2083/2448 2340/2102/2467 2559/2103/2468 2560/2084/2449
f 2322/2104/2469 2577/2105/2470 2249/2100/2465 2340/2102/2467
f 2577/2105/2470 2578/2106/2471 2498/2092/2457 2249/2100/2465
f 2191/2082/2447 2196/2081/2446 2323/2088/2453 2322/2104/2469
f 2322/2104/2469 2340/2102/2467 2250/2083/2448 2191/2082/2447
f 2371/2079/2444 2460/2107/2472 2198/2098/2463 2324/1730/2123
f 2579/2108/2473 2460/2107/2472 2461/2097/2462 2273/2095/2460
f 2460/2107/2472 2371/2079/2444 2428/2080/2445 2461/2097/2462
f 2274/2099/2464 2198/2098/2463 2460/2107/2472 2574/2109/2474
f 2578/2106/2471 2580/2110/2475 2486/2093/2458 2498/2092/2457
f 2580/2110/2475 2579/2108/2473 2273/2095/2460 2486/2093/2458
f 2577/2105/2470 2573/2111/2476 2576/2090/2455 2578/2106/2471
f 2579/2108/2473 2574/2109/2474 2460/2107/2472
f 2197/2087/2452 2573/2111/2476 2322/2104/2469 2323/2088/2453
f 2497/2085/2450 2576/2090/2455 2573/2111/2476 2197/2087/2452
f 2574/2109/2474 2575/2089/2454 2487/2086/2451 2274/2099/2464
f 2577/2105/2470 2322/2104/2469 2573/2111/2476
f 2580/2110/2475 2578/2106/2471 2576/2090/2455 2575/2089/2454
f 2579/2108/2473 2580/2110/2475 2575/2089/2454 2574/2109/2474
f 2624/2112/2477 2612/2113/2478 2611/2114/2479 2625/2115/2480
f 2626/2116/2481 2625/2115/2480 2611/2114/2479 2613/2117/2482
f 2627/2118/2483 2626/2116/2481 2613/2117/2482 2617/2119/2484
f 2590/2120/2485 2591/2121/2486 2582/2122/2487 2588/2123/2488
f 2592/2124/2489 2590/2120/2485 2588/2123/2488 2581/2125/2490
f 2609/2126/2491 2624/2112/2477 2625/2115/2480 2610/2127/2492
f 2614/2128/2493 2610/2127/2492 2625/2115/2480 2626/2116/2481
f 2618/2129/2494 2614/2128/2493 2626/2116/2481 2627/2118/2483
f 2592/2124/2489 2581/2125/2490 2597/2130/2495 2598/2131/2496
f 2588/2123/2488 2582/2122/2487 2595/2132/2497 2596/2133/2498
f 2597/2130/2495 2581/2125/2490 2588/2123/2488 2596/2133/2498
f 2614/2128/2493 2618/2129/2494 2598/2134/2496 2597/2130/2495
f 2610/2127/2492 2614/2128/2493 2597/2130/2495 2596/2133/2498
f 2609/2126/2491 2610/2127/2492 2596/2133/2498 2595/2132/2497
f 2587/2135/2499 2590/2120/2485 2592/2124/2489 2585/2136/2500
f 2594/2137/2501 2589/2138/2502 2602/2139/2503 2603/2140/2504
f 2594/2137/2501 2587/2135/2499 2589/2138/2502
f 2619/2141/2505 2620/2142/2506 2599/2143/2507 2598/2131/2496
f 2599/2143/2507 2585/2136/2500 2592/2124/2489 2598/2131/2496
f 2600/2144/2508 2583/2145/2509 2585/2136/2500 2599/2143/2507
f 2619/2146/2505 2627/2118/2483 2617/2119/2484 2608/2147/2510
f 2598/2134/2496 2618/2129/2494 2627/2118/2483 2619/2146/2505
f 2587/2135/2499 2593/2148/2511 2589/2138/2502
f 2601/2149/2512 2593/2148/2511 2583/2145/2509 2600/2144/2508
f 2602/2150/2503 2589/2138/2502 2593/2148/2511 2601/2149/2512
f 2583/2145/2509 2593/2148/2511 2587/2135/2499 2585/2136/2500
f 2608/2151/2510 2620/2142/2506 2619/2141/2505
f 2620/2142/2506 2600/2144/2508 2599/2143/2507
f 2621/2152/2513 2607/2153/2514 2622/2154/2515
f 2615/2155/2516 2612/2113/2478 2624/2112/2477 2623/2156/2517
f 2622/2154/2515 2606/2157/2518 2605/2158/2519 2621/2152/2513
f 2624/2112/2477 2609/2126/2491 2616/2159/2520 2623/2156/2517
f 2591/2121/2486 2586/2160/2521 2605/2158/2519 2606/2157/2518
f 2582/2122/2487 2591/2121/2486 2606/2157/2518 2595/2132/2497
f 2616/2159/2520 2609/2126/2491 2595/2132/2497 2606/2161/2518
f 2623/2156/2517 2616/2159/2520 2606/2161/2518 2622/2162/2515
f 2622/2162/2515 2607/2163/2514 2615/2155/2516 2623/2156/2517
f 2586/2160/2521 2591/2121/2486 2590/2120/2485 2587/2135/2499
f 2587/2135/2499 2594/2137/2501 2584/2164/2522 2586/2160/2521
f 2604/2165/2523 2621/2152/2513 2605/2158/2519
f 2584/2164/2522 2594/2137/2501 2603/2140/2504 2604/2165/2523
f 2586/2160/2521 2584/2164/2522 2604/2165/2523 2605/2158/2519
f 2639/2166/2524 2655/2167/2525 2650/2168/2526 2629/2169/2527
f 2643/2170/2528 2650/2168/2526 2655/2167/2525 2657/2171/2529
f 2656/2172/2530 2654/2173/2531 2652/2174/2532 2641/2175/2533
f 2630/2176/2534 2637/2177/2535 2649/2178/2536 2640/2179/2537
f 2631/2180/2538 2642/2181/2539 2647/2182/2540 2635/2183/2541
f 2643/2170/2528 2657/2171/2529 2644/2184/2542 2632/2185/2543
f 2632/2185/2543 2644/2184/2542 2642/2181/2539 2631/2180/2538
f 2634/2186/2544 2632/2185/2543 2631/2180/2538 2635/2183/2541
f 2637/2177/2535 2630/2176/2534 2633/2187/2545 2636/2188/2546
f 2633/2187/2545 2630/2176/2534 2640/2179/2537 2645/2189/2547
f 2636/2188/2546 2633/2187/2545 2641/2175/2533 2648/2190/2548
f 2641/2175/2533 2633/2187/2545 2645/2189/2547 2656/2172/2530
f 2646/2191/2549 2643/2170/2528 2632/2185/2543 2634/2186/2544
f 2646/2191/2549 2634/2186/2544 2636/2188/2546 2648/2190/2548
f 2636/2188/2546 2634/2186/2544 2635/2183/2541 2637/2177/2535
f 2637/2177/2535 2635/2183/2541 2647/2182/2540 2649/2178/2536
f 2628/2192/2550 2652/2174/2532 2654/2173/2531 2638/2193/2551
f 2628/2192/2550 2638/2193/2551 2639/2166/2524 2629/2169/2527
f 2651/2194/2552 2652/2174/2532 2628/2192/2550
f 2641/2175/2533 2652/2174/2532 2651/2194/2552 2648/2190/2548
f 2651/2194/2552 2628/2192/2550 2629/2169/2527 2653/2195/2553
f 2629/2169/2527 2650/2168/2526 2653/2195/2553
f 2646/2191/2549 2648/2190/2548 2651/2194/2552 2653/2195/2553
f 2646/2191/2549 2653/2195/2553 2650/2168/2526 2643/2170/2528
f 2669/2166/2554 2659/2169/2555 2680/2168/2556 2685/2167/2557
f 2673/2170/2558 2687/2171/2559 2685/2167/2557 2680/2168/2556
f 2686/2172/2560 2671/2175/2561 2682/2174/2562 2684/2173/2563
f 2660/2176/2564 2670/2179/2565 2679/2178/2566 2667/2177/2567
f 2661/2180/2568 2665/2183/2569 2677/2182/2570 2672/2181/2571
f 2673/2170/2558 2662/2185/2572 2674/2184/2573 2687/2171/2559
f 2662/2185/2572 2661/2180/2568 2672/2181/2571 2674/2184/2573
f 2664/2186/2574 2665/2183/2569 2661/2180/2568 2662/2185/2572
f 2667/2177/2567 2666/2188/2575 2663/2187/2576 2660/2176/2564
f 2663/2187/2576 2675/2189/2577 2670/2179/2565 2660/2176/2564
f 2666/2188/2575 2678/2190/2578 2671/2175/2561 2663/2187/2576
f 2671/2175/2561 2686/2172/2560 2675/2189/2577 2663/2187/2576
f 2676/2191/2579 2664/2186/2574 2662/2185/2572 2673/2170/2558
f 2676/2191/2579 2678/2190/2578 2666/2188/2575 2664/2186/2574
f 2666/2188/2575 2667/2177/2567 2665/2183/2569 2664/2186/2574
f 2667/2177/2567 2679/2178/2566 2677/2182/2570 2665/2183/2569
f 2658/2192/2580 2668/2193/2581 2684/2173/2563 2682/2174/2562
f 2658/2192/2580 2659/2169/2555 2669/2166/2554 2668/2193/2581
f 2681/2194/2582 2658/2192/2580 2682/2174/2562
f 2671/2175/2561 2678/2190/2578 2681/2194/2582 2682/2174/2562
f 2681/2194/2582 2683/2195/2583 2659/2169/2555 2658/2192/2580
f 2659/2169/2555 2683/2195/2583 2680/2168/2556
f 2676/2191/2579 2683/2195/2583 2681/2194/2582 2678/2190/2578
f 2676/2191/2579 2673/2170/2558 2680/2168/2556 2683/2195/2583
f 2699/2196/2584 2698/2197/2585 2707/2198/2586 2706/2199/2587
f 2700/2200/2588 2701/2201/2589 2705/2202/2590 2704/2203/2591
f 2702/2204/2592 2698/2197/2585 2699/2196/2584 2703/2205/2593
f 2700/2200/2588 2702/2204/2592 2703/2205/2593 2701/2201/2589
f 2688/2206/2594 2692/2207/2595 2696/2208/2596 2697/2209/2597
f 2689/2210/2598 2695/2211/2599 2694/2212/2600 2691/2213/2601
f 2692/2207/2595 2688/2206/2594 2690/2214/2602 2693/2215/2603
f 2696/2208/2596 2695/2211/2599 2689/2210/2598 2697/2209/2597
f 2688/2206/2594 2699/2196/2584 2706/2199/2587 2690/2214/2602
f 2697/2209/2597 2703/2205/2593 2699/2196/2584 2688/2206/2594
f 2694/2212/2600 2704/2216/2591 2705/2202/2590 2691/2213/2601
f 2701/2201/2589 2689/2210/2598 2691/2213/2601 2705/2202/2590
f 2707/2217/2586 2693/2215/2603 2690/2214/2602 2706/2199/2587
f 2689/2210/2598 2701/2201/2589 2703/2205/2593 2697/2209/2597
f 2729/2218/2604 2718/2219/2605 2708/2220/2606 2728/2221/2607
f 2730/2222/2608 2726/2223/2609 2718/2219/2605 2729/2218/2604
f 2731/2224/2610 2716/2225/2611 2726/2223/2609 2730/2222/2608
f 2732/2226/2612 2724/2227/2613 2716/2225/2611 2731/2224/2610
f 2733/2228/2614 2722/2229/2615 2724/2227/2613 2732/2226/2612
f 2734/2230/2616 2714/2231/2617 2722/2229/2615 2733/2228/2614
f 2808/2232/2618 2809/2233/2619 2714/2231/2617 2734/2230/2616
f 2736/2234/2620 2720/2235/2621 2710/2236/2622 2735/2237/2623
f 2737/2238/2624 2713/2239/2625 2720/2235/2621 2736/2234/2620
f 2739/2240/2626 2721/2241/2627 2712/2242/2628 2738/2243/2629
f 2740/2244/2630 2711/2245/2631 2721/2241/2627 2739/2240/2626
f 2741/2246/2632 2715/2247/2633 2805/2248/2634 2806/2249/2635
f 2742/2250/2636 2723/2251/2637 2715/2252/2633 2741/2253/2632
f 2743/2254/2638 2725/2255/2639 2723/2251/2637 2742/2250/2636
f 2744/2256/2640 2717/2257/2641 2725/2255/2639 2743/2254/2638
f 2745/2258/2642 2727/2259/2643 2717/2257/2641 2744/2256/2640
f 2746/2260/2644 2719/2261/2645 2727/2259/2643 2745/2258/2642
f 2709/2262/2646 2719/2261/2645 2746/2260/2644 2747/2263/2647
f 2757/2264/2648 2758/2265/2649 2713/2266/2625 2737/2238/2624
f 2756/2267/2650 2757/2264/2648 2737/2238/2624 2736/2234/2620
f 2755/2268/2651 2756/2267/2650 2736/2234/2620 2735/2237/2623
f 2754/2269/2652 2807/2270/2653 2808/2232/2618 2734/2230/2616
f 2753/2271/2654 2754/2269/2652 2734/2230/2616 2733/2228/2614
f 2752/2272/2655 2753/2271/2654 2733/2228/2614 2732/2226/2612
f 2751/2273/2656 2752/2272/2655 2732/2226/2612 2731/2224/2610
f 2750/2274/2657 2751/2273/2656 2731/2224/2610 2730/2222/2608
f 2749/2275/2658 2750/2274/2657 2730/2222/2608 2729/2218/2604
f 2748/2276/2659 2749/2275/2658 2729/2218/2604 2728/2221/2607
f 2738/2243/2629 2712/2277/2628 2758/2265/2649 2757/2264/2648
f 2739/2240/2626 2738/2243/2629 2757/2264/2648 2756/2267/2650
f 2740/2244/2630 2739/2240/2626 2756/2267/2650 2755/2268/2651
f 2741/2246/2632 2806/2249/2635 2807/2270/2653 2754/2269/2652
f 2742/2250/2636 2741/2253/2632 2754/2269/2652 2753/2271/2654
f 2743/2254/2638 2742/2250/2636 2753/2271/2654 2752/2272/2655
f 2744/2256/2640 2743/2254/2638 2752/2272/2655 2751/2273/2656
f 2745/2258/2642 2744/2256/2640 2751/2273/2656 2750/2274/2657
f 2746/2260/2644 2745/2258/2642 2750/2274/2657 2749/2275/2658
f 2747/2263/2647 2746/2260/2644 2749/2275/2658 2748/2276/2659
f 2747/2278/2647 2748/2276/2659 2795/2279/2660 2794/2280/2661
f 2801/2281/2662 2802/2282/2663 2787/2283/2664 2788/2284/2665
f 2812/2285/2666 2801/2281/2662 2788/2284/2665 2811/2286/2667
f 2795/2279/2660 2796/2287/2668 2793/2288/2669 2794/2280/2661
f 2797/2289/2670 2798/2290/2671 2791/2291/2672 2792/2292/2673
f 2802/2282/2663 2803/2293/2674 2786/2294/2675 2787/2283/2664
f 2799/2295/2676 2800/2296/2677 2789/2297/2678 2790/2298/2679
f 2798/2290/2671 2799/2295/2676 2790/2298/2679 2791/2291/2672
f 2796/2287/2668 2797/2289/2670 2792/2292/2673 2793/2288/2669
f 2777/2299/2680 2728/2221/2607 2708/2220/2606 2767/2300/2681
f 2778/2301/2682 2777/2299/2680 2767/2300/2681 2775/2302/2683
f 2779/2303/2684 2778/2301/2682 2775/2302/2683 2765/2304/2685
f 2780/2305/2686 2779/2303/2684 2765/2304/2685 2773/2306/2687
f 2781/2307/2688 2780/2305/2686 2773/2306/2687 2771/2308/2689
f 2782/2309/2690 2781/2307/2688 2771/2308/2689 2763/2310/2691
f 2783/2311/2692 2813/2312/2693 2814/2313/2694 2759/2314/2695
f 2784/2315/2696 2783/2311/2692 2759/2314/2695 2769/2316/2697
f 2785/2317/2698 2784/2315/2696 2769/2316/2697 2762/2318/2699
f 2803/2293/2674 2804/2319/2700 2761/2320/2701 2786/2294/2675
f 2787/2283/2664 2786/2294/2675 2761/2321/2701 2770/2322/2702
f 2788/2284/2665 2787/2283/2664 2770/2322/2702 2760/2323/2703
f 2811/2286/2667 2788/2284/2665 2760/2323/2703 2810/2324/2704
f 2790/2298/2679 2789/2297/2678 2764/2325/2705 2772/2326/2706
f 2791/2291/2672 2790/2298/2679 2772/2326/2706 2774/2327/2707
f 2792/2292/2673 2791/2291/2672 2774/2327/2707 2766/2328/2708
f 2793/2288/2669 2792/2292/2673 2766/2328/2708 2776/2329/2709
f 2794/2280/2661 2793/2288/2669 2776/2329/2709 2768/2330/2710
f 2709/2331/2646 2747/2278/2647 2794/2280/2661 2768/2330/2710
f 2748/2276/2659 2728/2221/2607 2777/2299/2680 2795/2279/2660
f 2777/2299/2680 2778/2301/2682 2796/2287/2668 2795/2279/2660
f 2778/2301/2682 2779/2303/2684 2797/2289/2670 2796/2287/2668
f 2779/2303/2684 2780/2305/2686 2798/2290/2671 2797/2289/2670
f 2780/2305/2686 2781/2307/2688 2799/2295/2676 2798/2290/2671
f 2781/2307/2688 2782/2309/2690 2800/2296/2677 2799/2295/2676
f 2813/2312/2693 2783/2311/2692 2801/2281/2662 2812/2285/2666
f 2783/2311/2692 2784/2315/2696 2802/2282/2663 2801/2281/2662
f 2784/2315/2696 2785/2317/2698 2803/2293/2674 2802/2282/2663
f 2785/2317/2698 2762/2332/2699 2804/2319/2700 2803/2293/2674
f 2806/2249/2635 2805/2248/2634 2711/2245/2631 2740/2244/2630
f 2807/2270/2653 2806/2249/2635 2740/2244/2630 2755/2268/2651
f 2808/2232/2618 2807/2270/2653 2755/2268/2651 2735/2237/2623
f 2735/2237/2623 2710/2236/2622 2809/2233/2619 2808/2232/2618
f 2789/2333/2678 2811/2286/2667 2810/2324/2704 2764/2334/2705
f 2800/2296/2677 2812/2285/2666 2811/2286/2667 2789/2333/2678
f 2782/2309/2690 2813/2312/2693 2812/2285/2666 2800/2296/2677
f 2814/2313/2694 2813/2312/2693 2782/2309/2690 2763/2310/2691
f 2829/2335/2711 2828/2336/2712 2834/2337/2713 2835/2338/2714
f 2832/2339/2715 2833/2340/2716 2826/2341/2717 2830/2342/2718
f 2827/2343/2719 2831/2344/2720 2830/2345/2718 2826/2346/2717
f 2829/2335/2711 2831/2344/2720 2827/2343/2719 2828/2336/2712
f 2827/2343/2719 2826/2346/2717 2854/2347/2721 2855/2348/2722
f 2826/2341/2717 2833/2340/2716 2853/2349/2723 2854/2350/2721
f 2828/2336/2712 2827/2343/2719 2855/2348/2722 2856/2351/2724
f 2834/2337/2713 2828/2336/2712 2856/2351/2724 2857/2352/2725
f 2847/2353/2726 2848/2354/2727 2854/2350/2721 2853/2349/2723
f 2845/2355/2728 2844/2356/2729 2843/2357/2730 2842/2358/2731
f 2846/2359/2732 2845/2355/2728 2842/2358/2731 2841/2360/2733
f 2847/2353/2726 2846/2359/2732 2841/2360/2733 2838/2361/2734
f 2848/2354/2727 2847/2353/2726 2838/2361/2734 2836/2362/2735
f 2849/2363/2736 2848/2364/2727 2836/2365/2735 2837/2366/2737
f 2850/2367/2738 2849/2363/2736 2837/2366/2737 2839/2368/2739
f 2851/2369/2740 2850/2367/2738 2839/2368/2739 2840/2370/2741
f 2844/2356/2729 2851/2369/2740 2840/2370/2741 2843/2357/2730
f 2849/2363/2736 2855/2348/2722 2854/2347/2721 2848/2364/2727
f 2850/2367/2738 2856/2351/2724 2855/2348/2722 2849/2363/2736
f 2851/2369/2740 2857/2352/2725 2856/2351/2724 2850/2367/2738
f 2824/2371/2742 2823/2372/2743 2819/2373/2744 2820/2374/2745
f 2834/2337/2713 2823/2372/2743 2824/2371/2742 2835/2338/2714
f 2858/2375/2746 2823/2372/2743 2834/2337/2713 2857/2352/2725
f 2858/2375/2746 2857/2352/2725 2851/2369/2740 2844/2356/2729
f 2860/2376/2747 2819/2373/2744 2823/2372/2743 2858/2375/2746
f 2817/2377/2748 2815/2378/2749 2821/2379/2750 2825/2380/2751
f 2825/2380/2751 2821/2379/2750 2833/2340/2716 2832/2339/2715
f 2833/2340/2716 2821/2379/2750 2852/2381/2752 2853/2349/2723
f 2846/2359/2732 2847/2353/2726 2853/2349/2723 2852/2381/2752
f 2845/2355/2728 2846/2359/2732 2852/2381/2752 2822/2382/2753
f 2858/2375/2746 2844/2356/2729 2845/2355/2728 2822/2382/2753
f 2818/2383/2754 2816/2384/2755 2815/2378/2749 2817/2377/2748
f 2820/2374/2745 2819/2373/2744 2816/2384/2755 2818/2383/2754
f 2861/2385/2756 2852/2381/2752 2821/2379/2750 2815/2378/2749
f 2860/2376/2747 2858/2375/2746 2822/2382/2753 2859/2386/2757
f 2816/2384/2755 2819/2373/2744 2860/2376/2747 2859/2386/2757
f 2861/2385/2756 2815/2378/2749 2816/2384/2755 2859/2386/2757
f 2852/2381/2752 2861/2385/2756 2859/2386/2757 2822/2382/2753
f 2888/2387/2758 2890/2388/2759 2889/2389/803
f 2890/2388/2759 2891/2390/2760 2889/2389/803
f 2891/2390/2760 2892/2391/2761 2889/2389/803
f 2892/2392/2761 2893/2393/2762 2889/2389/803
f 2887/2394/2763 2888/2387/2758 2889/2389/803
f 2893/2393/2762 2894/2395/2764 2889/2389/803
f 2909/2396/2765 2876/2397/2766 2886/2398/2767 2877/2399/2768
f 2885/2400/2769 2908/2401/2770 2909/2402/2765 2877/2403/2768
f 2894/2395/2764 2895/2404/2771 2889/2389/803
f 2895/2404/2771 2887/2394/2763 2889/2389/803
f 2877/2403/2768 2911/2405/2772 2910/2406/2773 2885/2400/2769
f 2869/2407/2774 2908/2401/2770 2885/2400/2769
f 2862/2408/2775 2910/2406/2773 2878/2409/2776
f 2870/2410/2777 2878/2409/2776 2910/2406/2773 2911/2405/2772
f 2870/2410/2777 2897/2411/2778 2896/2412/2779 2878/2409/2776
f 2886/2398/2767 2870/2410/2777 2911/2413/2772 2877/2399/2768
f 2869/2407/2774 2862/2408/2775 2887/2394/2763 2895/2404/2771
f 2869/2407/2774 2885/2400/2769 2910/2406/2773 2862/2408/2775
f 2871/2414/2780 2879/2415/2781 2896/2412/2779 2897/2411/2778
f 2871/2414/2780 2899/2416/2782 2898/2417/2783 2879/2415/2781
f 2886/2398/2767 2871/2414/2780 2897/2411/2778 2870/2410/2777
f 2862/2408/2775 2863/2418/2784 2888/2387/2758 2887/2394/2763
f 2863/2418/2784 2896/2412/2779 2879/2415/2781
f 2862/2408/2775 2878/2409/2776 2896/2412/2779 2863/2418/2784
f 2899/2419/2782 2871/2414/2780 2886/2398/2767 2872/2420/2785
f 2872/2421/2785 2880/2422/2786 2898/2417/2783 2899/2416/2782
f 2872/2421/2785 2901/2423/2787 2900/2424/2788 2880/2422/2786
f 2888/2387/2758 2863/2418/2784 2864/2425/2789 2890/2388/2759
f 2864/2425/2789 2898/2417/2783 2880/2422/2786
f 2863/2418/2784 2879/2415/2781 2898/2417/2783 2864/2425/2789
f 2901/2426/2787 2872/2420/2785 2886/2398/2767 2873/2427/2790
f 2873/2428/2790 2881/2429/2791 2900/2424/2788 2901/2423/2787
f 2873/2428/2790 2903/2430/2792 2902/2431/2793 2881/2429/2791
f 2890/2388/2759 2864/2425/2789 2865/2432/2794 2891/2390/2760
f 2865/2432/2794 2900/2424/2788 2881/2429/2791
f 2864/2425/2789 2880/2422/2786 2900/2424/2788 2865/2432/2794
f 2886/2398/2767 2874/2433/2795 2903/2434/2792 2873/2427/2790
f 2874/2435/2795 2882/2436/2796 2902/2431/2793 2903/2430/2792
f 2874/2437/2795 2905/2438/2797 2904/2439/2798 2882/2440/2796
f 2865/2432/2794 2866/2441/2799 2892/2391/2761 2891/2390/2760
f 2866/2441/2799 2902/2431/2793 2882/2436/2796
f 2865/2432/2794 2881/2429/2791 2902/2431/2793 2866/2441/2799
f 2907/2442/2800 2875/2443/2801 2886/2398/2767 2876/2397/2766
f 2884/2444/2802 2906/2445/2803 2907/2446/2800 2876/2447/2766
f 2876/2447/2766 2909/2402/2765 2908/2401/2770 2884/2444/2802
f 2894/2395/2764 2868/2448/2804 2869/2407/2774 2895/2404/2771
f 2868/2448/2804 2884/2444/2802 2908/2401/2770 2869/2407/2774
f 2886/2398/2767 2875/2443/2801 2905/2449/2797 2874/2433/2795
f 2875/2450/2801 2883/2451/2805 2904/2439/2798 2905/2438/2797
f 2875/2450/2801 2907/2446/2800 2906/2445/2803 2883/2451/2805
f 2893/2393/2762 2867/2452/2806 2868/2448/2804 2894/2395/2764
f 2866/2453/2799 2867/2452/2806 2893/2393/2762 2892/2392/2761
f 2867/2452/2806 2904/2439/2798 2883/2451/2805
f 2868/2448/2804 2906/2445/2803 2884/2444/2802
f 2866/2453/2799 2882/2440/2796 2904/2439/2798 2867/2452/2806
f 2867/2452/2806 2883/2451/2805 2906/2445/2803 2868/2448/2804
f 3504/2454/2807 2912/2455/2808 2932/2456/2809 3503/2457/2810
f 2922/2458/2811 2933/2459/2812 2934/2460/2813 2930/2461/2814
f 2930/2461/2814 2934/2460/2813 2935/2462/2815 2920/2463/2816
f 2920/2463/2816 2935/2462/2815 2936/2464/2817 2928/2465/2818
f 2928/2465/2818 2936/2464/2817 2937/2466/2819 2926/2467/2820
f 2918/2468/2821 2926/2467/2820 2937/2466/2819 2938/2469/2822
f 3018/2470/2823 2918/2468/2821 2938/2469/2822 3017/2471/2824
f 2914/2472/2825 2939/2473/2826 2940/2474/2827 2924/2475/2828
f 2924/2475/2828 2940/2474/2827 2941/2476/2829 2917/2477/2830
f 2925/2478/2831 2916/2479/2832 2942/2480/2833 2943/2481/2834
f 2915/2482/2835 2925/2478/2831 2943/2481/2834 2944/2483/2836
f 2945/2484/2837 2919/2485/2838 3014/2486/2839 3015/2487/2840
f 2927/2488/2841 2919/2489/2838 2945/2490/2837 2946/2491/2842
f 2929/2492/2843 2927/2488/2841 2946/2491/2842 2947/2493/2844
f 2948/2494/2845 2921/2495/2846 2929/2492/2843 2947/2493/2844
f 2949/2496/2847 2931/2497/2848 2921/2495/2846 2948/2494/2845
f 2950/2498/2849 2923/2499/2850 2931/2497/2848 2949/2496/2847
f 2951/2500/2851 2913/2501/2852 3500/2502/2853 3501/2503/2854
f 2961/2504/2855 2962/2505/2856 2917/2506/2830 2941/2476/2829
f 2960/2507/2857 2961/2504/2855 2941/2476/2829 2940/2474/2827
f 2959/2508/2858 2960/2507/2857 2940/2474/2827 2939/2473/2826
f 2958/2509/2859 3016/2510/2860 3017/2471/2824 2938/2469/2822
f 2957/2511/2861 2958/2509/2859 2938/2469/2822 2937/2466/2819
f 2956/2512/2862 2957/2511/2861 2937/2466/2819 2936/2464/2817
f 2955/2513/2863 2956/2512/2862 2936/2464/2817 2935/2462/2815
f 2954/2514/2864 2955/2513/2863 2935/2462/2815 2934/2460/2813
f 2953/2515/2865 2954/2514/2864 2934/2460/2813 2933/2459/2812
f 2952/2516/2866 3502/2517/2867 3503/2457/2810 2932/2456/2809
f 2942/2480/2833 2916/2518/2832 2962/2505/2856 2961/2504/2855
f 2943/2481/2834 2942/2480/2833 2961/2504/2855 2960/2507/2857
f 2944/2483/2836 2943/2481/2834 2960/2507/2857 2959/2508/2858
f 2945/2484/2837 3015/2487/2840 3016/2510/2860 2958/2509/2859
f 2946/2491/2842 2945/2490/2837 2958/2509/2859 2957/2511/2861
f 2947/2493/2844 2946/2491/2842 2957/2511/2861 2956/2512/2862
f 2948/2494/2845 2947/2493/2844 2956/2512/2862 2955/2513/2863
f 2949/2496/2847 2948/2494/2845 2955/2513/2863 2954/2514/2864
f 2950/2498/2849 2949/2496/2847 2954/2514/2864 2953/2515/2865
f 2951/2500/2851 3501/2503/2854 3502/2517/2867 2952/2516/2866
f 3496/2519/2868 3497/2520/2869 2999/2521/2870 2998/2522/2871
f 3005/2523/2872 3006/2524/2873 2991/2525/2874 2992/2526/2875
f 3011/2527/2876 3005/2523/2872 2992/2526/2875 3010/2528/2877
f 2999/2521/2870 3000/2529/2878 2997/2530/2879 2998/2522/2871
f 3001/2531/2880 3002/2532/2881 2995/2533/2882 2996/2534/2883
f 3006/2524/2873 3007/2535/2884 2990/2536/2885 2991/2525/2874
f 3003/2537/2886 3004/2538/2887 2993/2539/2888 2994/2540/2889
f 3002/2532/2881 3003/2537/2886 2994/2540/2889 2995/2533/2882
f 3000/2529/2878 3001/2531/2880 2996/2534/2883 2997/2530/2879
f 2971/2541/2890 2981/2542/2891 3498/2543/2892 3499/2544/2893
f 2971/2541/2890 2979/2545/2894 2982/2546/2895 2981/2542/2891
f 2979/2545/2894 2969/2547/2896 2983/2548/2897 2982/2546/2895
f 2969/2547/2896 2977/2549/2898 2984/2550/2899 2983/2548/2897
f 2977/2549/2898 2975/2551/2900 2985/2552/2901 2984/2550/2899
f 2967/2553/2902 2986/2554/2903 2985/2552/2901 2975/2551/2900
f 2963/2555/2904 2987/2556/2905 3012/2557/2906 3013/2558/2907
f 2963/2555/2904 2973/2559/2908 2988/2560/2909 2987/2556/2905
f 2973/2559/2908 2966/2561/2910 2989/2562/2911 2988/2560/2909
f 3007/2535/2884 3008/2563/2912 2965/2564/2913 2990/2536/2885
f 2974/2565/2914 2991/2525/2874 2990/2536/2885 2965/2566/2913
f 2964/2567/2915 2992/2526/2875 2991/2525/2874 2974/2565/2914
f 3010/2528/2877 2992/2526/2875 2964/2567/2915 3009/2568/2916
f 2976/2569/2917 2994/2540/2889 2993/2539/2888 2968/2570/2918
f 2978/2571/2919 2995/2533/2882 2994/2540/2889 2976/2569/2917
f 2996/2534/2883 2995/2533/2882 2978/2571/2919 2970/2572/2920
f 2997/2530/2879 2996/2534/2883 2970/2572/2920 2980/2573/2921
f 2998/2522/2871 2997/2530/2879 2980/2573/2921 2972/2574/2922
f 3496/2519/2868 2998/2522/2871 2972/2574/2922 3495/2575/2923
f 3497/2520/2869 3498/2543/2892 2981/2542/2891 2999/2521/2870
f 2981/2542/2891 2982/2546/2895 3000/2529/2878 2999/2521/2870
f 2982/2546/2895 2983/2548/2897 3001/2531/2880 3000/2529/2878
f 2983/2548/2897 2984/2550/2899 3002/2532/2881 3001/2531/2880
f 2984/2550/2899 2985/2552/2901 3003/2537/2886 3002/2532/2881
f 2985/2552/2901 2986/2554/2903 3004/2538/2887 3003/2537/2886
f 3012/2557/2906 2987/2556/2905 3005/2523/2872 3011/2527/2876
f 2987/2556/2905 2988/2560/2909 3006/2524/2873 3005/2523/2872
f 2988/2560/2909 2989/2562/2911 3007/2535/2884 3006/2524/2873
f 2989/2562/2911 2966/2576/2910 3008/2563/2912 3007/2535/2884
f 2993/2577/2888 3010/2528/2877 3009/2568/2916 2968/2578/2918
f 3004/2538/2887 3011/2527/2876 3010/2528/2877 2993/2577/2888
f 2986/2554/2903 3012/2557/2906 3011/2527/2876 3004/2538/2887
f 3013/2558/2907 3012/2557/2906 2986/2554/2903 2967/2553/2902
f 3015/2487/2840 3014/2486/2839 2915/2482/2835 2944/2483/2836
f 3016/2510/2860 3015/2487/2840 2944/2483/2836 2959/2508/2858
f 3017/2471/2824 3016/2510/2860 2959/2508/2858 2939/2473/2826
f 2914/2472/2825 3018/2470/2823 3017/2471/2824 2939/2473/2826
f 3030/2579/2924 3019/2580/2925 3025/2581/2926 3029/2582/2927
f 3023/2583/2928 3022/2584/2929 3020/2585/2930 3024/2586/2931
f 3021/2587/2932 3026/2588/2933 3025/2581/2926 3019/2580/2925
f 3028/2589/2934 3026/2588/2933 3021/2587/2932 3027/2590/2935
f 3026/2588/2933 3028/2589/2934 3029/2582/2927 3025/2581/2926
f 3032/2591/2936 3028/2589/2934 3027/2590/2935 3031/2592/2937
f 3029/2582/2927 3028/2589/2934 3032/2591/2936 3033/2593/2938
f 3034/2594/2939 3030/2579/2924 3029/2582/2927 3033/2593/2938
f 3023/2583/2928 3032/2591/2936 3031/2592/2937 3022/2584/2929
f 3033/2593/2938 3032/2591/2936 3023/2583/2928 3024/2586/2931
f 3020/2585/2930 3034/2594/2939 3033/2593/2938 3024/2586/2931
f 3037/2595/2940 3036/2596/2941 3041/2597/2942 3035/2598/2943
f 3035/2598/2943 3044/2599/2944 3040/2600/2945
f 3044/2599/2944 3035/2598/2943 3041/2597/2942 3039/2601/2946
f 3043/2602/2947 3038/2603/2948 3037/2595/2940 3035/2598/2943
f 3042/2604/2949 3043/2602/2947 3035/2598/2943 3045/2605/2950
f 3045/2605/2950 3035/2598/2943 3040/2600/2945
f 3038/2603/2948 3043/2602/2947 3048/2606/2951 3047/2607/2952
f 3039/2601/2946 3041/2597/2942 3049/2608/2953 3050/2609/2954
f 3043/2602/2947 3042/2604/2949 3051/2610/2955 3048/2606/2951
f 3041/2597/2942 3036/2596/2941 3046/2611/2956 3049/2608/2953
f 3044/2599/2944 3039/2601/2946 3050/2609/2954 3052/2612/2957
f 3040/2600/2945 3044/2599/2944 3052/2612/2957 3053/2613/2958
f 3045/2605/2950 3040/2600/2945 3053/2614/2958 3054/2615/2959
f 3042/2604/2949 3045/2605/2950 3054/2615/2959 3051/2610/2955
f 3062/2616/2960 3083/2617/2961 3082/2618/2962 3063/2619/2963
f 3063/2619/2963 3082/2618/2962 3081/2620/2964 3064/2621/2965
f 3085/2622/2966 3079/2623/2967 3080/2624/2968 3086/2625/2969
f 3080/2624/2968 3067/2626/2970 3064/2621/2965 3081/2620/2964
f 3079/2623/2967 3068/2627/2971 3067/2626/2970 3080/2624/2968
f 3079/2623/2967 3092/2628/2972 3093/2629/2973 3068/2627/2971
f 3057/2630/2974 3092/2628/2972 3091/2631/2975 3058/2632/2976
f 3055/2633/2977 3093/2629/2973 3092/2628/2972 3057/2630/2974
f 3059/2634/2978 3069/2635/2979 3070/2636/2980 3065/2637/2981
f 3071/2638/2982 3066/2639/2983 3065/2637/2981 3070/2636/2980
f 3046/2611/2956 3036/2596/2941 3066/2639/2983 3071/2638/2982
f 3069/2635/2979 3059/2634/2978 3061/2640/2984 3072/2641/2985
f 3072/2641/2985 3061/2640/2984 3060/2642/2986 3073/2643/2987
f 3083/2617/2961 3062/2616/2960 3074/2644/2988 3084/2645/2989
f 3074/2644/2988 3062/2616/2960 3063/2619/2963 3075/2646/2990
f 3075/2646/2990 3063/2619/2963 3064/2621/2965 3076/2647/2991
f 3067/2626/2970 3077/2648/2992 3076/2649/2991 3064/2621/2965
f 3077/2648/2992 3067/2626/2970 3068/2627/2971 3078/2650/2993
f 3094/2651/2994 3093/2629/2973 3055/2633/2977 3056/2652/2995
f 3085/2622/2966 3091/2631/2975 3092/2628/2972 3079/2623/2967
f 3087/2653/2996 3086/2625/2969 3080/2624/2968 3081/2620/2964
f 3087/2653/2996 3081/2620/2964 3082/2618/2962 3088/2654/2997
f 3088/2654/2997 3082/2618/2962 3083/2617/2961 3089/2655/2998
f 3090/2656/2999 3089/2655/2998 3083/2617/2961 3084/2657/2989
f 3037/2595/2940 3058/2632/2976 3091/2631/2975 3036/2596/2941
f 3036/2596/2941 3091/2631/2975 3085/2622/2966 3066/2639/2983
f 3066/2639/2983 3085/2622/2966 3086/2625/2969 3065/2637/2981
f 3087/2653/2996 3059/2634/2978 3065/2637/2981 3086/2625/2969
f 3059/2634/2978 3087/2653/2996 3088/2654/2997 3061/2640/2984
f 3061/2640/2984 3088/2654/2997 3089/2655/2998 3060/2642/2986
f 3073/2643/2987 3060/2642/2986 3089/2655/2998 3090/2656/2999
f 3078/2650/2993 3068/2627/2971 3093/2629/2973 3094/2651/2994
f 3098/2658/3000 3099/2659/3001 3118/2660/3002 3119/2661/3003
f 3099/2659/3001 3100/2662/3004 3117/2663/3005 3118/2660/3002
f 3121/2664/3006 3122/2665/3007 3116/2666/3008 3115/2667/3009
f 3116/2666/3008 3117/2663/3005 3100/2662/3004 3103/2668/3010
f 3115/2667/3009 3116/2666/3008 3103/2668/3010 3104/2669/3011
f 3115/2667/3009 3104/2669/3011 3129/2670/3012 3128/2671/3013
f 3057/2630/2974 3058/2632/2976 3127/2672/3014 3128/2671/3013
f 3055/2633/2977 3057/2630/2974 3128/2671/3013 3129/2670/3012
f 3095/2673/3015 3101/2674/3016 3106/2675/3017 3105/2676/3018
f 3107/2677/3019 3106/2675/3017 3101/2674/3016 3102/2678/3020
f 3047/2607/2952 3107/2677/3019 3102/2678/3020 3038/2603/2948
f 3105/2676/3018 3108/2679/3021 3097/2680/3022 3095/2673/3015
f 3108/2679/3021 3109/2681/3023 3096/2682/3024 3097/2680/3022
f 3119/2661/3003 3120/2683/3025 3110/2684/3026 3098/2658/3000
f 3110/2684/3026 3111/2685/3027 3099/2659/3001 3098/2658/3000
f 3111/2685/3027 3112/2686/3028 3100/2662/3004 3099/2659/3001
f 3103/2668/3010 3100/2662/3004 3112/2687/3028 3113/2688/3029
f 3113/2688/3029 3114/2689/3030 3104/2669/3011 3103/2668/3010
f 3130/2690/3031 3056/2652/2995 3055/2633/2977 3129/2670/3012
f 3121/2664/3006 3115/2667/3009 3128/2671/3013 3127/2672/3014
f 3123/2691/3032 3117/2663/3005 3116/2666/3008 3122/2665/3007
f 3123/2691/3032 3124/2692/3033 3118/2660/3002 3117/2663/3005
f 3124/2692/3033 3125/2693/3034 3119/2661/3003 3118/2660/3002
f 3126/2694/3035 3120/2695/3025 3119/2661/3003 3125/2693/3034
f 3037/2595/2940 3038/2603/2948 3127/2672/3014 3058/2632/2976
f 3038/2603/2948 3102/2678/3020 3121/2664/3006 3127/2672/3014
f 3102/2678/3020 3101/2674/3016 3122/2665/3007 3121/2664/3006
f 3123/2691/3032 3122/2665/3007 3101/2674/3016 3095/2673/3015
f 3095/2673/3015 3097/2680/3022 3124/2692/3033 3123/2691/3032
f 3097/2680/3022 3096/2682/3024 3125/2693/3034 3124/2692/3033
f 3109/2681/3023 3126/2694/3035 3125/2693/3034 3096/2682/3024
f 3114/2689/3030 3130/2690/3031 3129/2670/3012 3104/2669/3011
f 3136/2696/3036 3147/2697/3037 3148/2698/3038 3135/2699/3039
f 3152/2700/3040 3151/2701/3041 3153/2702/3042 3154/2703/3043
f 3149/2704/3044 3147/2697/3037 3136/2696/3036 3143/2705/3045
f 3132/2706/3046 3136/2696/3036 3135/2699/3039 3134/2707/3047
f 3143/2705/3045 3136/2696/3036 3132/2706/3046 3152/2700/3040
f 3131/2708/3048 3133/2709/3049 3138/2710/3050 3137/2711/3051
f 3131/2708/3048 3137/2711/3051 3143/2705/3045 3154/2703/3043
f 3143/2705/3045 3152/2700/3040 3154/2703/3043
f 3154/2703/3043 3153/2702/3042 3133/2709/3049 3131/2708/3048
f 3151/2701/3041 3152/2700/3040 3132/2706/3046 3134/2707/3047
f 3144/2712/3052 3155/2713/3053 3156/2714/3054
f 3140/2715/3055 3139/2716/3056 3148/2698/3038 3147/2697/3037
f 3142/2717/3057 3141/2718/3058 3144/2712/3052 3156/2714/3054
f 3140/2715/3055 3147/2697/3037 3150/2719/3059 3155/2713/3053
f 3137/2711/3051 3138/2710/3050 3145/2720/3060 3146/2721/3061
f 3137/2711/3051 3146/2721/3061 3149/2704/3044 3143/2705/3045
f 3145/2720/3060 3141/2722/3058 3142/2717/3057 3146/2721/3061
f 3150/2719/3059 3146/2721/3061 3142/2717/3057 3156/2714/3054
f 3150/2719/3059 3147/2697/3037 3149/2704/3044 3146/2721/3061
f 3150/2719/3059 3156/2714/3054 3155/2713/3053
f 3155/2713/3053 3144/2712/3052 3139/2723/3056 3140/2715/3055
f 3179/2724/3062 3180/2725/3063 3178/2726/3064 3177/2727/3065
f 3161/2728/3050 3162/2729/3066 3158/2730/3067 3160/2731/3068
f 3158/2730/3067 3162/2729/3066 3169/2732/3069 3177/2727/3065
f 3164/2733/3039 3159/2734/3070 3157/2735/3071 3163/2736/3072
f 3169/2732/3069 3163/2736/3072 3157/2735/3071 3179/2724/3062
f 3169/2732/3069 3179/2724/3062 3177/2727/3065
f 3177/2727/3065 3178/2726/3064 3160/2731/3068 3158/2730/3067
f 3180/2725/3063 3179/2724/3062 3157/2735/3071 3159/2734/3070
f 3174/2737/3060 3173/2738/3073 3162/2729/3066 3161/2728/3050
f 3170/2739/3074 3181/2740/3075 3166/2741/3076 3165/2742/3077
f 3174/2737/3060 3165/2743/3077 3166/2741/3076 3173/2738/3073
f 3170/2739/3074 3167/2744/3078 3168/2745/3079 3182/2746/3080
f 3176/2747/3081 3173/2738/3073 3166/2741/3076 3181/2740/3075
f 3171/2748/3038 3164/2733/3039 3163/2736/3072 3172/2749/3082
f 3162/2729/3066 3173/2738/3073 3175/2750/3083 3169/2732/3069
f 3175/2750/3083 3172/2749/3082 3163/2736/3072 3169/2732/3069
f 3171/2748/3038 3172/2749/3082 3168/2745/3079 3167/2751/3078
f 3168/2745/3079 3172/2749/3082 3176/2747/3081 3182/2746/3080
f 3175/2750/3083 3173/2738/3073 3176/2747/3081 3172/2749/3082
f 3170/2739/3074 3182/2746/3080 3181/2740/3075
f 3176/2747/3081 3181/2740/3075 3182/2746/3080
f 3201/2752/3084 3202/2753/3085 3184/2754/3086 3186/2755/3087
f 3204/2756/3088 3203/2757/3089 3185/2758/3090 3183/2759/3091
f 3202/2753/3085 3201/2752/3084 3203/2757/3089 3204/2756/3088
f 3184/2754/3086 3188/2760/3092 3187/2761/3093 3186/2755/3087
f 3195/2762/3094 3188/2760/3092 3184/2754/3086 3202/2753/3085
f 3183/2759/3091 3185/2758/3090 3190/2763/3095 3189/2764/3096
f 3183/2759/3091 3189/2764/3096 3195/2762/3094 3204/2756/3088
f 3195/2762/3094 3202/2753/3085 3204/2756/3088
f 3194/2765/3097 3199/2766/3098 3200/2767/3099 3193/2768/3100
f 3192/2769/3101 3207/2770/3102 3196/2771/3103 3191/2772/3104
f 3194/2765/3097 3193/2773/3100 3196/2771/3103 3208/2774/3105
f 3189/2764/3096 3190/2763/3095 3200/2767/3099 3199/2766/3098
f 3205/2775/3106 3206/2776/3107 3199/2766/3098
f 3192/2769/3101 3191/2777/3104 3197/2778/3108 3198/2779/3109
f 3188/2760/3092 3198/2779/3109 3197/2778/3108 3187/2761/3093
f 3206/2776/3107 3198/2779/3109 3188/2760/3092 3195/2762/3094
f 3189/2764/3096 3199/2766/3098 3206/2776/3107 3195/2762/3094
f 3205/2775/3106 3199/2766/3098 3194/2765/3097 3208/2774/3105
f 3192/2769/3101 3198/2779/3109 3205/2775/3106 3207/2770/3102
f 3196/2771/3103 3207/2770/3102 3208/2774/3105
f 3205/2775/3106 3208/2774/3105 3207/2770/3102
f 3206/2776/3107 3205/2775/3106 3198/2779/3109
f 3229/2780/3110 3230/2781/3111 3228/2782/3112 3227/2783/3113
f 3227/2783/3113 3228/2782/3112 3212/2784/3114 3210/2785/3115
f 3230/2781/3111 3229/2780/3110 3209/2786/3116 3211/2787/3117
f 3213/2788/3118 3214/2789/3119 3210/2785/3115 3212/2784/3114
f 3210/2785/3115 3214/2789/3119 3221/2790/3120 3227/2783/3113
f 3216/2791/3121 3211/2787/3117 3209/2786/3116 3215/2792/3122
f 3221/2790/3120 3215/2792/3122 3209/2786/3116 3229/2780/3110
f 3232/2793/3123 3225/2794/3124 3215/2792/3122 3221/2790/3120
f 3226/2795/3108 3216/2791/3121 3215/2792/3122 3225/2794/3124
f 3221/2790/3120 3229/2780/3110 3227/2783/3113
f 3225/2794/3124 3232/2793/3123 3231/2796/3125
f 3222/2797/3126 3233/2798/3127 3218/2799/3128 3217/2800/3129
f 3218/2799/3128 3224/2801/3130 3223/2802/3099 3217/2803/3129
f 3234/2804/3131 3222/2797/3126 3219/2805/3132 3220/2806/3133
f 3214/2789/3119 3213/2788/3118 3223/2802/3099 3224/2801/3130
f 3220/2806/3133 3219/2807/3132 3226/2795/3108 3225/2794/3124
f 3231/2796/3125 3224/2801/3130 3218/2799/3128 3233/2798/3127
f 3220/2806/3133 3225/2794/3124 3231/2796/3125 3234/2804/3131
f 3214/2789/3119 3224/2801/3130 3232/2793/3123 3221/2790/3120
f 3232/2793/3123 3224/2801/3130 3231/2796/3125
f 3222/2797/3126 3234/2804/3131 3233/2798/3127
f 3231/2796/3125 3233/2798/3127 3234/2804/3131
f 3235/2808/3134 3236/2809/3135 3247/2810/3136 3248/2811/3137
f 3240/2812/3138 3239/2813/3139 3237/2814/3140 3238/2815/3141
f 3252/2816/3142 3251/2817/3143 3253/2818/3144 3254/2819/3145
f 3241/2820/3146 3242/2821/3147 3236/2809/3135 3235/2808/3134
f 3236/2809/3135 3242/2822/3147 3250/2823/3148 3247/2810/3136
f 3249/2824/3149 3241/2825/3146 3235/2808/3134 3248/2811/3137
f 3244/2826/3150 3243/2827/3151 3238/2815/3141 3237/2814/3140
f 3239/2828/3139 3245/2829/3152 3244/2826/3150 3237/2814/3140
f 3256/2830/3153 3255/2831/3154 3257/2832/3155 3258/2833/3156
f 3246/2834/3157 3240/2835/3138 3238/2815/3141 3243/2827/3151
f 3248/2811/3137 3247/2810/3136 3243/2827/3151 3244/2826/3150
f 3245/2829/3152 3249/2824/3149 3248/2811/3137 3244/2826/3150
f 3255/2831/3154 3256/2830/3153 3254/2819/3145 3253/2818/3144
f 3250/2823/3148 3246/2834/3157 3243/2827/3151 3247/2810/3136
f 3242/2821/3147 3241/2820/3146 3251/2836/3143 3252/2837/3142
f 3241/2825/3146 3249/2824/3149 3253/2818/3144 3251/2817/3143
f 3250/2823/3148 3242/2822/3147 3252/2838/3142 3254/2839/3145
f 3245/2829/3152 3239/2828/3139 3257/2832/3155 3255/2831/3154
f 3239/2813/3139 3240/2812/3138 3258/2840/3156 3257/2841/3155
f 3240/2835/3138 3246/2834/3157 3256/2842/3153 3258/2843/3156
f 3246/2834/3157 3250/2823/3148 3254/2839/3145 3256/2842/3153
f 3249/2824/3149 3245/2829/3152 3255/2831/3154 3253/2818/3144
f 3280/2844/3158 3260/2845/3159 3271/2846/3160 3279/2847/3161
f 3262/2848/3162 3264/2849/3163 3285/2850/3164 3286/2851/3165
f 3282/2852/3166 3274/2853/3167 3266/2854/3168 3281/2855/3169
f 3280/2844/3158 3281/2856/3169 3266/2857/3168 3260/2845/3159
f 3260/2845/3159 3266/2854/3168 3274/2853/3167 3271/2846/3160
f 3272/2858/3170 3273/2859/3171 3265/2860/3172 3259/2861/3173
f 3295/2862/3174 3296/2863/3175 3289/2864/3176 3290/2865/3177
f 3291/2866/3178 3292/2867/3179 3299/2868/3180 3300/2869/3181
f 3293/2870/3182 3294/2871/3183 3297/2872/3184 3298/2873/3185
f 3296/2863/3175 3297/2872/3184 3294/2871/3183 3289/2864/3176
f 3279/2847/3161 3271/2846/3160 3267/2874/3186 3288/2875/3187
f 3269/2876/3188 3273/2877/3171 3272/2858/3170 3268/2878/3189
f 3270/2879/3190 3274/2853/3167 3282/2852/3166 3283/2880/3191
f 3267/2874/3186 3271/2846/3160 3274/2853/3167 3270/2879/3190
f 3287/2881/3192 3275/2882/3193 3262/2848/3162 3286/2851/3165
f 3261/2883/3194 3263/2884/3195 3277/2885/3196 3276/2886/3197
f 3285/2887/3164 3264/2888/3163 3278/2889/3198 3284/2890/3199
f 3278/2889/3198 3264/2888/3163 3262/2848/3162 3275/2882/3193
f 3268/2878/3189 3272/2858/3170 3279/2847/3161 3288/2875/3187
f 3259/2861/3173 3280/2844/3158 3279/2847/3161 3272/2858/3170
f 3259/2861/3173 3265/2860/3172 3281/2856/3169 3280/2844/3158
f 3273/2891/3171 3282/2852/3166 3281/2855/3169 3265/2892/3172
f 3282/2852/3166 3273/2891/3171 3269/2893/3188 3283/2880/3191
f 3292/2894/3179 3293/2870/3182 3298/2873/3185 3299/2895/3180
f 3263/2896/3195 3285/2887/3164 3284/2890/3199 3277/2897/3196
f 3285/2850/3164 3263/2898/3195 3261/2883/3194 3286/2851/3165
f 3276/2886/3197 3287/2881/3192 3286/2851/3165 3261/2883/3194
f 3300/2869/3181 3295/2862/3174 3290/2865/3177 3291/2866/3178
f 3287/2881/3192 3290/2865/3177 3289/2864/3176 3275/2882/3193
f 3276/2886/3197 3291/2866/3178 3290/2865/3177 3287/2881/3192
f 3276/2886/3197 3277/2885/3196 3292/2867/3179 3291/2866/3178
f 3284/2890/3199 3293/2870/3182 3292/2894/3179 3277/2897/3196
f 3278/2889/3198 3294/2871/3183 3293/2870/3182 3284/2890/3199
f 3294/2871/3183 3278/2889/3198 3275/2882/3193 3289/2864/3176
f 3288/2875/3187 3267/2874/3186 3296/2863/3175 3295/2862/3174
f 3267/2874/3186 3270/2879/3190 3297/2872/3184 3296/2863/3175
f 3298/2873/3185 3297/2872/3184 3270/2879/3190 3283/2880/3191
f 3299/2895/3180 3298/2873/3185 3283/2880/3191 3269/2893/3188
f 3299/2868/3180 3269/2876/3188 3268/2878/3189 3300/2869/3181
f 3268/2878/3189 3288/2875/3187 3295/2862/3174 3300/2869/3181
f 3338/2899/3200 3371/2900/3201 3372/2901/3202 3337/2902/3203
f 3337/2902/3203 3372/2901/3202 3373/2903/3204 3336/2904/3205
f 3336/2904/3205 3373/2903/3204 3374/2905/3206 3335/2906/3207
f 3335/2906/3207 3374/2905/3206 3375/2907/3208 3342/2908/3209
f 3342/2908/3209 3375/2907/3208 3376/2909/3210 3341/2910/3211
f 3341/2910/3211 3376/2909/3210 3377/2911/3212 3340/2912/3213
f 3340/2912/3213 3377/2911/3212 3378/2913/3214 3339/2914/3215
f 3339/2914/3215 3378/2913/3214 3371/2900/3201 3338/2899/3200
f 3390/2915/3216 3389/2916/3217 3391/2917/3218
f 3391/2917/3218 3389/2916/3217 3392/2918/3219
f 3392/2918/3219 3389/2916/3217 3393/2919/3220
f 3393/2919/3220 3389/2916/3217 3394/2920/3221
f 3394/2920/3221 3389/2916/3217 3395/2921/3222
f 3395/2921/3222 3389/2916/3217 3396/2922/3223
f 3396/2922/3223 3389/2916/3217 3397/2923/3224
f 3397/2923/3224 3389/2916/3217 3390/2915/3216
f 3318/2924/3225 3317/2925/3226 3351/2926/3227 3352/2927/3228
f 3321/2928/3229 3318/2924/3225 3352/2927/3228 3353/2929/3230
f 3303/2930/3231 3356/2931/3232 3357/2932/3233 3304/2933/3234
f 3304/2933/3234 3357/2932/3233 3358/2934/3235 3305/2935/3236
f 3305/2935/3236 3358/2934/3235 3359/2936/3237 3306/2937/3238
f 3306/2937/3238 3359/2936/3237 3360/2938/3239 3307/2939/3240
f 3307/2939/3240 3360/2938/3239 3361/2940/3241 3308/2941/3242
f 3308/2941/3242 3361/2940/3241 3362/2942/3243 3301/2943/3244
f 3310/2944/3245 3309/2945/3246 3368/2946/3247 3369/2947/3248
f 3311/2948/3249 3310/2944/3245 3369/2947/3248 3370/2949/3250
f 3312/2950/3251 3311/2951/3249 3370/2952/3250 3363/2953/3252
f 3313/2954/3253 3312/2950/3251 3363/2953/3252 3364/2955/3254
f 3314/2956/3255 3313/2957/3253 3364/2958/3254 3365/2959/3256
f 3315/2960/3257 3314/2956/3255 3365/2959/3256 3366/2961/3258
f 3316/2962/3259 3315/2963/3257 3366/2964/3258 3367/2965/3260
f 3309/2966/3246 3316/2962/3259 3367/2965/3260 3368/2967/3247
f 3323/2968/3261 3302/2969/3262 3301/2943/3244 3328/2970/3263
f 3328/2970/3263 3301/2943/3244 3362/2942/3243 3349/2971/3264
f 3327/2972/3265 3309/2945/3246 3310/2944/3245 3326/2973/3266
f 3324/2974/3267 3303/2930/3231 3302/2969/3262 3323/2968/3261
f 3326/2973/3266 3310/2944/3245 3311/2948/3249 3325/2975/3268
f 3303/2930/3231 3324/2974/3267 3355/2976/3269 3356/2931/3232
f 3324/2974/3267 3323/2968/3261 3330/2977/3270 3331/2978/3271
f 3324/2974/3267 3331/2978/3271 3354/2979/3272 3355/2976/3269
f 3326/2973/3266 3325/2975/3268 3332/2980/3273 3333/2981/3274
f 3327/2972/3265 3326/2973/3266 3333/2981/3274 3334/2982/3275
f 3329/2983/3276 3328/2970/3263 3349/2971/3264 3350/2984/3277
f 3330/2977/3270 3323/2968/3261 3328/2970/3263 3329/2983/3276
f 3318/2924/3225 3344/2985/3278 3343/2986/3279 3317/2925/3226
f 3321/2928/3229 3345/2987/3280 3344/2985/3278 3318/2924/3225
f 3345/2987/3280 3321/2928/3229 3353/2929/3230 3379/2988/3281
f 3320/2989/3282 3347/2990/3283 3346/2991/3284 3322/2992/3285
f 3319/2993/3286 3348/2994/3287 3347/2990/3283 3320/2989/3282
f 3351/2926/3227 3317/2925/3226 3343/2986/3279 3380/2995/3288
f 3343/2986/3279 3344/2985/3278 3387/2996/3289 3388/2997/3290
f 3344/2985/3278 3345/2987/3280 3386/2998/3291 3387/2996/3289
f 3379/2988/3281 3385/2999/3292 3386/2998/3291 3345/2987/3280
f 3346/2991/3284 3347/2990/3283 3383/3000/3293 3384/3001/3294
f 3347/2990/3283 3348/2994/3287 3382/3002/3295 3383/3000/3293
f 3343/2986/3279 3388/2997/3290 3381/3003/3296 3380/2995/3288
f 3353/2929/3230 3322/3004/3285 3346/3005/3284 3379/2988/3281
f 3319/2993/3286 3320/2989/3282 3352/3006/3228 3351/3007/3227
f 3320/2989/3282 3322/2992/3285 3353/3008/3230 3352/3006/3228
f 3346/3005/3284 3384/3009/3294 3385/2999/3292 3379/2988/3281
f 3332/3010/3273 3325/3011/3268 3355/2976/3269 3354/2979/3272
f 3325/3011/3268 3311/2951/3249 3356/2931/3232 3355/2976/3269
f 3312/2950/3251 3357/2932/3233 3356/2931/3232 3311/2951/3249
f 3313/2954/3253 3358/2934/3235 3357/2932/3233 3312/2950/3251
f 3314/2956/3255 3359/2936/3237 3358/2934/3235 3313/2957/3253
f 3315/2960/3257 3360/2938/3239 3359/2936/3237 3314/2956/3255
f 3316/2962/3259 3361/2940/3241 3360/2938/3239 3315/2963/3257
f 3309/2966/3246 3362/2942/3243 3361/2940/3241 3316/2962/3259
f 3309/2966/3246 3327/3012/3265 3349/2971/3264 3362/2942/3243
f 3327/3012/3265 3334/3013/3275 3350/2984/3277 3349/2971/3264
f 3381/3003/3296 3382/3014/3295 3348/3015/3287 3380/2995/3288
f 3319/3016/3286 3351/2926/3227 3380/2995/3288 3348/3015/3287
f 3304/2933/3234 3305/2935/3236 3336/2904/3205 3335/2906/3207
f 3305/2935/3236 3306/2937/3238 3337/2902/3203 3336/2904/3205
f 3306/2937/3238 3307/2939/3240 3338/2899/3200 3337/2902/3203
f 3307/2939/3240 3308/2941/3242 3339/2914/3215 3338/2899/3200
f 3308/2941/3242 3301/2943/3244 3340/2912/3213 3339/2914/3215
f 3301/2943/3244 3302/2969/3262 3341/2910/3211 3340/2912/3213
f 3302/2969/3262 3303/2930/3231 3342/2908/3209 3341/2910/3211
f 3303/2930/3231 3304/2933/3234 3335/2906/3207 3342/2908/3209
f 3350/2984/3277 3334/3013/3275 3382/3014/3295 3381/3003/3296
f 3383/3000/3293 3382/3002/3295 3334/2982/3275 3333/2981/3274
f 3384/3001/3294 3383/3000/3293 3333/2981/3274 3332/2980/3273
f 3385/2999/3292 3384/3009/3294 3332/3010/3273 3354/2979/3272
f 3386/2998/3291 3385/2999/3292 3354/2979/3272 3331/2978/3271
f 3387/2996/3289 3386/2998/3291 3331/2978/3271 3330/2977/3270
f 3388/2997/3290 3387/2996/3289 3330/2977/3270 3329/2983/3276
f 3381/3003/3296 3388/2997/3290 3329/2983/3276 3350/2984/3277
f 3372/2901/3202 3371/2900/3201 3390/2915/3216 3391/2917/3218
f 3373/2903/3204 3372/2901/3202 3391/2917/3218 3392/2918/3219
f 3374/2905/3206 3373/2903/3204 3392/2918/3219 3393/2919/3220
f 3375/2907/3208 3374/2905/3206 3393/2919/3220 3394/2920/3221
f 3395/2921/3222 3376/2909/3210 3375/2907/3208 3394/2920/3221
f 3377/2911/3212 3376/2909/3210 3395/2921/3222 3396/2922/3223
f 3378/2913/3214 3377/2911/3212 3396/2922/3223 3397/2923/3224
f 3371/2900/3201 3378/2913/3214 3397/2923/3224 3390/2915/3216
f 3435/2899/3297 3434/2902/3298 3469/2901/3299 3468/2900/3300
f 3434/2902/3298 3433/2904/3301 3470/2903/3302 3469/2901/3299
f 3433/2904/3301 3432/2906/3303 3471/2905/3304 3470/2903/3302
f 3432/2906/3303 3439/2908/3305 3472/2907/3306 3471/2905/3304
f 3439/2908/3305 3438/2910/3307 3473/2909/3308 3472/2907/3306
f 3438/2910/3307 3437/2912/3309 3474/2911/3310 3473/2909/3308
f 3437/2912/3309 3436/2914/3311 3475/2913/3312 3474/2911/3310
f 3436/2914/3311 3435/2899/3297 3468/2900/3300 3475/2913/3312
f 3487/2915/3313 3488/2917/3314 3486/2916/3315
f 3488/2917/3314 3489/2918/3316 3486/2916/3315
f 3489/2918/3316 3490/2919/3317 3486/2916/3315
f 3490/2919/3317 3491/2920/3318 3486/2916/3315
f 3491/2920/3318 3492/2921/3319 3486/2916/3315
f 3492/2921/3319 3493/2922/3320 3486/2916/3315
f 3493/2922/3320 3494/2923/3321 3486/2916/3315
f 3494/2923/3321 3487/2915/3313 3486/2916/3315
f 3415/2924/3322 3449/2927/3323 3448/2926/3324 3414/2925/3325
f 3418/2928/3326 3450/2929/3327 3449/2927/3323 3415/2924/3322
f 3400/2930/3328 3401/2933/3329 3454/2932/3330 3453/2931/3331
f 3401/2933/3329 3402/2935/3332 3455/2934/3333 3454/2932/3330
f 3402/2935/3332 3403/2937/3334 3456/2936/3335 3455/2934/3333
f 3403/2937/3334 3404/2939/3336 3457/2938/3337 3456/2936/3335
f 3404/2939/3336 3405/2941/3338 3458/2940/3339 3457/2938/3337
f 3405/2941/3338 3398/2943/3340 3459/2942/3341 3458/2940/3339
f 3407/2944/3342 3466/2947/3343 3465/2946/3344 3406/2945/3345
f 3408/2948/3346 3467/2949/3347 3466/2947/3343 3407/2944/3342
f 3409/2950/3348 3460/2953/3349 3467/2952/3347 3408/2951/3346
f 3410/2954/3350 3461/2955/3351 3460/2953/3349 3409/2950/3348
f 3411/2956/3352 3462/2959/3353 3461/2958/3351 3410/2957/3350
f 3412/2960/3354 3463/2961/3355 3462/2959/3353 3411/2956/3352
f 3413/2962/3356 3464/2965/3357 3463/2964/3355 3412/2963/3354
f 3406/2966/3345 3465/2967/3344 3464/2965/3357 3413/2962/3356
f 3420/2968/3358 3425/2970/3359 3398/2943/3340 3399/2969/3360
f 3425/2970/3359 3446/2971/3361 3459/2942/3341 3398/2943/3340
f 3424/2972/3362 3423/2973/3363 3407/2944/3342 3406/2945/3345
f 3421/2974/3364 3420/2968/3358 3399/2969/3360 3400/2930/3328
f 3423/2973/3363 3422/2975/3365 3408/2948/3346 3407/2944/3342
f 3400/2930/3328 3453/2931/3331 3452/2976/3366 3421/2974/3364
f 3421/2974/3364 3428/2978/3367 3427/2977/3368 3420/2968/3358
f 3421/2974/3364 3452/2976/3366 3451/2979/3369 3428/2978/3367
f 3423/2973/3363 3430/2981/3370 3429/2980/3371 3422/2975/3365
f 3424/2972/3362 3431/2982/3372 3430/2981/3370 3423/2973/3363
f 3426/2983/3373 3447/2984/3374 3446/2971/3361 3425/2970/3359
f 3427/2977/3368 3426/2983/3373 3425/2970/3359 3420/2968/3358
f 3415/2924/3322 3414/2925/3325 3440/2986/3375 3441/2985/3376
f 3418/2928/3326 3415/2924/3322 3441/2985/3376 3442/2987/3377
f 3442/2987/3377 3476/2988/3378 3450/2929/3327 3418/2928/3326
f 3417/2989/3379 3419/2992/3380 3443/2991/3381 3444/2990/3382
f 3416/2993/3383 3417/2989/3379 3444/2990/3382 3445/2994/3384
f 3448/2926/3324 3477/2995/3385 3440/2986/3375 3414/2925/3325
f 3440/2986/3375 3485/2997/3386 3484/2996/3387 3441/2985/3376
f 3441/2985/3376 3484/2996/3387 3483/2998/3388 3442/2987/3377
f 3476/2988/3378 3442/2987/3377 3483/2998/3388 3482/2999/3389
f 3443/2991/3381 3481/3001/3390 3480/3000/3391 3444/2990/3382
f 3444/2990/3382 3480/3000/3391 3479/3002/3392 3445/2994/3384
f 3440/2986/3375 3477/2995/3385 3478/3003/3393 3485/2997/3386
f 3450/2929/3327 3476/2988/3378 3443/3005/3381 3419/3004/3380
f 3416/2993/3383 3448/3007/3324 3449/3006/3323 3417/2989/3379
f 3417/2989/3379 3449/3006/3323 3450/3008/3327 3419/2992/3380
f 3443/3005/3381 3476/2988/3378 3482/2999/3389 3481/3009/3390
f 3429/3010/3371 3451/2979/3369 3452/2976/3366 3422/3011/3365
f 3422/3011/3365 3452/2976/3366 3453/2931/3331 3408/2951/3346
f 3409/2950/3348 3408/2951/3346 3453/2931/3331 3454/2932/3330
f 3410/2954/3350 3409/2950/3348 3454/2932/3330 3455/2934/3333
f 3411/2956/3352 3410/2957/3350 3455/2934/3333 3456/2936/3335
f 3412/2960/3354 3411/2956/3352 3456/2936/3335 3457/2938/3337
f 3413/2962/3356 3412/2963/3354 3457/2938/3337 3458/2940/3339
f 3406/2966/3345 3413/2962/3356 3458/2940/3339 3459/2942/3341
f 3406/2966/3345 3459/2942/3341 3446/2971/3361 3424/3012/3362
f 3424/3012/3362 3446/2971/3361 3447/2984/3374 3431/3013/3372
f 3478/3003/3393 3477/2995/3385 3445/3015/3384 3479/3014/3392
f 3416/3016/3383 3445/3015/3384 3477/2995/3385 3448/2926/3324
f 3401/2933/3329 3432/2906/3303 3433/2904/3301 3402/2935/3332
f 3402/2935/3332 3433/2904/3301 3434/2902/3298 3403/2937/3334
f 3403/2937/3334 3434/2902/3298 3435/2899/3297 3404/2939/3336
f 3404/2939/3336 3435/2899/3297 3436/2914/3311 3405/2941/3338
f 3405/2941/3338 3436/2914/3311 3437/2912/3309 3398/2943/3340
f 3398/2943/3340 3437/2912/3309 3438/2910/3307 3399/2969/3360
f 3399/2969/3360 3438/2910/3307 3439/2908/3305 3400/2930/3328
f 3400/2930/3328 3439/2908/3305 3432/2906/3303 3401/2933/3329
f 3447/2984/3374 3478/3003/3393 3479/3014/3392 3431/3013/3372
f 3480/3000/3391 3430/2981/3370 3431/2982/3372 3479/3002/3392
f 3481/3001/3390 3429/2980/3371 3430/2981/3370 3480/3000/3391
f 3482/2999/3389 3451/2979/3369 3429/3010/3371 3481/3009/3390
f 3483/2998/3388 3428/2978/3367 3451/2979/3369 3482/2999/3389
f 3484/2996/3387 3427/2977/3368 3428/2978/3367 3483/2998/3388
f 3485/2997/3386 3426/2983/3373 3427/2977/3368 3484/2996/3387
f 3478/3003/3393 3447/2984/3374 3426/2983/3373 3485/2997/3386
f 3469/2901/3299 3488/2917/3314 3487/2915/3313 3468/2900/3300
f 3470/2903/3302 3489/2918/3316 3488/2917/3314 3469/2901/3299
f 3471/2905/3304 3490/2919/3317 3489/2918/3316 3470/2903/3302
f 3472/2907/3306 3491/2920/3318 3490/2919/3317 3471/2905/3304
f 3492/2921/3319 3491/2920/3318 3472/2907/3306 3473/2909/3308
f 3474/2911/3310 3493/2922/3320 3492/2921/3319 3473/2909/3308
f 3475/2913/3312 3494/2923/3321 3493/2922/3320 3474/2911/3310
f 3468/2900/3300 3487/2915/3313 3494/2923/3321 3475/2913/3312
f 2951/3017/2851 3496/2519/2868 3495/2575/2923 2913/3018/2852
f 2951/3017/2851 2952/2516/2866 3497/2520/2869 3496/2519/2868
f 2952/2516/2866 2932/2456/2809 3498/2543/2892 3497/2520/2869
f 3499/2544/2893 3498/2543/2892 2932/2456/2809 2912/2455/2808
f 3501/2503/2854 3500/2502/2853 2923/2499/2850 2950/2498/2849
f 3502/2517/2867 3501/2503/2854 2950/2498/2849 2953/2515/2865
f 3503/2457/2810 3502/2517/2867 2953/2515/2865 2933/2459/2812
f 2922/2458/2811 3504/2454/2807 3503/2457/2810 2933/2459/2812
f 889/3019/3394 855/3020/3395 854/3021/3396 890/3022/3397
f 888/3023/3398 857/3024/3399 855/3020/3395 889/3019/3394
f 888/3023/3398 887/416/846 856/417/847 857/3024/3399
f 890/3022/3397 854/3021/3396 862/3025/3400 876/3026/3401
f 876/3026/3401 862/3025/3400 860/3027/3402 891/3028/3403
f 887/416/846 888/3023/3398 889/3019/3394 892/3029/3404
f 892/3029/3404 875/412/842 886/414/844 887/416/846
f 892/3029/3404 889/3019/3394 890/3022/3397 876/3026/3401
f 926/3030/3405 927/3031/3406 897/3032/3407 898/3033/3395
f 925/3034/3408 926/3030/3405 898/3033/3395 900/3035/3399
f 925/3034/3408 900/3035/3399 899/3036/847 924/3037/3409
f 924/3037/3409 899/3036/847 896/443/870 923/442/869
f 927/3031/3406 915/3038/3410 905/3039/3411 897/3032/3407
f 915/3038/3410 928/3040/3412 903/3041/3413 905/3039/3411
f 925/3034/3408 924/3037/3409 929/3042/3414 926/3030/3405
f 875/412/842 892/3029/3404 893/3043/3415 869/418/848
f 876/3026/3401 891/3028/3403 894/3044/3416 870/3045/3417
f 876/3026/3401 870/3045/3417 893/3043/3415 892/3029/3404
f 894/3044/3418 871/3046/3419 870/3045/3419
f 914/440/867 869/444/848 893/3047/3415 929/3042/3414
f 930/3048/3420 928/3040/3412 915/3038/3410 870/3049/3417
f 915/3038/3410 929/3042/3414 893/3047/3415 870/3049/3417
f 930/3048/3421 870/3049/3419 871/3050/3419
f 923/442/869 914/440/867 929/3042/3414 924/3037/3409
f 927/3031/3406 926/3030/3405 929/3042/3414 915/3038/3410
f 2241/3051/3422 2378/1787/2177 2342/1694/2087 2252/1693/2086
f 2253/390/2082 2235/392/3423 2293/3052/3424 2292/1691/2083
f 2252/1693/2086 2292/1691/2083 2293/3052/3424 2241/3051/3422
f 2400/1833/2217 2379/1788/2178 2240/3053/3425 2316/1919/2300
f 2378/1787/2177 2241/3051/3422 2240/3053/3425 2379/1788/2178
f 2499/3054/3426 2500/3055/3427 2387/1800/2190 2338/1803/2193
f 2509/1911/1847 2510/3056/3428 2507/3057/3429 2506/1908/2291
f 2499/3054/3426 2338/1803/2193 2506/1908/2291 2507/3057/3429
f 2314/3058/3430 2315/1924/2303 2294/3059/3431 3508/403/3432
f 2294/3059/3431 2293/3052/3424 2235/392/3423 2236/402/3433
f 2294/3059/3431 2240/3053/3425 2241/3051/3422 2293/3052/3424
f 2294/3059/3431 2315/1924/2303 2316/1919/2300 2240/3053/3425
f 2396/1916/2297 2398/1915/2296 2315/1924/2303 2314/3058/3430
f 2509/1922/1847 2502/1921/2302 2508/3060/3434 2510/3061/3428
f 2314/3058/3430 2508/3060/3434 2502/1921/2302 2396/1916/2297
f 2290/3062/3435 3507/399/3436 2337/394/2311 2377/1931/2310
f 2501/2061/2426 2435/1680/2071 2387/1800/2190 2500/3055/3427
f 2177/2057/2422 2217/3063/3437 2388/1998/2367 2178/1996/2365
f 2512/2059/2424 2176/2058/2423 2501/2061/2426 2513/3064/3438
f 2388/1998/2367 2217/3063/3437 2389/1933/2313 2443/1932/2312
f 2217/3063/3437 2290/3062/3435 2377/1931/2310 2389/1933/2313
f 2513/3064/3438 2501/2061/2426 2500/3055/3427 2290/3062/3435
f 2568/2062/2427 2569/3065/3439 2217/3063/3437 2177/2057/2422
f 2290/3062/3435 2217/3063/3437 2569/3065/3439 2513/3064/3438
f 2569/3065/3439 2568/2062/2427 2512/2059/2424 2513/3064/3438
f 3508/403/3432 2294/3059/3431 2236/402/3433
f 3507/399/3436 2290/3062/3435 2500/3055/3427 2499/3054/3426
f 3505/397/3440 3507/399/3436 2499/3054/3426 2507/3057/3429
f 3506/398/795 3505/397/3440 2507/3057/3429 2510/3056/3428
f 3509/401/3441 3506/400/795 2510/3061/3428 2508/3060/3434
f 3509/401/3441 2508/3060/3434 2314/3058/3430 3508/403/3432
f 1785/3066/3442 1924/1306/1724 1945/1355/1769 1861/3067/3443
f 1923/1305/1723 1924/1306/1724 1785/3066/3442 1786/1308/1726
f 1932/1320/1739 2045/3068/3444 2044/3069/3445 1883/1321/1740
f 3511/346/3446 3510/348/3428 2055/3070/3428 2052/3071/3447
f 2052/3071/3447 2055/3070/3428 2054/1434/1847 2051/1433/1846
f 3512/347/3448 3511/346/3446 2052/3071/3447 2044/3069/3445
f 2051/1433/1846 1883/1321/1740 2044/3069/3445 2052/3071/3447
f 3513/349/3449 1839/3072/3450 1860/3073/3451 1859/3074/3452
f 1839/3072/3450 1781/345/3453 1780/340/1728 1838/1309/1727
f 1839/3072/3450 1838/1309/1727 1786/1308/1726 1785/3066/3442
f 1839/3072/3450 1785/3066/3442 1861/3067/3443 1860/3073/3451
f 3510/343/3428 3514/344/3454 2053/3075/3455 2055/3076/3428
f 3514/344/3454 3513/349/3449 1859/3074/3452 2053/3075/3455
f 1861/3067/3443 1945/1355/1769 1989/1374/1788 1944/1442/1854
f 1941/1440/1852 1859/3074/3452 1860/3073/3451 1943/1441/1853
f 1861/3067/3443 1944/1442/1854 1943/1441/1853 1860/3073/3451
f 2054/1446/1847 2055/3076/3428 2053/3075/3455 2047/1447/1857
f 1859/3074/3452 1941/1440/1852 2047/1447/1857 2053/3075/3455
f 1922/3077/3456 1836/1207/1628 1779/341/1627 1882/342/3457
f 1835/3078/3458 1922/3077/3456 1882/342/3457 3512/347/3448
f 1835/3078/3458 3512/347/3448 2044/3069/3445 2045/3068/3444
f 1787/1210/1631 1934/3079/3459 1988/1542/1945 1879/1211/1632
f 1836/1207/1628 1922/3077/3456 1934/3079/3459 1787/1210/1631
f 2046/3080/3460 2045/3068/3444 1932/1320/1739 1980/1189/1608
f 1722/1595/1994 1723/1530/1933 1933/1532/1935 1762/3081/3461
f 2057/1598/1997 2058/3082/3462 2046/3080/3460 1721/1599/1998
f 1980/1189/1608 1720/1187/1606 1721/1599/1998 2046/3080/3460
f 1933/1532/1935 1988/1542/1945 1934/3079/3459 1762/3081/3461
f 1762/3081/3461 1934/3079/3459 1922/3077/3456 1835/3078/3458
f 2058/3082/3462 1835/3078/3458 2045/3068/3444 2046/3080/3460
f 1762/3081/3461 2114/3083/3463 2113/1600/1999 1722/1595/1994
f 1835/3078/3458 2058/3082/3462 2114/3083/3463 1762/3081/3461
f 2057/1598/1997 2113/1600/1999 2114/3083/3463 2058/3082/3462
f 1839/3072/3450 3513/349/3449 1781/345/3453
usemtl Interior_SG
f 3515/3084/3464 3516/3085/3465 3544/3086/3466 3545/3087/3467
f 3519/3088/3468 3520/3089/3469 3540/3090/3470 3541/3091/3471
f 3520/3089/3469 3521/3092/3472 3539/3093/3473 3540/3090/3470
f 3521/3092/3472 3522/3094/3474 3546/3095/3475 3539/3093/3473
f 3522/3094/3474 3515/3084/3464 3545/3087/3467 3546/3095/3475
f 3532/3096/3476 3531/3097/3477 3529/3098/3478 3528/3099/927
f 3533/3100/3479 3532/3096/3476 3528/3099/927 3527/3101/3480
f 3531/3097/3477 3532/3096/3476 3540/3090/3470 3539/3093/3473
f 3532/3096/3476 3533/3100/3479 3541/3091/3471 3540/3090/3470
f 3546/3102/3475 3545/3103/3467 3631/3104/3481 3632/3105/3482
f 3523/3106/3483 3524/3107/3484 3556/3108/3485 3555/3109/3486
f 3526/3110/3487 3527/3101/3480 3559/3111/3488 3558/3112/3489
f 3527/3101/3480 3528/3099/927 3560/3113/3490 3559/3111/3488
f 3528/3099/927 3529/3098/3478 3561/3114/3491 3560/3113/3490
f 3529/3098/3478 3530/3115/3492 3562/3116/3493 3561/3114/3491
f 3530/3115/3492 3622/3117/3494 3623/3118/3495 3562/3116/3493
f 3570/3119/3496 3569/3120/3497 3551/3121/3498 3552/3122/3499
f 3552/3122/3499 3554/3123/3500 3567/3124/3501 3570/3119/3496
f 3555/3109/3486 3556/3108/3485 3584/3125/3502 3585/3126/3503
f 3556/3108/3485 3557/3127/3504 3583/3128/3505 3584/3125/3502
f 3557/3127/3504 3616/3129/3506 3617/3130/3507 3583/3128/3505
f 3558/3112/3489 3559/3111/3488 3581/3131/3508 3582/3132/3509
f 3559/3111/3488 3560/3113/3490 3580/3133/3510 3581/3131/3508
f 3560/3113/3490 3561/3114/3491 3587/3134/3511 3580/3133/3510
f 3561/3114/3491 3562/3116/3493 3586/3135/3512 3587/3134/3511
f 3562/3116/3493 3623/3118/3495 3624/3136/3513 3586/3135/3512
f 3571/3137/3514 3572/3138/3515 3579/3139/3516
f 3572/3138/3515 3573/3140/3517 3579/3139/3516
f 3573/3140/3517 3618/3141/3518 3574/3142/3519 3579/3139/3516
f 3574/3142/3519 3575/3143/3520 3579/3139/3516
f 3575/3143/3520 3576/3144/3521 3579/3139/3516
f 3576/3144/3521 3577/3145/3522 3579/3139/3516
f 3577/3145/3522 3578/3146/3523 3579/3139/3516
f 3578/3146/3523 3625/3147/3524 3571/3137/3514 3579/3139/3516
f 3581/3131/3508 3580/3133/3510 3576/3144/3521 3575/3143/3520
f 3582/3132/3509 3581/3131/3508 3575/3143/3520 3574/3142/3519
f 3583/3128/3505 3617/3130/3507 3618/3141/3518 3573/3140/3517
f 3584/3125/3502 3583/3128/3505 3573/3140/3517 3572/3138/3515
f 3585/3126/3503 3584/3125/3502 3572/3138/3515 3571/3137/3514
f 3586/3135/3512 3624/3136/3513 3625/3147/3524 3578/3146/3523
f 3587/3134/3511 3586/3135/3512 3578/3146/3523 3577/3145/3522
f 3580/3133/3510 3587/3134/3511 3577/3145/3522 3576/3144/3521
f 3516/3085/3465 3515/3084/3464 3588/3148/3525 3589/3149/3526
f 3517/3150/3527 3516/3151/3465 3589/3152/3526 3590/3153/3528
f 3518/3154/3529 3517/3150/3527 3590/3153/3528 3591/3155/3530
f 3519/3088/3468 3518/3154/3529 3591/3155/3530 3592/3156/3531
f 3520/3089/3469 3519/3088/3468 3592/3156/3531 3593/3157/3532
f 3521/3092/3472 3520/3089/3469 3593/3157/3532 3594/3158/3533
f 3522/3094/3474 3521/3092/3472 3594/3158/3533 3595/3159/3534
f 3515/3084/3464 3522/3094/3474 3595/3159/3534 3588/3148/3525
f 3589/3149/3526 3588/3148/3525 3596/3160/3535 3597/3161/3536
f 3590/3153/3528 3589/3152/3526 3597/3162/3536 3598/3163/3537
f 3591/3155/3530 3590/3153/3528 3598/3163/3537 3599/3164/3538
f 3592/3156/3531 3591/3155/3530 3599/3164/3538 3600/3165/3539
f 3593/3157/3532 3592/3156/3531 3600/3165/3539 3601/3166/3540
f 3594/3158/3533 3593/3157/3532 3601/3166/3540 3602/3167/3541
f 3595/3159/3534 3594/3158/3533 3602/3167/3541 3603/3168/3542
f 3588/3148/3525 3595/3159/3534 3603/3168/3542 3596/3160/3535
f 3597/3161/3536 3596/3160/3535 3604/3169/3543 3605/3170/3544
f 3598/3163/3537 3597/3162/3536 3605/3171/3544 3606/3172/3545
f 3599/3164/3538 3598/3163/3537 3606/3172/3545 3607/3173/3546
f 3600/3165/3539 3599/3164/3538 3607/3173/3546 3608/3174/3547
f 3601/3166/3540 3600/3165/3539 3608/3174/3547 3609/3175/3476
f 3602/3167/3541 3601/3166/3540 3609/3175/3476 3610/3176/3548
f 3603/3168/3542 3602/3167/3541 3610/3176/3548 3611/3177/3549
f 3596/3160/3535 3603/3168/3542 3611/3177/3549 3604/3169/3543
f 3617/3130/3507 3616/3129/3506 3558/3112/3489 3582/3132/3509
f 3618/3141/3518 3617/3130/3507 3582/3132/3509 3574/3142/3519
f 3623/3118/3495 3622/3117/3494 3523/3106/3483 3555/3109/3486
f 3624/3136/3513 3623/3118/3495 3555/3109/3486 3585/3126/3503
f 3625/3147/3524 3624/3136/3513 3585/3126/3503 3571/3137/3514
f 3544/3178/3466 3516/3151/3465 3517/3150/3527 3543/3179/3550
f 3543/3179/3550 3517/3150/3527 3518/3154/3529 3542/3180/3551
f 3542/3180/3551 3518/3154/3529 3519/3088/3468 3541/3091/3471
f 3526/3181/3487 3534/3182/3552 3533/3100/3479 3527/3101/3480
f 3525/3183/3553 3535/3184/3554 3614/3185/3555 3615/3186/3556
f 3536/3187/3544 3535/3188/3554 3525/3189/3553 3524/3190/3484
f 3541/3091/3471 3533/3100/3479 3534/3182/3552 3542/3180/3551
f 3544/3178/3466 3543/3179/3550 3535/3188/3554 3536/3187/3544
f 3627/3191/3557 3626/3192/3558 3564/3193/3559 3565/3194/3560
f 3626/3192/3558 3628/3195/3561 3563/3196/3562 3564/3193/3559
f 3566/3197/3563 3613/3198/3564 3614/3185/3555 3629/3199/3565
f 3629/3199/3565 3627/3200/3557 3565/3201/3560 3566/3197/3563
f 3556/3108/3485 3524/3107/3484 3525/3202/3553 3557/3127/3504
f 3557/3127/3504 3525/3202/3553 3615/3203/3556 3616/3129/3506
f 3564/3193/3559 3563/3196/3562 3549/3204/3566 3547/3205/3567
f 3548/3206/3568 3565/3194/3560 3564/3193/3559 3547/3205/3567
f 3565/3201/3560 3548/3207/3568 3550/3208/3569 3566/3197/3563
f 3613/3198/3564 3566/3197/3563 3550/3208/3569 3612/3209/3570
f 3563/3196/3562 3613/3198/3564 3612/3209/3570 3549/3204/3566
f 3628/3195/3561 3614/3185/3555 3613/3198/3564 3563/3196/3562
f 3526/3210/3487 3615/3186/3556 3614/3185/3555 3534/3211/3552
f 3558/3112/3489 3616/3129/3506 3615/3203/3556 3526/3110/3487
f 3629/3199/3565 3614/3185/3555 3535/3184/3554
f 3627/3200/3557 3629/3199/3565 3535/3184/3554 3543/3212/3550
f 3626/3192/3558 3627/3191/3557 3543/3213/3550 3542/3214/3551
f 3628/3195/3561 3626/3192/3558 3542/3214/3551 3534/3211/3552
f 3614/3185/3555 3628/3195/3561 3534/3211/3552
f 3632/3105/3482 3631/3104/3481 3569/3120/3497 3570/3119/3496
f 3523/3215/3483 3537/3216/3571 3536/3217/3544 3524/3218/3484
f 3530/3219/3492 3538/3220/3572 3621/3221/3573 3622/3222/3494
f 3531/3097/3477 3538/3223/3572 3530/3224/3492 3529/3098/3478
f 3537/3216/3571 3545/3087/3467 3544/3086/3466 3536/3217/3544
f 3538/3223/3572 3531/3097/3477 3539/3093/3473 3546/3095/3475
f 3631/3225/3481 3545/3226/3467 3537/3227/3571 3630/3228/3574
f 3621/3221/3573 3633/3229/3575 3567/3124/3501 3620/3230/3576
f 3632/3105/3482 3633/3229/3575 3538/3220/3572 3546/3102/3475
f 3619/3231/3577 3620/3230/3576 3567/3124/3501 3554/3123/3500
f 3553/3232/3578 3551/3233/3498 3569/3234/3497 3568/3235/3579
f 3553/3232/3578 3568/3235/3579 3620/3230/3576 3619/3231/3577
f 3621/3221/3573 3630/3228/3574 3537/3227/3571
f 3523/3236/3483 3622/3222/3494 3621/3221/3573 3537/3227/3571
f 3569/3234/3497 3631/3225/3481 3630/3228/3574 3568/3235/3579
f 3570/3119/3496 3567/3124/3501 3633/3229/3575 3632/3105/3482
f 3621/3221/3573 3620/3230/3576 3568/3235/3579 3630/3228/3574
f 3633/3229/3575 3621/3221/3573 3538/3220/3572
f 3635/3237/3547 3634/3238/3580 3650/3239/3581 3651/3240/3582
f 3636/3241/3583 3635/3237/3547 3651/3240/3582 3652/3242/3584
f 3637/3243/3476 3636/3241/3583 3652/3242/3584 3653/3244/3585
f 3638/3245/3586 3637/3246/3476 3653/3247/3585 3654/3248/3587
f 3639/3249/3548 3638/3245/3586 3654/3248/3587 3655/3250/3588
f 3640/3251/3589 3639/3249/3548 3655/3250/3588 3656/3252/3590
f 3641/3253/3549 3640/3251/3589 3656/3252/3590 3657/3254/3591
f 3642/3255/3592 3641/3253/3549 3657/3254/3591 3658/3256/3593
f 3643/3257/3543 3642/3255/3592 3658/3256/3593 3659/3258/3594
f 3644/3259/3595 3643/3257/3543 3659/3258/3594 3660/3260/3596
f 3645/3261/3544 3644/3259/3595 3660/3260/3596 3661/3262/3597
f 3646/3263/3598 3645/3261/3544 3661/3262/3597 3662/3264/3599
f 3647/3265/3545 3646/3263/3598 3662/3264/3599 3663/3266/3600
f 3648/3267/3601 3647/3265/3545 3663/3266/3600 3664/3268/3602
f 3649/3269/3546 3648/3267/3601 3664/3268/3602 3665/3270/3603
f 3634/3238/3580 3649/3269/3546 3665/3270/3603 3650/3239/3581
f 3651/3240/3582 3650/3239/3581 3666/3271/3604 3667/3272/3605
f 3652/3242/3584 3651/3240/3582 3667/3272/3605 3668/3273/3606
f 3653/3244/3585 3652/3242/3584 3668/3273/3606 3669/3274/3607
f 3654/3248/3587 3653/3247/3585 3669/3275/3607 3670/3276/3608
f 3655/3250/3588 3654/3248/3587 3670/3276/3608 3671/3277/3609
f 3656/3252/3590 3655/3250/3588 3671/3277/3609 3672/3278/3610
f 3657/3254/3591 3656/3252/3590 3672/3278/3610 3673/3279/3611
f 3658/3256/3593 3657/3254/3591 3673/3279/3611 3674/3280/3612
f 3659/3258/3594 3658/3256/3593 3674/3280/3612 3675/3281/3613
f 3660/3260/3596 3659/3258/3594 3675/3281/3613 3676/3282/3614
f 3661/3262/3597 3660/3260/3596 3676/3282/3614 3677/3283/2597
f 3662/3264/3599 3661/3262/3597 3677/3283/2597 3678/3284/3615
f 3663/3266/3600 3662/3264/3599 3678/3284/3615 3679/3285/3616
f 3664/3268/3602 3663/3266/3600 3679/3285/3616 3680/3286/3617
f 3665/3270/3603 3664/3268/3602 3680/3286/3617 3681/3287/3618
f 3650/3239/3581 3665/3270/3603 3681/3287/3618 3666/3271/3604
f 3667/3272/3605 3666/3271/3604 3682/3288/3619 3683/3289/3620
f 3668/3273/3606 3667/3272/3605 3683/3289/3620 3684/3290/3621
f 3669/3274/3607 3668/3273/3606 3684/3290/3621 3685/3291/3622
f 3670/3276/3608 3669/3275/3607 3685/3292/3622 3686/3293/3623
f 3671/3277/3609 3670/3276/3608 3686/3293/3623 3687/3294/3624
f 3672/3278/3610 3671/3277/3609 3687/3294/3624 3688/3295/3625
f 3673/3279/3611 3672/3278/3610 3688/3295/3625 3689/3296/3626
f 3674/3280/3612 3673/3279/3611 3689/3296/3626 3690/3297/3627
f 3675/3281/3613 3674/3280/3612 3690/3297/3627 3691/3298/3628
f 3676/3282/3614 3675/3281/3613 3691/3298/3628 3692/3299/3629
f 3677/3283/2597 3676/3282/3614 3692/3299/3629 3693/3300/3630
f 3678/3284/3615 3677/3283/2597 3693/3300/3630 3694/3301/3631
f 3679/3285/3616 3678/3284/3615 3694/3301/3631 3695/3302/3632
f 3680/3286/3617 3679/3285/3616 3695/3302/3632 3696/3303/3633
f 3681/3287/3618 3680/3286/3617 3696/3303/3633 3697/3304/3634
f 3666/3271/3604 3681/3287/3618 3697/3304/3634 3682/3288/3619
f 3683/3289/3620 3682/3288/3619 3698/3305/3592 3699/3306/3543
f 3684/3290/3621 3683/3289/3620 3699/3306/3543 3700/3307/3635
f 3685/3291/3622 3684/3290/3621 3700/3307/3635 3701/3308/3544
f 3686/3293/3623 3685/3292/3622 3701/3309/3544 3702/3310/3598
f 3687/3294/3624 3686/3293/3623 3702/3310/3598 3703/3311/3545
f 3688/3295/3625 3687/3294/3624 3703/3311/3545 3704/3312/3601
f 3689/3296/3626 3688/3295/3625 3704/3312/3601 3705/3313/3546
f 3690/3297/3627 3689/3296/3626 3705/3313/3546 3706/3314/3580
f 3691/3298/3628 3690/3297/3627 3706/3314/3580 3707/3315/3547
f 3692/3299/3629 3691/3298/3628 3707/3315/3547 3708/3316/3583
f 3693/3300/3630 3692/3299/3629 3708/3316/3583 3709/3317/3476
f 3694/3301/3631 3693/3300/3630 3709/3317/3476 3710/3318/3636
f 3695/3302/3632 3694/3301/3631 3710/3318/3636 3711/3319/3548
f 3696/3303/3633 3695/3302/3632 3711/3319/3548 3712/3320/3589
f 3697/3304/3634 3696/3303/3633 3712/3320/3589 3713/3321/3549
f 3682/3288/3619 3697/3304/3634 3713/3321/3549 3698/3305/3592
f 3699/3306/3543 3698/3305/3592 3714/3322/3637 3715/3323/3638
f 3700/3307/3635 3699/3306/3543 3715/3323/3638 3716/3324/3639
f 3701/3308/3544 3700/3307/3635 3716/3324/3639 3717/3325/3640
f 3702/3310/3598 3701/3309/3544 3717/3326/3640 3718/3327/3641
f 3703/3311/3545 3702/3310/3598 3718/3327/3641 3719/3328/3642
f 3704/3312/3601 3703/3311/3545 3719/3328/3642 3720/3329/3643
f 3705/3313/3546 3704/3312/3601 3720/3329/3643 3721/3330/3644
f 3706/3314/3580 3705/3313/3546 3721/3330/3644 3722/3331/3645
f 3707/3315/3547 3706/3314/3580 3722/3331/3645 3723/3332/3646
f 3708/3316/3583 3707/3315/3547 3723/3332/3646 3724/3333/3647
f 3709/3317/3476 3708/3316/3583 3724/3333/3647 3725/3334/3648
f 3710/3318/3636 3709/3317/3476 3725/3334/3648 3726/3335/3649
f 3711/3319/3548 3710/3318/3636 3726/3335/3649 3727/3336/3650
f 3712/3320/3589 3711/3319/3548 3727/3336/3650 3728/3337/3651
f 3713/3321/3549 3712/3320/3589 3728/3337/3651 3729/3338/3652
f 3698/3305/3592 3713/3321/3549 3729/3338/3652 3714/3322/3637
f 3715/3323/3638 3714/3322/3637 3730/3339/3653 3731/3340/3654
f 3716/3324/3639 3715/3323/3638 3731/3340/3654 3732/3341/3655
f 3717/3325/3640 3716/3324/3639 3732/3341/3655 3733/3342/3656
f 3718/3327/3641 3717/3326/3640 3733/3343/3656 3734/3344/3657
f 3719/3328/3642 3718/3327/3641 3734/3344/3657 3735/3345/3658
f 3720/3329/3643 3719/3328/3642 3735/3345/3658 3736/3346/3659
f 3721/3330/3644 3720/3329/3643 3736/3346/3659 3737/3347/3660
f 3722/3331/3645 3721/3330/3644 3737/3347/3660 3738/3348/3661
f 3723/3332/3646 3722/3331/3645 3738/3348/3661 3739/3349/3662
f 3724/3333/3647 3723/3332/3646 3739/3349/3662 3740/3350/3663
f 3725/3334/3648 3724/3333/3647 3740/3350/3663 3741/3351/3664
f 3726/3335/3649 3725/3334/3648 3741/3351/3664 3742/3352/3665
f 3727/3336/3650 3726/3335/3649 3742/3352/3665 3743/3353/3666
f 3728/3337/3651 3727/3336/3650 3743/3353/3666 3744/3354/3667
f 3729/3338/3652 3728/3337/3651 3744/3354/3667 3745/3355/3668
f 3714/3322/3637 3729/3338/3652 3745/3355/3668 3730/3339/3653
f 3731/3340/3654 3730/3339/3653 3746/3356/3669 3747/3357/3670
f 3732/3341/3655 3731/3340/3654 3747/3357/3670 3748/3358/3671
f 3733/3342/3656 3732/3341/3655 3748/3358/3671 3749/3359/3672
f 3734/3344/3657 3733/3343/3656 3749/3360/3672 3750/3361/3673
f 3735/3345/3658 3734/3344/3657 3750/3361/3673 3751/3362/3674
f 3736/3346/3659 3735/3345/3658 3751/3362/3674 3752/3363/3675
f 3737/3347/3660 3736/3346/3659 3752/3363/3675 3753/3364/3676
f 3738/3348/3661 3737/3347/3660 3753/3364/3676 3754/3365/3677
f 3739/3349/3662 3738/3348/3661 3754/3365/3677 3755/3366/3678
f 3740/3350/3663 3739/3349/3662 3755/3366/3678 3756/3367/3679
f 3741/3351/3664 3740/3350/3663 3756/3367/3679 3757/3368/3680
f 3742/3352/3665 3741/3351/3664 3757/3368/3680 3758/3369/3681
f 3743/3353/3666 3742/3352/3665 3758/3369/3681 3759/3370/3682
f 3744/3354/3667 3743/3353/3666 3759/3370/3682 3760/3371/3683
f 3745/3355/3668 3744/3354/3667 3760/3371/3683 3761/3372/3684
f 3730/3339/3653 3745/3355/3668 3761/3372/3684 3746/3356/3669
f 3747/3373/3670 3746/3374/3669 3634/3238/3580 3635/3237/3547
f 3748/3375/3671 3747/3373/3670 3635/3237/3547 3636/3241/3583
f 3749/3376/3672 3748/3375/3671 3636/3241/3583 3637/3243/3476
f 3750/3377/3673 3749/3378/3672 3637/3246/3476 3638/3245/3586
f 3751/3379/3674 3750/3377/3673 3638/3245/3586 3639/3249/3548
f 3752/3380/3675 3751/3379/3674 3639/3249/3548 3640/3251/3589
f 3753/3381/3676 3752/3380/3675 3640/3251/3589 3641/3253/3549
f 3754/3382/3677 3753/3381/3676 3641/3253/3549 3642/3255/3592
f 3755/3383/3678 3754/3382/3677 3642/3255/3592 3643/3257/3543
f 3756/3384/3679 3755/3383/3678 3643/3257/3543 3644/3259/3595
f 3757/3385/3680 3756/3384/3679 3644/3259/3595 3645/3261/3544
f 3758/3386/3681 3757/3385/3680 3645/3261/3544 3646/3263/3598
f 3759/3387/3682 3758/3386/3681 3646/3263/3598 3647/3265/3545
f 3760/3388/3683 3759/3387/3682 3647/3265/3545 3648/3267/3601
f 3761/3389/3684 3760/3388/3683 3648/3267/3601 3649/3269/3546
f 3746/3374/3669 3761/3389/3684 3649/3269/3546 3634/3238/3580
f 3767/3390/3685 3763/3391/3686 3762/3392/3687 3768/3393/3688
f 3768/3393/3688 3765/3394/3689 3764/3395/3690 3767/3390/3685
f 3771/3396/3691 3770/3397/3692 3764/3395/3690 3765/3394/3689
f 3768/3393/3688 3762/3392/3687 3775/3398/3693 3769/3399/3694
f 3766/3400/3695 3765/3394/3689 3768/3393/3688 3769/3399/3694
f 3774/3401/3696 3773/3402/3697 3769/3399/3694
f 3769/3399/3694 3775/3398/3693 3774/3401/3696
f 3777/3403/3698 3766/3400/3695 3769/3399/3694 3773/3402/3697
f 3781/3404/3699 3784/3405/3700 3783/3406/3700 3778/3407/3699
f 3789/3408/3701 3792/3409/3702 3791/3410/3703 3786/3411/3704
f 3785/3412/3705 3790/3413/3706 3793/3414/3706 3782/3415/3707
f 3787/3416/3708 3780/3417/3709 3779/3418/3709 3788/3419/3710
f 3779/3418/3709 3780/3417/3709 3781/3404/3699 3778/3407/3699
f 3783/3406/3700 3784/3405/3700 3785/3412/3705 3782/3415/3707
f 3787/3416/3708 3788/3419/3710 3789/3420/3701 3786/3421/3704
f 3791/3410/3703 3792/3409/3702 3793/3414/3706 3790/3413/3706
f 3797/3404/3700 3794/3407/3700 3799/3406/3699 3800/3405/3699
f 3805/3408/3703 3802/3411/3703 3807/3410/3711 3808/3409/3701
f 3801/3412/3712 3798/3415/3709 3809/3414/3708 3806/3413/3708
f 3803/3416/3713 3804/3419/3706 3795/3418/3707 3796/3417/3705
f 3795/3418/3707 3794/3407/3700 3797/3404/3700 3796/3417/3705
f 3799/3406/3699 3798/3415/3709 3801/3412/3712 3800/3405/3699
f 3803/3416/3713 3802/3421/3703 3805/3420/3703 3804/3419/3706
f 3807/3410/3711 3806/3413/3708 3809/3414/3708 3808/3409/3701
f 3815/3422/3714 3812/3423/3714 3810/3424/3714
f 3813/3425/3714 3814/3426/3714 3811/3427/3714
f 3813/3425/3714 3812/3423/3714 3815/3422/3714 3814/3426/3714
f 3814/3426/3714 3815/3422/3714 3816/3428/3714 3817/3429/3714
f 3818/3430/3715 3819/3431/3716 3821/3432/3717 3820/3433/3718
f 3820/3433/3718 3821/3432/3717 3833/3434/3719 3830/3435/3720
f 3822/3436/3721 3823/3437/3722 3825/3438/3723 3824/3439/3724
f 3819/3431/3716 3832/3440/3725 3833/3434/3719 3821/3432/3717
f 3831/3441/3726 3818/3430/3715 3820/3433/3718 3830/3435/3720
f 3824/3439/3724 3827/3442/3727 3826/3443/3728 3822/3436/3721
f 3829/3444/3729 3828/3445/3730 3825/3438/3723 3823/3437/3722
f 3826/3443/3728 3829/3444/3729 3823/3437/3722 3822/3436/3721
f 3827/3442/3727 3831/3441/3726 3830/3435/3720 3826/3443/3728
f 3833/3434/3719 3832/3440/3725 3828/3445/3730 3829/3444/3729
f 3830/3435/3720 3833/3434/3719 3829/3444/3729 3826/3443/3728
f 3834/3446/3731 3835/3447/3732 3837/3448/3733 3836/3449/3734
f 3836/3449/3734 3837/3448/3733 3849/3450/3735 3846/3451/3736
f 3838/3452/3737 3839/3453/3738 3841/3454/3739 3840/3455/3740
f 3835/3447/3732 3848/3456/3725 3849/3450/3735 3837/3448/3733
f 3847/3457/3726 3834/3446/3731 3836/3449/3734 3846/3451/3736
f 3840/3455/3740 3843/3458/3741 3842/3459/3742 3838/3452/3737
f 3845/3460/3743 3844/3461/3744 3841/3454/3739 3839/3453/3738
f 3842/3459/3742 3845/3460/3743 3839/3453/3738 3838/3452/3737
f 3843/3458/3741 3847/3457/3726 3846/3451/3736 3842/3459/3742
f 3849/3450/3735 3848/3456/3725 3844/3461/3744 3845/3460/3743
f 3846/3451/3736 3849/3450/3735 3845/3460/3743 3842/3459/3742
f 3850/3462/3745 3851/3463/3746 3853/3464/3747 3852/3465/3748
f 3852/3465/3748 3853/3464/3747 3865/3466/3749 3862/3467/3750
f 3854/3468/3751 3855/3469/3752 3857/3470/3753 3856/3471/3754
f 3851/3463/3746 3864/3472/3755 3865/3466/3749 3853/3464/3747
f 3863/3473/3756 3850/3462/3745 3852/3465/3748 3862/3467/3750
f 3856/3471/3754 3859/3474/3757 3858/3475/3758 3854/3468/3751
f 3861/3476/3759 3860/3477/3760 3857/3470/3753 3855/3469/3752
f 3858/3475/3758 3861/3476/3759 3855/3469/3752 3854/3468/3751
f 3859/3474/3757 3863/3473/3756 3862/3467/3750 3858/3475/3758
f 3865/3466/3749 3864/3472/3755 3860/3477/3760 3861/3476/3759
f 3862/3467/3750 3865/3466/3749 3861/3476/3759 3858/3475/3758
f 3876/3478/3761 3870/3479/3762 3892/3480/3763 3891/3481/3764
f 3874/3482/3765 3872/3483/3766 3894/3484/3767 3893/3485/3768
f 3893/3485/3768 3892/3480/3763 3870/3479/3762 3874/3482/3765
f 3868/3486/3769 3876/3478/3761 3891/3481/3764 3890/3487/3770
f 3885/3488/3546 3884/3489/3546 3869/3490/3771 3877/3491/3772
f 3887/3492/3546 3885/3488/3546 3877/3491/3772 3871/3493/3773
f 3889/3494/3774 3887/3492/3546 3871/3493/3773 3875/3495/3775
f 3881/3496/3776 3889/3494/3774 3875/3495/3775 3873/3497/3777
f 3872/3483/3766 3880/3498/3778 3895/3499/3779 3894/3484/3767
f 3888/3500/3780 3880/3501/3778 3872/3483/3766 3874/3482/3765
f 3886/3502/3549 3888/3500/3780 3874/3482/3765 3870/3479/3762
f 3883/3503/3549 3886/3502/3549 3870/3479/3762 3876/3478/3761
f 3882/3504/3549 3883/3503/3549 3876/3478/3761 3868/3486/3769
f 3891/3481/3764 3877/3491/3772 3869/3490/3771 3890/3487/3770
f 3892/3480/3763 3871/3493/3773 3877/3491/3772 3891/3481/3764
f 3875/3495/3775 3871/3493/3773 3892/3480/3763 3893/3485/3768
f 3894/3484/3767 3873/3497/3777 3875/3495/3775 3893/3485/3768
f 3894/3484/3767 3895/3499/3779 3881/3505/3776 3873/3497/3777
f 3869/3490/3771 3884/3489/3546 3900/3506/3781 3899/3507/3782
f 3897/3508/3783 3866/3509/3784 3878/3510/3785 3896/3511/3786
f 3868/3486/3769 3897/3508/3783 3896/3511/3786 3882/3504/3549
f 3898/3512/3787 3866/3509/3784 3897/3508/3783
f 3899/3507/3782 3900/3506/3781 3879/3513/3788 3867/3514/3789
f 3898/3512/3787 3867/3514/3789 3866/3509/3784
f 3868/3486/3769 3890/3487/3770 3898/3512/3787 3897/3508/3783
f 3869/3490/3771 3899/3507/3782 3898/3512/3787 3890/3487/3770
f 3867/3514/3789 3898/3512/3787 3899/3507/3782
f 3903/3515/3790 3911/3516/3791 3910/3517/3792 3904/3518/3793
f 3901/3519/3794 3903/3515/3790 3904/3518/3793 3902/3520/3795
f 3902/3520/3795 3906/3521/3796 3905/3522/3797 3901/3519/3794
f 3907/3523/3798 3903/3515/3790 3901/3519/3794 3905/3524/3797
f 3902/3520/3795 3904/3518/3793 3908/3525/3799 3906/3526/3796
f 3912/3527/3800 3911/3516/3791 3903/3515/3790 3907/3523/3798
f 3904/3518/3793 3910/3517/3792 3909/3528/3801 3908/3525/3799
f 3879/3513/3788 3909/3528/3801 3910/3517/3792 3867/3514/3789
f 3911/3516/3791 3866/3509/3784 3867/3514/3789 3910/3517/3792
f 3911/3516/3791 3912/3527/3800 3878/3510/3785 3866/3509/3784
f 3925/3529/3802 3935/3530/3803 3977/3531/3804 3976/3532/3805
f 3924/3533/3806 3925/3529/3802 3976/3532/3805 3975/3534/3807
f 3921/3535/3808 3924/3533/3806 3975/3534/3807 3974/3536/3809
f 3920/3537/3810 3921/3535/3808 3974/3536/3809 3973/3538/3811
f 3918/3539/3812 3920/3537/3810 3973/3538/3811 3972/3540/3813
f 3933/3541/3814 3918/3539/3812 3972/3540/3813 3971/3542/3815
f 3927/3543/3816 3926/3544/3817 3925/3529/3802 3924/3533/3806
f 3922/3545/3818 3927/3543/3816 3924/3533/3806 3921/3535/3808
f 3932/3546/3819 3933/3541/3814 3971/3542/3815 3970/3547/3820
f 3935/3530/3803 3934/3548/3821 3978/3549/3822 3977/3531/3804
f 3943/3550/3823 3933/3541/3814 3932/3546/3819 3942/3551/3824
f 3934/3548/3821 3935/3530/3803 3938/3552/3825 3939/3553/3826
f 3945/3554/3827 3944/3555/3828 3955/3556/3829 3931/3557/3830
f 3925/3529/3802 3926/3544/3817 3938/3552/3825 3935/3530/3803
f 3940/3558/3831 3942/3551/3824 3949/3559/3832 3952/3560/3833
f 3937/3561/3834 3953/3562/3835 3944/3555/3828 3939/3553/3826
f 3926/3544/3817 3917/3563/3836 3936/3564/3837 3938/3552/3825
f 3938/3552/3825 3936/3564/3837 3937/3561/3834 3939/3553/3826
f 3920/3537/3810 3923/3565/3838 3922/3545/3818 3921/3535/3808
f 3943/3550/3823 3919/3566/3839 3918/3539/3812 3933/3541/3814
f 3918/3539/3812 3919/3566/3839 3923/3565/3838 3920/3537/3810
f 3914/3567/3840 3915/3568/3841 3922/3545/3818 3923/3565/3838
f 3917/3563/3836 3926/3544/3817 3927/3543/3816 3916/3569/3842
f 3916/3569/3842 3927/3543/3816 3922/3545/3818 3915/3568/3841
f 3919/3566/3839 3943/3550/3823 3941/3570/3843 3913/3571/3844
f 3913/3571/3844 3914/3567/3840 3923/3565/3838 3919/3566/3839
f 3943/3550/3823 3942/3551/3824 3940/3558/3831 3941/3570/3843
f 3955/3556/3829 3944/3555/3828 3953/3562/3835 3954/3572/3845
f 3955/3556/3829 3954/3572/3845 3952/3560/3833 3949/3559/3832
f 3941/3570/3843 3940/3558/3831 3952/3560/3833 3954/3572/3845
f 3953/3562/3835 3937/3561/3834 3936/3564/3837 3954/3572/3845
f 3954/3572/3845 3936/3564/3837 3917/3563/3836 3916/3569/3842
f 3913/3571/3844 3941/3570/3843 3954/3572/3845 3914/3567/3840
f 3915/3568/3841 3914/3567/3840 3954/3572/3845 3916/3569/3842
f 3964/3573/3846 3958/3574/3847 3956/3575/3848 3965/3576/3849
f 3959/3577/3850 3964/3578/3846 3965/3579/3849 3957/3580/3851
f 3947/3581/3852 3932/3546/3819 3970/3547/3820 3969/3582/3853
f 3932/3546/3819 3947/3583/3852 3942/3551/3824
f 3942/3551/3824 3947/3583/3852 3949/3559/3832
f 3948/3584/3854 3949/3559/3832 3947/3583/3852
f 3947/3581/3852 3950/3585/3855 3929/3586/3856
f 3930/3587/3857 3948/3584/3854 3947/3583/3852 3929/3588/3856
f 3931/3557/3830 3955/3556/3829 3930/3587/3857
f 3955/3556/3829 3949/3559/3832 3948/3584/3854 3930/3587/3857
f 3956/3575/3848 3958/3574/3847 3960/3589/3858 3961/3590/3859
f 3962/3591/3860 3963/3592/3861 3959/3577/3850 3957/3580/3851
f 3966/3593/3862 3960/3594/3858 3958/3595/3847 3964/3596/3846
f 3966/3593/3862 3964/3596/3846 3959/3597/3850 3963/3598/3861
f 3968/3599/3863 3961/3590/3859 3960/3589/3858 3950/3585/3855
f 3947/3581/3852 3969/3582/3853 3968/3599/3863 3950/3585/3855
f 3978/3549/3822 3934/3548/3821 3946/3600/3864 3979/3601/3865
f 3934/3548/3821 3939/3553/3826 3946/3602/3864
f 3939/3553/3826 3944/3555/3828 3946/3602/3864
f 3945/3554/3827 3946/3602/3864 3944/3555/3828
f 3946/3602/3864 3945/3554/3827 3931/3557/3830 3928/3603/3866
f 3979/3601/3865 3946/3600/3864 3951/3604/3867 3967/3605/3868
f 3950/3606/3855 3951/3607/3867 3928/3603/3866 3929/3588/3856
f 3931/3557/3830 3930/3587/3857 3929/3588/3856 3928/3603/3866
f 3963/3592/3861 3962/3591/3860 3967/3605/3868 3951/3604/3867
f 3963/3598/3861 3951/3607/3867 3966/3593/3862
f 3951/3607/3867 3950/3606/3855 3966/3593/3862
f 3950/3606/3855 3960/3594/3858 3966/3593/3862
f 3951/3604/3867 3946/3600/3864 3928/3608/3866
f 3982/3609/3714 3999/3610/3714 4000/3611/3869 3984/3612/3870
f 3999/3610/3714 3981/3613/3714 3985/3614/3871 4000/3611/3869
f 3981/3613/3714 4004/3615/3714 4003/3616/3872 3985/3614/3871
f 3980/3617/3873 4006/3618/3874 4005/3619/3875 3989/3620/3875
f 4004/3615/3714 4011/3621/3714 4010/3622/3876 4003/3616/3872
f 3983/3623/3877 3980/3617/3873 3990/3624/3714 3991/3625/3878
f 3983/3623/3877 4007/3626/3879 4006/3618/3874 3980/3617/3873
f 3988/3627/3880 4001/3628/3881 4000/3611/3869 3985/3614/3871
f 3988/3627/3880 3985/3614/3871 4003/3616/3872 4002/3629/3882
f 4002/3629/3882 4003/3616/3872 4010/3622/3876 4009/3630/3883
f 3991/3625/3878 3990/3624/3714 3996/3631/3714 3997/3632/3884
f 3993/3633/3714 3982/3609/3714 3984/3612/3870 3994/3634/3885
f 3997/3632/3884 3996/3631/3714 3993/3633/3714 3994/3634/3885
f 3998/3635/3886 3997/3632/3884 3994/3634/3885 3995/3636/3887
f 3986/3637/3888 3983/3623/3877 3991/3625/3878 3992/3638/3889
f 3984/3612/3870 4000/3611/3869 4001/3628/3881 3987/3639/3890
f 3992/3638/3889 3991/3625/3878 3997/3632/3884 3998/3635/3886
f 3987/3639/3890 3995/3636/3887 3994/3634/3885 3984/3612/3870
f 3986/3637/3888 4008/3640/3891 4007/3626/3879 3983/3623/3877
f 3986/3637/3888 4002/3629/3882 4009/3630/3883 4008/3640/3891
f 4012/3641/3714 3986/3637/3888 3992/3638/3889
f 3998/3635/3886 3995/3636/3887 4012/3641/3714 3992/3638/3889
f 3988/3627/3880 4002/3629/3882 3986/3637/3888 4012/3641/3714
f 3988/3627/3880 4012/3641/3714 3987/3639/3890 4001/3628/3881
f 3987/3639/3890 4012/3641/3714 3995/3636/3887
f 3989/3620/3875 4005/3619/3875 4014/3642/3892 4013/3643/3892
f 4017/3644/3714 4019/3645/3893 4035/3646/3894 4034/3647/3714
f 4034/3647/3714 4035/3646/3894 4020/3648/3895 4016/3649/3714
f 4016/3649/3714 4020/3648/3895 4038/3650/3896 4039/3651/3714
f 4015/3652/3873 4024/3653/3875 4005/3619/3875 4006/3618/3874
f 4039/3651/3714 4038/3650/3896 4010/3622/3876 4011/3621/3714
f 4018/3654/3897 4026/3655/3898 4025/3656/3714 4015/3652/3873
f 4018/3654/3897 4015/3652/3873 4006/3618/3874 4007/3626/3879
f 4023/3657/3899 4020/3648/3895 4035/3646/3894 4036/3658/3900
f 4023/3657/3899 4037/3659/3901 4038/3650/3896 4020/3648/3895
f 4037/3659/3901 4009/3630/3883 4010/3622/3876 4038/3650/3896
f 4026/3655/3898 4032/3660/3902 4031/3661/3714 4025/3656/3714
f 4028/3662/3714 4029/3663/3903 4019/3645/3893 4017/3644/3714
f 4032/3660/3902 4029/3663/3903 4028/3662/3714 4031/3661/3714
f 4033/3664/3904 4030/3665/3905 4029/3663/3903 4032/3660/3902
f 4021/3666/3906 4027/3667/3907 4026/3655/3898 4018/3654/3897
f 4019/3645/3893 4022/3668/3908 4036/3658/3900 4035/3646/3894
f 4027/3667/3907 4033/3664/3904 4032/3660/3902 4026/3655/3898
f 4022/3668/3908 4019/3645/3893 4029/3663/3903 4030/3665/3905
f 4021/3666/3906 4018/3654/3897 4007/3626/3879 4008/3640/3891
f 4021/3666/3906 4008/3640/3891 4009/3630/3883 4037/3659/3901
f 4040/3669/3714 4027/3667/3907 4021/3666/3906
f 4033/3664/3904 4027/3667/3907 4040/3669/3714 4030/3665/3905
f 4023/3657/3899 4040/3669/3714 4021/3666/3906 4037/3659/3901
f 4023/3657/3899 4036/3658/3900 4022/3668/3908 4040/3669/3714
f 4022/3668/3908 4030/3665/3905 4040/3669/3714
f 4024/3653/3875 4041/3670/3892 4014/3642/3892 4005/3619/3875
f 4098/3671/3909 4043/3672/3910 4053/3673/3911 4099/3674/3912
f 4049/3675/3913 4047/3676/3914 4058/3677/3915 4057/3678/3916
f 4098/3671/3909 4097/3679/3917 4059/3680/3918 4043/3672/3910
f 4049/3675/3913 4061/3681/3919 4060/3682/3920 4047/3676/3914
f 4090/3683/3921 4060/3682/3920 4061/3681/3919 4091/3684/3922
f 4078/3685/3923 4077/3686/3924 4084/3687/3925 4083/3688/3926
f 4084/3687/3925 4077/3686/3924 4081/3689/3927 4085/3690/3928
f 4089/3691/3929 4059/3680/3918 4097/3679/3917 4096/3692/3930
f 4066/3693/3931 4089/3691/3929 4096/3692/3930 4095/3694/3932
f 4094/3695/3933 4042/3696/3934 4066/3693/3931 4095/3694/3932
f 4093/3697/3935 4044/3698/3936 4042/3696/3934 4094/3695/3933
f 4085/3690/3928 4081/3689/3927 4064/3699/3937 4072/3700/3938
f 4080/3701/3939 4079/3702/3940 4077/3703/3924 4078/3704/3923
f 4052/3705/3941 4070/3706/3942 4053/3673/3911 4043/3672/3910
f 4079/3702/3940 4082/3707/3943 4081/3689/3927 4077/3703/3924
f 4071/3708/3944 4052/3705/3941 4043/3672/3910 4059/3680/3918
f 4079/3702/3940 4080/3701/3939 4070/3706/3942 4052/3705/3941
f 4081/3689/3927 4082/3707/3943 4071/3708/3944 4064/3699/3937
f 4052/3705/3941 4071/3708/3944 4082/3707/3943
f 4082/3707/3943 4079/3702/3940 4052/3705/3941
f 4056/3709/3945 4055/3710/3946 4090/3683/3921 4091/3684/3922
f 4073/3711/3947 4065/3712/3948 4050/3713/3949 4062/3714/3950
f 4065/3712/3948 4073/3711/3947 4086/3715/3951
f 4048/3716/3952 4046/3717/3953 4055/3710/3946 4056/3709/3945
f 4048/3716/3952 4045/3718/3954 4046/3717/3953
f 4046/3717/3953 4045/3718/3954 4093/3697/3935 4094/3695/3933
f 4055/3710/3946 4046/3717/3953 4094/3695/3933 4095/3694/3932
f 4090/3683/3921 4055/3710/3946 4095/3694/3932 4096/3692/3930
f 4096/3692/3930 4097/3679/3917 4060/3682/3920 4090/3683/3921
f 4047/3676/3914 4060/3682/3920 4097/3679/3917 4098/3671/3909
f 4058/3677/3915 4047/3676/3914 4098/3671/3909 4099/3674/3912
f 4088/3719/3955 4089/3691/3929 4066/3693/3931 4075/3720/3956
f 4088/3719/3955 4071/3708/3944 4059/3680/3918 4089/3691/3929
f 4072/3700/3938 4064/3699/3937 4087/3721/3957 4086/3715/3951
f 4076/3722/3958 4065/3712/3948 4086/3715/3951 4087/3721/3957
f 4087/3721/3957 4088/3719/3955 4075/3720/3956 4076/3722/3958
f 4088/3719/3955 4087/3721/3957 4064/3699/3937 4071/3708/3944
f 4147/3723/3959 4148/3724/3960 4111/3725/3961 4101/3726/3962
f 4107/3727/3963 4115/3728/3964 4116/3729/3965 4105/3730/3966
f 4147/3723/3959 4101/3726/3962 4117/3731/3967 4146/3732/3968
f 4107/3727/3963 4105/3730/3966 4118/3733/3969 4119/3734/3970
f 4139/3735/3971 4140/3736/3972 4119/3734/3970 4118/3733/3969
f 4131/3737/3973 4083/3688/3926 4084/3687/3925 4130/3738/3974
f 4084/3687/3925 4085/3690/3928 4134/3739/3975 4130/3738/3974
f 4138/3740/3976 4145/3741/3977 4146/3732/3968 4117/3731/3967
f 4122/3742/3978 4144/3743/3979 4145/3741/3977 4138/3740/3976
f 4085/3690/3928 4072/3700/3938 4120/3744/3980 4134/3739/3975
f 4133/3745/3981 4131/3746/3973 4130/3747/3974 4132/3748/3982
f 4110/3749/3983 4101/3726/3962 4111/3725/3961 4126/3750/3984
f 4132/3748/3982 4130/3747/3974 4134/3739/3975 4135/3751/3985
f 4127/3752/3986 4117/3731/3967 4101/3726/3962 4110/3749/3983
f 4132/3748/3982 4110/3749/3983 4126/3750/3984 4133/3745/3981
f 4134/3739/3975 4120/3744/3980 4127/3752/3986 4135/3751/3985
f 4110/3749/3983 4135/3751/3985 4127/3752/3986
f 4135/3751/3985 4110/3749/3983 4132/3748/3982
f 4114/3753/3987 4140/3736/3972 4139/3735/3971 4113/3754/3988
f 4121/3755/3989 4086/3715/3951 4073/3711/3947
f 4106/3756/3990 4114/3753/3987 4113/3754/3988 4104/3757/3991
f 4103/3758/3992 4106/3756/3990 4104/3757/3991
f 4103/3758/3992 4104/3757/3991 4143/3759/3993 4142/3760/3994
f 4113/3754/3988 4144/3743/3979 4143/3759/3993 4104/3757/3991
f 4139/3735/3971 4145/3741/3977 4144/3743/3979 4113/3754/3988
f 4145/3741/3977 4139/3735/3971 4118/3733/3969 4146/3732/3968
f 4105/3730/3966 4147/3723/3959 4146/3732/3968 4118/3733/3969
f 4116/3729/3965 4148/3724/3960 4147/3723/3959 4105/3730/3966
f 4137/3761/3995 4128/3762/3996 4122/3742/3978 4138/3740/3976
f 4137/3761/3995 4138/3740/3976 4117/3731/3967 4127/3752/3986
f 4072/3700/3938 4086/3715/3951 4136/3763/3997 4120/3744/3980
f 4129/3764/3998 4136/3763/3997 4086/3715/3951 4121/3755/3989
f 4136/3763/3997 4129/3764/3998 4128/3762/3996 4137/3761/3995
f 4137/3761/3995 4127/3752/3986 4120/3744/3980 4136/3763/3997
f 4143/3759/3993 4144/3743/3979 4122/3742/3978 4100/3765/3999
f 4142/3760/3994 4143/3759/3993 4100/3765/3999 4102/3766/4000
f 4112/3767/4001 4102/3766/4000 4100/3765/3999 4125/3768/4002
f 4123/3769/4003 4109/3770/4004 4112/3767/4001 4141/3771/4005
f 4074/3772/4006 4063/3773/4007 4109/3770/4004 4123/3769/4003
f 4073/3711/3947 4062/3714/3950 4108/3774/4008 4121/3755/3989
f 4108/3774/4008 4123/3769/4003 4141/3771/4005 4124/3775/4009
f 4062/3714/3950 4074/3772/4006 4123/3769/4003 4108/3774/4008
f 4128/3762/3996 4125/3768/4002 4100/3765/3999 4122/3742/3978
f 4121/3755/3989 4108/3774/4008 4124/3775/4009 4129/3764/3998
f 4125/3768/4002 4128/3762/3996 4129/3764/3998 4124/3775/4009
f 4141/3771/4005 4112/3767/4001 4125/3768/4002 4124/3775/4009
f 4044/3698/3936 4054/3776/4010 4069/3777/4011 4042/3696/3934
f 4074/3772/4006 4067/3778/4012 4051/3779/4013 4063/3773/4007
f 4054/3776/4010 4051/3779/4013 4067/3778/4012 4092/3780/4014
f 4050/3713/3949 4068/3781/4015 4092/3780/4014 4067/3778/4012
f 4062/3714/3950 4050/3713/3949 4067/3778/4012 4074/3772/4006
f 4092/3780/4014 4068/3781/4015 4069/3777/4011 4054/3776/4010
f 4075/3720/3956 4066/3693/3931 4042/3696/3934 4069/3777/4011
f 4065/3712/3948 4076/3722/3958 4068/3781/4015 4050/3713/3949
f 4069/3777/4011 4068/3781/4015 4076/3722/3958 4075/3720/3956
f 4155/3782/4016 4150/3783/4017 4163/3784/4018 4162/3785/4019
f 4160/3786/4020 4161/3787/4021 4149/3788/4022 4154/3789/4023
f 4161/3787/4021 4160/3786/4020 4162/3785/4019 4163/3784/4018
f 4153/3790/4024 4156/3791/4025 4154/3789/4023 4149/3788/4022
f 4164/3792/4026 4157/3793/4027 4156/3791/4025
f 4156/3791/4025 4153/3790/4024 4152/3794/4028 4164/3792/4026
f 4158/3795/4029 4157/3793/4027 4164/3792/4026 4165/3796/4030
f 4152/3794/4028 4159/3797/4031 4165/3796/4030 4164/3792/4026
f 4153/3790/4024 4171/3798/4032 4170/3799/4033 4152/3794/4028
f 4152/3794/4028 4170/3799/4033 4172/3800/4034 4159/3797/4031
f 4149/3788/4022 4173/3801/4035 4171/3798/4032 4153/3790/4024
f 4150/3783/4017 4174/3802/2767 4175/3803/4036 4163/3784/4018
f 4161/3787/4021 4176/3804/4037 4173/3801/4035 4149/3788/4022
f 4163/3784/4018 4175/3803/4036 4176/3804/4037 4161/3787/4021
f 3762/3805/4038 3763/3806/4039 4158/3795/4029
f 4168/3807/4040 3775/3808/4041 3762/3805/4038
f 4178/3809/4042 3775/3808/4043 4168/3807/4040
f 4151/3810/4044 4167/3811/4045 4166/3812/4046 4178/3809/4042
f 4168/3807/4040 4165/3796/4030 4159/3797/4031 4169/3813/4047
f 3762/3805/4038 4158/3795/4029 4165/3796/4030 4168/3807/4040
f 4172/3800/4034 4177/3814/4048 4169/3813/4047 4159/3797/4031
f 4177/3814/4048 4167/3811/4045 4151/3810/4044 4169/3813/4047
f 4178/3809/4042 4168/3807/4040 4169/3813/4047 4151/3810/4044
f 4155/3782/4016 4191/3815/4049 4192/3816/4050 4150/3783/4017
f 4189/3817/4051 4183/3818/4052 4179/3819/4053 4190/3820/4054
f 4190/3820/4054 4192/3816/4050 4191/3815/4049 4189/3817/4051
f 4182/3821/4055 4179/3819/4053 4183/3818/4052 4185/3822/4056
f 4194/3823/4057 4185/3822/4056 4186/3824/4058
f 4185/3822/4056 4194/3823/4057 4181/3825/4059 4182/3821/4055
f 4187/3826/4060 4195/3827/4061 4194/3823/4057 4186/3824/4058
f 4181/3825/4059 4194/3823/4057 4195/3827/4061 4188/3828/4062
f 4182/3821/4055 4181/3825/4059 4201/3829/4063 4202/3830/4064
f 4181/3825/4059 4188/3828/4062 4203/3831/4065 4201/3829/4063
f 4179/3819/4053 4182/3821/4055 4202/3830/4064 4204/3832/4066
f 4150/3783/4017 4192/3816/4050 4205/3833/4067 4174/3802/2767
f 4190/3820/4054 4179/3819/4053 4204/3832/4066 4206/3834/4068
f 4192/3816/4050 4190/3820/4054 4206/3834/4068 4205/3833/4067
f 4193/3835/4069 4187/3826/4060 4184/3836/4070
f 4199/3837/4071 4193/3835/4069 4196/3838/4072
f 4208/3839/4073 4199/3837/4071 4196/3838/4072
f 4180/3840/4074 4208/3839/4073 4197/3841/4075 4198/3842/4076
f 4199/3837/4071 4200/3843/4077 4188/3828/4062 4195/3827/4061
f 4193/3835/4069 4199/3837/4071 4195/3827/4061 4187/3826/4060
f 4203/3831/4065 4188/3828/4062 4200/3843/4077 4207/3844/4078
f 4207/3844/4078 4200/3843/4077 4180/3840/4074 4198/3842/4076
f 4208/3839/4073 4180/3840/4074 4200/3843/4077 4199/3837/4071
f 4219/3478/4079 4234/3481/4080 4235/3480/4081 4213/3479/4082
f 4217/3482/4083 4236/3485/3768 4237/3484/4084 4215/3483/4085
f 4236/3485/3768 4217/3482/4083 4213/3479/4082 4235/3480/4081
f 4211/3486/4086 4233/3487/4087 4234/3481/4080 4219/3478/4079
f 4228/3488/3549 4220/3491/4088 4212/3490/4089 4227/3489/3549
f 4230/3492/3549 4214/3493/4090 4220/3491/4088 4228/3488/3549
f 4232/3494/4091 4218/3495/4092 4214/3493/4090 4230/3492/3549
f 4224/3496/4093 4216/3497/4094 4218/3495/4092 4232/3494/4091
f 4215/3483/4085 4237/3484/4084 4238/3499/4095 4223/3498/4096
f 4231/3500/4097 4217/3482/4083 4215/3483/4085 4223/3501/4096
f 4229/3502/3546 4213/3479/4082 4217/3482/4083 4231/3500/4097
f 4226/3503/3546 4219/3478/4079 4213/3479/4082 4229/3502/3546
f 4225/3504/3546 4211/3486/4086 4219/3478/4079 4226/3503/3546
f 4234/3481/4080 4233/3487/4087 4212/3490/4089 4220/3491/4088
f 4235/3480/4081 4234/3481/4080 4220/3491/4088 4214/3493/4090
f 4218/3495/4092 4236/3485/3768 4235/3480/4081 4214/3493/4090
f 4237/3484/4084 4236/3485/3768 4218/3495/4092 4216/3497/4094
f 4237/3484/4084 4216/3497/4094 4224/3505/4093 4238/3499/4095
f 4212/3490/4089 4242/3507/4098 4243/3506/4099 4227/3489/3549
f 4240/3508/4100 4239/3511/4101 4221/3510/4102 4209/3509/4103
f 4211/3486/4086 4225/3504/3546 4239/3511/4101 4240/3508/4100
f 4241/3512/4104 4240/3508/4100 4209/3509/4103
f 4242/3507/4098 4210/3514/4105 4222/3513/4106 4243/3506/4099
f 4241/3512/4104 4209/3509/4103 4210/3514/4105
f 4211/3486/4086 4240/3508/4100 4241/3512/4104 4233/3487/4087
f 4212/3490/4089 4233/3487/4087 4241/3512/4104 4242/3507/4098
f 4210/3514/4105 4242/3507/4098 4241/3512/4104
f 4246/3515/4107 4247/3518/4108 4253/3517/4109 4254/3516/4110
f 4244/3519/4111 4245/3520/4112 4247/3518/4108 4246/3515/4107
f 4245/3520/4112 4244/3519/4111 4248/3522/4113 4249/3521/4114
f 4250/3523/4115 4248/3524/4113 4244/3519/4111 4246/3515/4107
f 4245/3520/4112 4249/3526/4114 4251/3525/4116 4247/3518/4108
f 4255/3527/4117 4250/3523/4115 4246/3515/4107 4254/3516/4110
f 4247/3518/4108 4251/3525/4116 4252/3528/4118 4253/3517/4109
f 4222/3513/4106 4210/3514/4105 4253/3517/4109 4252/3528/4118
f 4254/3516/4110 4253/3517/4109 4210/3514/4105 4209/3509/4103
f 4254/3516/4110 4209/3509/4103 4221/3510/4102 4255/3527/4117
f 4256/3845/4119 4278/3846/4120 4345/3847/4121 4344/3848/4122
f 4257/3849/4123 4347/3850/4124 4346/3851/4125 4283/3852/4126
f 4283/3852/4126 4316/3853/4127 4281/3854/4128 4257/3849/4123
f 4316/3853/4127 4324/3855/4129 4305/3856/4130 4281/3854/4128
f 4264/3857/4131 4336/3858/4132 4335/3859/4133 4267/3860/4134
f 4265/3861/4135 4284/3862/4136 4286/3863/4137 4268/3864/4138
f 4284/3862/4136 4307/3865/4139 4306/3866/4140 4286/3863/4137
f 4316/3853/4127 4283/3852/4126 4268/3864/4138 4286/3863/4137
f 4324/3855/4129 4316/3853/4127 4286/3863/4137 4306/3866/4140
f 4267/3860/4134 4271/3867/4141 4272/3868/4142 4264/3857/4131
f 4304/3869/4143 4325/3870/4144 4317/3871/4145 4288/3872/4146
f 4288/3872/4146 4317/3871/4145 4278/3846/4120 4256/3845/4119
f 4265/3861/4135 4278/3846/4120 4317/3871/4145 4284/3862/4136
f 4325/3870/4144 4307/3865/4139 4284/3862/4136 4317/3871/4145
f 4256/3845/4119 4344/3848/4122 4343/3873/4147 4288/3872/4146
f 4343/3873/4147 4342/3874/4148 4304/3869/4143 4288/3872/4146
f 4339/3875/4149 4258/3876/4150 4260/3877/4151 4340/3878/4152
f 4319/3879/4153 4333/3880/4154 4308/3881/4155 4294/3882/4156
f 4291/3883/4157 4315/3884/4158 4333/3880/4154 4319/3879/4153
f 4292/3885/4159 4314/3886/4160 4315/3884/4158 4291/3883/4157
f 4285/3887/4161 4313/3888/4162 4314/3886/4160 4292/3885/4159
f 4339/3889/4149 4338/3890/4163 4293/3891/4164 4258/3876/4150
f 4337/3892/4165 4262/3893/4166 4293/3891/4164 4338/3890/4163
f 4264/3857/4131 4262/3893/4166 4337/3892/4165 4336/3858/4132
f 4272/3868/4142 4273/3894/4167 4262/3893/4166 4264/3857/4131
f 4257/3849/4123 4281/3854/4128 4348/3895/4168 4347/3850/4124
f 4281/3854/4128 4305/3856/4130 4349/3896/4169 4348/3895/4168
f 4259/3897/4170 4287/3898/4171 4353/3899/4172 4352/3900/4173
f 4263/3901/4174 4334/3902/4175 4353/3899/4172 4287/3898/4171
f 4263/3901/4174 4267/3860/4134 4335/3859/4133 4334/3902/4175
f 4274/3903/4176 4341/3904/4177 4340/3878/4152 4260/3877/4151
f 4274/3903/4176 4304/3869/4143 4342/3874/4148 4341/3904/4177
f 4276/3905/4178 4302/3906/4179 4324/3855/4129 4306/3866/4140
f 4276/3905/4178 4306/3866/4140 4307/3865/4139 4277/3907/4180
f 4279/3908/4181 4328/3909/4182 4318/3910/4183 4327/3911/4184
f 4280/3912/4185 4330/3913/4186 4320/3914/4187 4329/3915/4188
f 4313/3888/4162 4312/3916/4189 4334/3902/4175 4335/3859/4133
f 4314/3886/4160 4313/3888/4162 4335/3859/4133 4336/3858/4132
f 4315/3884/4158 4314/3886/4160 4336/3858/4132 4337/3892/4165
f 4333/3880/4154 4315/3884/4158 4337/3892/4165 4338/3890/4163
f 4308/3881/4155 4333/3880/4154 4338/3890/4163 4339/3889/4149
f 4309/3917/4190 4308/3918/4155 4339/3875/4149 4340/3878/4152
f 4310/3919/4191 4309/3917/4190 4340/3878/4152 4341/3904/4177
f 4326/3920/4192 4310/3919/4191 4341/3904/4177 4342/3874/4148
f 4327/3911/4184 4326/3920/4192 4342/3874/4148 4343/3873/4147
f 4344/3848/4122 4279/3908/4181 4327/3911/4184 4343/3873/4147
f 4328/3909/4182 4279/3908/4181 4344/3848/4122 4345/3847/4121
f 4347/3850/4124 4280/3912/4185 4329/3915/4188 4346/3851/4125
f 4330/3913/4186 4280/3912/4185 4347/3850/4124 4348/3895/4168
f 4331/3921/4193 4330/3913/4186 4348/3895/4168 4349/3896/4169
f 4350/3922/4194 4301/3923/4195 4331/3921/4193 4349/3896/4169
f 4351/3924/4196 4295/3925/4197 4301/3923/4195 4350/3922/4194
f 4311/3926/4198 4295/3925/4197 4351/3924/4196 4352/3927/4173
f 4332/3928/4199 4311/3929/4198 4352/3900/4173 4353/3899/4172
f 4312/3916/4189 4332/3928/4199 4353/3899/4172 4334/3902/4175
f 4258/3876/4150 4273/3894/4167 4289/3930/4200 4260/3877/4151
f 4293/3891/4164 4262/3893/4166 4273/3894/4167 4258/3876/4150
f 4277/3907/4180 4303/3931/4201 4289/3930/4200 4266/3932/4202
f 4289/3930/4200 4303/3931/4201 4274/3903/4176 4260/3877/4151
f 4325/3870/4144 4303/3931/4201 4277/3907/4180 4307/3865/4139
f 4303/3931/4201 4325/3870/4144 4304/3869/4143 4274/3903/4176
f 4273/3894/4167 4272/3868/4142 4266/3932/4202 4289/3930/4200
f 4272/3868/4142 4271/3867/4141 4269/3933/4203 4266/3932/4202
f 4270/3934/4204 4282/3935/4205 4269/3933/4203 4271/3867/4141
f 4263/3901/4174 4270/3934/4204 4271/3867/4141 4267/3860/4134
f 4263/3901/4174 4287/3898/4171 4259/3897/4170 4270/3934/4204
f 4270/3934/4204 4259/3897/4170 4261/3936/4206 4282/3935/4205
f 4259/3897/4170 4352/3927/4173 4351/3924/4196 4261/3936/4206
f 4261/3936/4206 4351/3924/4196 4350/3922/4194 4275/3937/4207
f 4276/3905/4178 4269/3933/4203 4282/3935/4205 4302/3906/4179
f 4275/3937/4207 4302/3906/4179 4282/3935/4205 4261/3936/4206
f 4276/3905/4178 4277/3907/4180 4266/3932/4202 4269/3933/4203
f 4350/3922/4194 4349/3896/4169 4305/3856/4130 4275/3937/4207
f 4305/3856/4130 4324/3855/4129 4302/3906/4179 4275/3937/4207
f 4294/3938/4156 4308/3918/4155 4309/3917/4190 4290/3939/4208
f 4355/3940/4209 4356/3941/4210 4319/3879/4153 4294/3942/4156
f 4356/3941/4210 4357/3943/4211 4291/3883/4157 4319/3879/4153
f 4298/3944/4212 4311/3929/4198 4332/3928/4199 4321/3945/4213
f 4321/3945/4213 4332/3928/4199 4312/3916/4189 4296/3946/4214
f 4285/3887/4161 4296/3946/4214 4312/3916/4189 4313/3888/4162
f 4357/3943/4211 4358/3947/4215 4292/3885/4159 4291/3883/4157
f 4292/3885/4159 4358/3947/4215 4359/3948/4216 4285/3887/4161
f 4285/3887/4161 4359/3948/4216 4361/3949/4217 4296/3946/4214
f 4321/3945/4213 4364/3950/4218 4363/3951/4219 4298/3952/4212
f 4296/3946/4214 4361/3949/4217 4364/3950/4218 4321/3945/4213
f 4295/3925/4197 4311/3926/4198 4298/3953/4212 4297/3954/4220
f 4322/3955/4221 4326/3920/4192 4327/3911/4184 4318/3910/4183
f 4299/3956/4222 4290/3939/4208 4309/3917/4190 4310/3919/4191
f 4299/3956/4222 4310/3919/4191 4326/3920/4192 4322/3955/4221
f 4323/3957/4223 4320/3914/4187 4330/3913/4186 4331/3921/4193
f 4300/3958/4224 4323/3957/4223 4331/3921/4193 4301/3923/4195
f 4300/3958/4224 4301/3923/4195 4295/3925/4197 4297/3954/4220
f 4320/3959/4187 4360/3960/4225 4329/3961/4188
f 4360/3960/4225 4370/3962/4226 4371/3963/4227 4329/3961/4188
f 4354/3964/4228 4355/3940/4209 4294/3942/4156 4290/3965/4208
f 4376/3966/4229 4356/3941/4210 4355/3940/4209 4354/3964/4228
f 4361/3949/4217 4359/3948/4216 4376/3966/4229 4364/3950/4218
f 4376/3966/4229 4359/3948/4216 4358/3947/4215
f 4376/3966/4229 4358/3947/4215 4357/3943/4211 4356/3941/4210
f 4298/3952/4212 4363/3951/4219 4362/3967/4230 4297/3968/4220
f 4363/3951/4219 4364/3950/4218 4376/3966/4229 4362/3967/4230
f 4365/3969/4231 4354/3964/4228 4290/3965/4208 4299/3970/4222
f 4297/3968/4220 4362/3967/4230 4366/3971/4232 4300/3972/4224
f 4376/3966/4229 4354/3964/4228 4365/3969/4231 4378/3973/4233
f 4369/3974/4234 4360/3960/4225 4320/3959/4187 4323/3975/4223
f 4366/3971/4232 4369/3974/4234 4323/3975/4223 4300/3972/4224
f 4328/3976/4182 4368/3977/4235 4318/3978/4183
f 4372/3979/4236 4373/3980/4237 4368/3977/4235 4328/3976/4182
f 4370/3962/4226 4374/3981/4238 4375/3982/4239 4371/3963/4227
f 4375/3982/4239 4374/3981/4238 4373/3980/4237 4372/3979/4236
f 4318/3978/4183 4368/3977/4235 4367/3983/4240 4322/3984/4221
f 4322/3984/4221 4367/3983/4240 4365/3969/4231 4299/3970/4222
f 4378/3973/4233 4365/3969/4231 4367/3983/4240 4377/3985/4241
f 4360/3960/4225 4369/3974/4234 4377/3985/4241
f 4377/3985/4241 4367/3983/4240 4368/3977/4235
f 4374/3981/4238 4377/3985/4241 4368/3977/4235 4373/3980/4237
f 4374/3981/4238 4370/3962/4226 4360/3960/4225 4377/3985/4241
f 4378/3973/4233 4366/3971/4232 4362/3967/4230 4376/3966/4229
f 4377/3985/4241 4369/3974/4234 4366/3971/4232 4378/3973/4233
f 4424/3986/4242 4423/3987/4243 4399/3988/4244 4379/3989/4245
f 4438/3990/4246 4437/3991/4247 4426/3992/4248 4452/3993/4249
f 4381/3994/4250 4400/3995/4251 4452/3993/4249 4426/3992/4248
f 4401/3996/4252 4453/3997/4253 4427/3998/4254 4382/3999/4255
f 4428/4000/4256 4454/4001/4257 4401/3996/4252 4382/3999/4255
f 4428/4000/4256 4431/4002/4258 4455/4003/4259 4454/4001/4257
f 4430/4004/4260 4435/4005/4261 4434/4006/4262 4429/4007/4263
f 4456/4008/4264 4461/4009/4265 4435/4005/4261 4430/4004/4260
f 4430/4004/4260 4438/3990/4246 4462/4010/4266 4456/4008/4264
f 4379/3989/4245 4399/3988/4244 4455/4003/4259 4431/4002/4258
f 4429/4007/4263 4434/4006/4262 4433/4011/4267 4432/4012/4268
f 4433/4011/4267 4434/4006/4262 4380/4013/4269 4384/4014/4270
f 4434/4006/4262 4435/4005/4261 4383/4015/4271 4380/4013/4269
f 4435/4005/4261 4461/4009/4265 4403/4016/4272 4383/4015/4271
f 4429/4007/4263 4432/4012/4268 4436/4017/4273 4437/3991/4247
f 4430/4004/4260 4429/4007/4263 4437/3991/4247 4438/3990/4246
f 4386/4018/4274 4411/4019/4275 4425/4020/4276 4394/4021/4277
f 4388/4022/4278 4439/4023/4279 4387/4024/4280
f 4439/4023/4279 4450/4025/4281 4395/4026/4282 4387/4024/4280
f 4391/4027/4283 4445/4028/4284 4440/4029/4285 4385/4030/4286
f 4415/4031/4287 4397/4032/4288 4416/4033/4289
f 4416/4033/4289 4397/4032/4288 4440/4034/4285
f 4440/4029/4285 4397/4035/4288 4385/4030/4286
f 4441/4036/4290 4451/4037/4291 4385/4030/4286 4397/4035/4288
f 4441/4036/4290 4442/4038/4292 4449/4039/4293 4451/4037/4291
f 4386/4018/4274 4449/4039/4293 4442/4038/4292 4396/4040/4294
f 4443/4041/4295 4448/4042/4296 4392/4043/4297 4389/4044/4298
f 4432/4012/4268 4433/4011/4267 4448/4042/4296 4443/4045/4295
f 4424/3986/4242 4379/3989/4245 4394/4021/4277 4425/4020/4276
f 4381/3994/4250 4426/3992/4248 4444/4046/4299 4390/4047/4300
f 4439/4048/4279 4388/4049/4278 4390/4047/4300 4444/4046/4299
f 4436/4017/4273 4450/4050/4281 4439/4048/4279 4444/4046/4299
f 4426/3992/4248 4437/3991/4247 4436/4017/4273 4444/4046/4299
f 4382/3999/4255 4427/3998/4254 4445/4028/4284 4391/4027/4283
f 4428/4000/4256 4382/3999/4255 4391/4027/4283 4446/4051/4301
f 4446/4051/4301 4447/4052/4302 4431/4002/4258 4428/4000/4256
f 4379/3989/4245 4431/4002/4258 4447/4052/4302 4394/4021/4277
f 4447/4052/4302 4449/4039/4293 4386/4018/4274 4394/4021/4277
f 4392/4043/4297 4448/4042/4296 4393/4053/4303
f 4433/4011/4267 4384/4014/4270 4393/4053/4303 4448/4042/4296
f 4443/4041/4295 4389/4044/4298 4395/4026/4282 4450/4025/4281
f 4432/4012/4268 4443/4045/4295 4450/4050/4281 4436/4017/4273
f 4449/4039/4293 4447/4052/4302 4446/4051/4301 4451/4037/4291
f 4446/4051/4301 4391/4027/4283 4385/4030/4286 4451/4037/4291
f 4386/4018/4274 4396/4040/4294 4412/4054/4304 4411/4019/4275
f 4396/4040/4294 4442/4038/4292 4413/4055/4305 4412/4054/4304
f 4442/4038/4292 4441/4056/4290 4414/4057/4306 4413/4055/4305
f 4441/4056/4290 4397/4032/4288 4415/4031/4287 4414/4057/4306
f 4418/4058/4307 4417/4059/4308 4410/4060/4309
f 4417/4059/4308 4458/4061/4310 4410/4060/4309
f 4410/4062/4309 4458/4063/4310 4405/4064/4311
f 4410/4060/4309 4464/4065/4312 4419/4066/4313 4418/4058/4307
f 4423/3987/4243 4422/4067/4314 4407/4068/4315 4399/3988/4244
f 4405/4064/4311 4458/4063/4310 4453/3997/4253 4401/3996/4252
f 4454/4001/4257 4459/4069/4316 4405/4064/4311 4401/3996/4252
f 4454/4001/4257 4455/4003/4259 4460/4070/4317 4459/4069/4316
f 4420/4071/4318 4463/4072/4319 4409/4073/4320 4421/4074/4321
f 4422/4067/4314 4421/4074/4321 4409/4073/4320 4407/4068/4315
f 4402/4075/4322 4406/4076/4323 4461/4009/4265 4456/4077/4264
f 4456/4077/4264 4462/4078/4266 4408/4079/4324 4402/4075/4322
f 4398/4080/4325 4457/4081/4326 4404/4082/4327
f 4452/3993/4249 4400/3995/4251 4404/4083/4327 4457/4084/4326
f 4457/4084/4326 4462/4010/4266 4438/3990/4246 4452/3993/4249
f 4398/4080/4325 4408/4079/4324 4462/4078/4266 4457/4081/4326
f 4459/4069/4316 4464/4085/4312 4410/4062/4309 4405/4064/4311
f 4459/4069/4316 4460/4070/4317 4463/4072/4319 4464/4085/4312
f 4407/4068/4315 4409/4073/4320 4463/4072/4319 4460/4070/4317
f 4455/4003/4259 4399/3988/4244 4407/4068/4315 4460/4070/4317
f 4403/4016/4272 4461/4009/4265 4406/4076/4323
f 4420/4071/4318 4419/4066/4313 4464/4065/4312 4463/4072/4319
f 4412/4054/4304 4413/4055/4305 4389/4044/4298 4392/4043/4297
f 4413/4055/4305 4414/4057/4306 4395/4026/4282 4389/4044/4298
f 4414/4057/4306 4415/4031/4287 4387/4024/4280 4395/4026/4282
f 4418/4058/4307 4419/4066/4313 4408/4079/4324 4398/4080/4325
f 4419/4066/4313 4420/4071/4318 4402/4075/4322 4408/4079/4324
f 4420/4071/4318 4421/4074/4321 4406/4076/4323 4402/4075/4322
f 4380/4013/4269 4424/3986/4242 4425/4020/4276 4384/4014/4270
f 4384/4014/4270 4425/4020/4276 4411/4019/4275 4393/4053/4303
f 4393/4053/4303 4411/4019/4275 4412/4054/4304 4392/4043/4297
f 4387/4024/4280 4415/4031/4287 4416/4033/4289 4388/4022/4278
f 4404/4082/4327 4417/4059/4308 4418/4058/4307 4398/4080/4325
f 4406/4076/4323 4421/4074/4321 4422/4067/4314 4403/4016/4272
f 4403/4016/4272 4422/4067/4314 4423/3987/4243 4383/4015/4271
f 4383/4015/4271 4423/3987/4243 4424/3986/4242 4380/4013/4269
f 4465/3845/4328 4553/3848/4329 4554/3847/4330 4487/3846/4331
f 4466/3849/4332 4492/3852/4333 4555/3851/4334 4556/3850/4335
f 4492/3852/4333 4466/3849/4332 4490/3854/4336 4525/3853/4337
f 4525/3853/4337 4490/3854/4336 4514/3856/4338 4533/3855/4339
f 4473/3857/4340 4476/3860/4341 4544/3859/4342 4545/3858/4343
f 4474/3861/4344 4477/3864/4345 4495/3863/4346 4493/3862/4347
f 4493/3862/4347 4495/3863/4346 4515/3866/4348 4516/3865/4349
f 4525/3853/4337 4495/3863/4346 4477/3864/4345 4492/3852/4333
f 4533/3855/4339 4515/3866/4348 4495/3863/4346 4525/3853/4337
f 4476/3860/4341 4473/3857/4340 4481/3868/4350 4480/3867/4351
f 4513/3869/4352 4497/3872/4353 4526/3871/4354 4534/3870/4355
f 4497/3872/4353 4465/3845/4328 4487/3846/4331 4526/3871/4354
f 4474/3861/4344 4493/3862/4347 4526/3871/4354 4487/3846/4331
f 4534/3870/4355 4526/3871/4354 4493/3862/4347 4516/3865/4349
f 4465/3845/4328 4497/3872/4353 4552/3873/4356 4553/3848/4329
f 4552/3873/4356 4497/3872/4353 4513/3869/4352 4551/3874/4357
f 4548/3875/4358 4549/3878/4359 4469/3877/4360 4467/3876/4361
f 4528/3879/4362 4503/3882/4363 4517/3881/4364 4542/3880/4365
f 4500/3883/4366 4528/3879/4362 4542/3880/4365 4524/3884/4367
f 4501/3885/4368 4500/3883/4366 4524/3884/4367 4523/3886/4369
f 4494/3887/4370 4501/3885/4368 4523/3886/4369 4522/3888/4371
f 4548/3889/4358 4467/3876/4361 4502/3891/4372 4547/3890/4373
f 4546/3892/4374 4547/3890/4373 4502/3891/4372 4471/3893/4375
f 4473/3857/4340 4545/3858/4343 4546/3892/4374 4471/3893/4375
f 4481/3868/4350 4473/3857/4340 4471/3893/4375 4482/3894/4376
f 4466/3849/4332 4556/3850/4335 4557/3895/4377 4490/3854/4336
f 4490/3854/4336 4557/3895/4377 4558/3896/4378 4514/3856/4338
f 4468/3897/4379 4561/3900/4380 4562/3899/4381 4496/3898/4382
f 4472/3901/4383 4496/3898/4382 4562/3899/4381 4543/3902/4384
f 4472/3901/4383 4543/3902/4384 4544/3859/4342 4476/3860/4341
f 4483/3903/4385 4469/3877/4360 4549/3878/4359 4550/3904/4386
f 4483/3903/4385 4550/3904/4386 4551/3874/4357 4513/3869/4352
f 4485/3905/4387 4515/3866/4348 4533/3855/4339 4511/3906/4388
f 4485/3905/4387 4486/3907/4389 4516/3865/4349 4515/3866/4348
f 4488/3908/4390 4536/3911/4391 4527/3910/4392 4537/3909/4393
f 4489/3912/4394 4538/3915/4395 4529/3914/4396 4539/3913/4397
f 4522/3888/4371 4544/3859/4342 4543/3902/4384 4521/3916/4398
f 4523/3886/4369 4545/3858/4343 4544/3859/4342 4522/3888/4371
f 4524/3884/4367 4546/3892/4374 4545/3858/4343 4523/3886/4369
f 4542/3880/4365 4547/3890/4373 4546/3892/4374 4524/3884/4367
f 4517/3881/4364 4548/3889/4358 4547/3890/4373 4542/3880/4365
f 4518/3917/4399 4549/3878/4359 4548/3875/4358 4517/3918/4364
f 4519/3919/4400 4550/3904/4386 4549/3878/4359 4518/3917/4399
f 4535/3920/4401 4551/3874/4357 4550/3904/4386 4519/3919/4400
f 4536/3911/4391 4552/3873/4356 4551/3874/4357 4535/3920/4401
f 4553/3848/4329 4552/3873/4356 4536/3911/4391 4488/3908/4390
f 4537/3909/4393 4554/3847/4330 4553/3848/4329 4488/3908/4390
f 4556/3850/4335 4555/3851/4334 4538/3915/4395 4489/3912/4394
f 4539/3913/4397 4557/3895/4377 4556/3850/4335 4489/3912/4394
f 4540/3921/4402 4558/3896/4378 4557/3895/4377 4539/3913/4397
f 4559/3922/4403 4558/3896/4378 4540/3921/4402 4510/3923/4404
f 4560/3924/4405 4559/3922/4403 4510/3923/4404 4504/3925/4406
f 4520/3926/4407 4561/3927/4380 4560/3924/4405 4504/3925/4406
f 4541/3928/4408 4562/3899/4381 4561/3900/4380 4520/3929/4407
f 4521/3916/4398 4543/3902/4384 4562/3899/4381 4541/3928/4408
f 4467/3876/4361 4469/3877/4360 4498/3930/4409 4482/3894/4376
f 4502/3891/4372 4467/3876/4361 4482/3894/4376 4471/3893/4375
f 4486/3907/4389 4475/3932/4410 4498/3930/4409 4512/3931/4411
f 4498/3930/4409 4469/3877/4360 4483/3903/4385 4512/3931/4411
f 4534/3870/4355 4516/3865/4349 4486/3907/4389 4512/3931/4411
f 4512/3931/4411 4483/3903/4385 4513/3869/4352 4534/3870/4355
f 4482/3894/4376 4498/3930/4409 4475/3932/4410 4481/3868/4350
f 4481/3868/4350 4475/3932/4410 4478/3933/4412 4480/3867/4351
f 4479/3934/4413 4480/3867/4351 4478/3933/4412 4491/3935/4414
f 4472/3901/4383 4476/3860/4341 4480/3867/4351 4479/3934/4413
f 4472/3901/4383 4479/3934/4413 4468/3897/4379 4496/3898/4382
f 4479/3934/4413 4491/3935/4414 4470/3936/4415 4468/3897/4379
f 4468/3897/4379 4470/3936/4415 4560/3924/4405 4561/3927/4380
f 4470/3936/4415 4484/3937/4416 4559/3922/4403 4560/3924/4405
f 4485/3905/4387 4511/3906/4388 4491/3935/4414 4478/3933/4412
f 4484/3937/4416 4470/3936/4415 4491/3935/4414 4511/3906/4388
f 4485/3905/4387 4478/3933/4412 4475/3932/4410 4486/3907/4389
f 4559/3922/4403 4484/3937/4416 4514/3856/4338 4558/3896/4378
f 4514/3856/4338 4484/3937/4416 4511/3906/4388 4533/3855/4339
f 4503/3938/4363 4499/3939/4417 4518/3917/4399 4517/3918/4364
f 4564/3940/4418 4503/3942/4363 4528/3879/4362 4565/3941/4419
f 4565/3941/4419 4528/3879/4362 4500/3883/4366 4566/3943/4420
f 4507/3944/4421 4530/3945/4422 4541/3928/4408 4520/3929/4407
f 4530/3945/4422 4505/3946/4423 4521/3916/4398 4541/3928/4408
f 4494/3887/4370 4522/3888/4371 4521/3916/4398 4505/3946/4423
f 4566/3943/4420 4500/3883/4366 4501/3885/4368 4567/3947/4424
f 4501/3885/4368 4494/3887/4370 4568/3948/4425 4567/3947/4424
f 4494/3887/4370 4505/3946/4423 4570/3949/4426 4568/3948/4425
f 4530/3945/4422 4507/3952/4421 4572/3951/4427 4573/3950/4428
f 4505/3946/4423 4530/3945/4422 4573/3950/4428 4570/3949/4426
f 4504/3925/4406 4506/3954/4429 4507/3953/4421 4520/3926/4407
f 4531/3955/4430 4527/3910/4392 4536/3911/4391 4535/3920/4401
f 4508/3956/4431 4519/3919/4400 4518/3917/4399 4499/3939/4417
f 4508/3956/4431 4531/3955/4430 4535/3920/4401 4519/3919/4400
f 4532/3957/4432 4540/3921/4402 4539/3913/4397 4529/3914/4396
f 4509/3958/4433 4510/3923/4404 4540/3921/4402 4532/3957/4432
f 4509/3958/4433 4506/3954/4429 4504/3925/4406 4510/3923/4404
f 4529/3959/4396 4538/3961/4395 4569/3960/4235
f 4569/3960/4235 4538/3961/4395 4580/3963/4434 4579/3962/4435
f 4563/3964/4436 4499/3965/4417 4503/3942/4363 4564/3940/4418
f 4585/3966/4437 4563/3964/4436 4564/3940/4418 4565/3941/4419
f 4570/3949/4426 4573/3950/4428 4585/3966/4437 4568/3948/4425
f 4585/3966/4437 4567/3947/4424 4568/3948/4425
f 4585/3966/4437 4565/3941/4419 4566/3943/4420 4567/3947/4424
f 4507/3952/4421 4506/3968/4429 4571/3967/4438 4572/3951/4427
f 4572/3951/4427 4571/3967/4438 4585/3966/4437 4573/3950/4428
f 4574/3969/4439 4508/3970/4431 4499/3965/4417 4563/3964/4436
f 4506/3968/4429 4509/3972/4433 4575/3971/4440 4571/3967/4438
f 4585/3966/4437 4587/3973/4233 4574/3969/4439 4563/3964/4436
f 4578/3974/4441 4532/3975/4432 4529/3959/4396 4569/3960/4235
f 4575/3971/4440 4509/3972/4433 4532/3975/4432 4578/3974/4441
f 4537/3976/4393 4527/3978/4392 4577/3977/4442
f 4581/3979/4443 4537/3976/4393 4577/3977/4442 4582/3980/4226
f 4579/3962/4435 4580/3963/4434 4584/3982/4239 4583/3981/4238
f 4584/3982/4239 4581/3979/4443 4582/3980/4226 4583/3981/4238
f 4527/3978/4392 4531/3984/4430 4576/3983/4444 4577/3977/4442
f 4531/3984/4430 4508/3970/4431 4574/3969/4439 4576/3983/4444
f 4587/3973/4233 4586/3985/4241 4576/3983/4444 4574/3969/4439
f 4569/3960/4235 4586/3985/4241 4578/3974/4441
f 4586/3985/4241 4577/3977/4442 4576/3983/4444
f 4583/3981/4238 4582/3980/4226 4577/3977/4442 4586/3985/4241
f 4583/3981/4238 4586/3985/4241 4569/3960/4235 4579/3962/4435
f 4587/3973/4233 4585/3966/4437 4571/3967/4438 4575/3971/4440
f 4586/3985/4241 4587/3973/4233 4575/3971/4440 4578/3974/4441
f 4633/3986/4242 4588/3989/4445 4608/3988/4446 4632/3987/4447
f 4647/3990/4448 4661/3993/4449 4635/3992/4450 4646/3991/4451
f 4590/3994/4452 4635/3992/4450 4661/3993/4449 4609/3995/4453
f 4610/3996/4454 4591/3999/4455 4636/3998/4456 4662/3997/4457
f 4637/4000/4458 4591/3999/4455 4610/3996/4454 4663/4001/4459
f 4637/4000/4458 4663/4001/4459 4664/4003/4460 4640/4002/4461
f 4639/4004/4462 4638/4007/4463 4643/4006/4464 4644/4005/4465
f 4665/4008/4466 4639/4004/4462 4644/4005/4465 4670/4009/4467
f 4639/4004/4462 4665/4008/4466 4671/4010/4468 4647/3990/4448
f 4588/3989/4445 4640/4002/4461 4664/4003/4460 4608/3988/4446
f 4638/4007/4463 4641/4012/4469 4642/4011/4470 4643/4006/4464
f 4642/4011/4470 4593/4014/4471 4589/4013/4269 4643/4006/4464
f 4643/4006/4464 4589/4013/4269 4592/4015/4472 4644/4005/4465
f 4644/4005/4465 4592/4015/4472 4612/4016/4473 4670/4009/4467
f 4638/4007/4463 4646/3991/4451 4645/4017/4474 4641/4012/4469
f 4639/4004/4462 4647/3990/4448 4646/3991/4451 4638/4007/4463
f 4595/4018/4475 4603/4021/4476 4634/4020/4477 4620/4019/4478
f 4597/4022/4479 4596/4024/4480 4648/4023/4481
f 4648/4023/4481 4596/4024/4480 4604/4026/4482 4659/4025/4483
f 4600/4027/4484 4594/4030/4485 4649/4029/4486 4654/4028/4487
f 4624/4031/4488 4625/4033/4489 4606/4032/4490
f 4625/4033/4489 4649/4034/4486 4606/4032/4490
f 4649/4029/4486 4594/4030/4485 4606/4035/4490
f 4650/4036/4491 4606/4035/4490 4594/4030/4485 4660/4037/4492
f 4650/4036/4491 4660/4037/4492 4658/4039/4493 4651/4038/4494
f 4595/4018/4475 4605/4040/4495 4651/4038/4494 4658/4039/4493
f 4652/4041/4496 4598/4044/4497 4601/4043/4498 4657/4042/4499
f 4641/4012/4469 4652/4045/4496 4657/4042/4499 4642/4011/4470
f 4633/3986/4242 4634/4020/4477 4603/4021/4476 4588/3989/4445
f 4590/3994/4452 4599/4047/4500 4653/4046/4501 4635/3992/4450
f 4648/4048/4481 4653/4046/4501 4599/4047/4500 4597/4049/4479
f 4645/4017/4474 4653/4046/4501 4648/4048/4481 4659/4050/4483
f 4635/3992/4450 4653/4046/4501 4645/4017/4474 4646/3991/4451
f 4591/3999/4455 4600/4027/4484 4654/4028/4487 4636/3998/4456
f 4637/4000/4458 4655/4051/4502 4600/4027/4484 4591/3999/4455
f 4655/4051/4502 4637/4000/4458 4640/4002/4461 4656/4052/4503
f 4588/3989/4445 4603/4021/4476 4656/4052/4503 4640/4002/4461
f 4656/4052/4503 4603/4021/4476 4595/4018/4475 4658/4039/4493
f 4601/4043/4498 4602/4053/4504 4657/4042/4499
f 4642/4011/4470 4657/4042/4499 4602/4053/4504 4593/4014/4471
f 4652/4041/4496 4659/4025/4483 4604/4026/4482 4598/4044/4497
f 4641/4012/4469 4645/4017/4474 4659/4050/4483 4652/4045/4496
f 4658/4039/4493 4660/4037/4492 4655/4051/4502 4656/4052/4503
f 4655/4051/4502 4660/4037/4492 4594/4030/4485 4600/4027/4484
f 4595/4018/4475 4620/4019/4478 4621/4054/4505 4605/4040/4495
f 4605/4040/4495 4621/4054/4505 4622/4055/4506 4651/4038/4494
f 4651/4038/4494 4622/4055/4506 4623/4057/4507 4650/4056/4491
f 4650/4056/4491 4623/4057/4507 4624/4031/4488 4606/4032/4490
f 4627/4058/4508 4619/4060/4509 4626/4059/4510
f 4626/4059/4510 4619/4060/4509 4667/4061/4511
f 4619/4062/4509 4614/4064/4512 4667/4063/4511
f 4619/4060/4509 4627/4058/4508 4628/4066/4513 4673/4065/4514
f 4632/3987/4447 4608/3988/4446 4616/4068/4515 4631/4067/4516
f 4614/4064/4512 4610/3996/4454 4662/3997/4457 4667/4063/4511
f 4663/4001/4459 4610/3996/4454 4614/4064/4512 4668/4069/4517
f 4663/4001/4459 4668/4069/4517 4669/4070/4518 4664/4003/4460
f 4629/4071/4519 4630/4074/4520 4618/4073/4521 4672/4072/4522
f 4631/4067/4516 4616/4068/4515 4618/4073/4521 4630/4074/4520
f 4611/4075/4523 4665/4077/4466 4670/4009/4467 4615/4076/4524
f 4665/4077/4466 4611/4075/4523 4617/4079/4525 4671/4078/4468
f 4607/4080/4526 4613/4082/4527 4666/4081/4528
f 4661/3993/4449 4666/4084/4528 4613/4083/4527 4609/3995/4453
f 4666/4084/4528 4661/3993/4449 4647/3990/4448 4671/4010/4468
f 4607/4080/4526 4666/4081/4528 4671/4078/4468 4617/4079/4525
f 4668/4069/4517 4614/4064/4512 4619/4062/4509 4673/4085/4514
f 4668/4069/4517 4673/4085/4514 4672/4072/4522 4669/4070/4518
f 4616/4068/4515 4669/4070/4518 4672/4072/4522 4618/4073/4521
f 4664/4003/4460 4669/4070/4518 4616/4068/4515 4608/3988/4446
f 4612/4016/4473 4615/4076/4524 4670/4009/4467
f 4629/4071/4519 4672/4072/4522 4673/4065/4514 4628/4066/4513
f 4621/4054/4505 4601/4043/4498 4598/4044/4497 4622/4055/4506
f 4622/4055/4506 4598/4044/4497 4604/4026/4482 4623/4057/4507
f 4623/4057/4507 4604/4026/4482 4596/4024/4480 4624/4031/4488
f 4627/4058/4508 4607/4080/4526 4617/4079/4525 4628/4066/4513
f 4628/4066/4513 4617/4079/4525 4611/4075/4523 4629/4071/4519
f 4629/4071/4519 4611/4075/4523 4615/4076/4524 4630/4074/4520
f 4589/4013/4269 4593/4014/4471 4634/4020/4477 4633/3986/4242
f 4593/4014/4471 4602/4053/4504 4620/4019/4478 4634/4020/4477
f 4602/4053/4504 4601/4043/4498 4621/4054/4505 4620/4019/4478
f 4596/4024/4480 4597/4022/4479 4625/4033/4489 4624/4031/4488
f 4613/4082/4527 4607/4080/4526 4627/4058/4508 4626/4059/4510
f 4615/4076/4524 4612/4016/4473 4631/4067/4516 4630/4074/4520
f 4612/4016/4473 4592/4015/4472 4632/3987/4447 4631/4067/4516
f 4592/4015/4472 4589/4013/4269 4633/3986/4242 4632/3987/4447
f 4690/4086/4529 4685/4087/4530 4674/4088/4531 4675/4089/4532
f 4691/4090/4533 4686/4091/4534 4685/4087/4530 4690/4086/4529
f 4692/4092/4535 4687/4093/4536 4686/4091/4534 4691/4090/4533
f 4687/4093/4536 4692/4092/4535 4693/4094/4537 4688/4095/4538
f 4688/4095/4538 4693/4094/4537 4694/4096/4539
f 4694/4096/4539 4710/4097/4540 4709/4098/4541 4688/4095/4538
f 4705/4099/4542 4706/4100/4543 4689/4101/4544 4695/4102/4545
f 4710/4097/4540 4695/4102/4545 4689/4101/4544 4709/4098/4541
f 4685/4087/4530 4696/4103/4546 4676/4104/4547 4674/4088/4531
f 4686/4091/4534 4697/4105/4548 4696/4103/4546 4685/4087/4530
f 4687/4093/4536 4698/4106/4549 4697/4105/4548 4686/4091/4534
f 4677/4107/4550 4676/4104/4547 4696/4103/4546 4711/4108/4551
f 4711/4108/4551 4696/4103/4546 4697/4105/4548 4712/4109/4552
f 4712/4109/4552 4697/4105/4548 4698/4106/4549 4713/4110/4553
f 4698/4106/4549 4687/4093/4536 4688/4095/4538 4699/4111/4554
f 4699/4111/4554 4688/4095/4538 4709/4098/4541 4708/4112/4555
f 4713/4110/4553 4698/4106/4549 4699/4111/4554 4714/4113/4556
f 4714/4113/4556 4699/4111/4554 4708/4112/4555 4715/4114/4557
f 4715/4114/4557 4708/4112/4555 4700/4115/4558 4717/4116/4559
f 4708/4112/4555 4709/4098/4541 4689/4101/4544 4700/4115/4558
f 4722/4117/4560 4740/4118/4561 4739/4119/4562 4729/4120/4563
f 4724/4121/4564 4729/4120/4563 4739/4119/4562 4738/4122/4565
f 4725/4123/4566 4732/4124/4567 4729/4120/4563 4724/4121/4564
f 4722/4117/4560 4731/4125/4568 4741/4126/4569 4740/4118/4561
f 4722/4117/4560 4729/4120/4563 4732/4124/4567 4719/4127/4570
f 4745/4128/4571 4726/4129/4572 4733/4130/4573 4744/4131/4574
f 4727/4132/4575 4728/4133/4576 4733/4130/4573 4726/4129/4572
f 4733/4130/4573 4728/4133/4576 4743/4134/4577 4744/4131/4574
f 4742/4135/4578 4723/4136/4579 4678/4137/4580 4680/4138/4581
f 4742/4135/4578 4741/4126/4569 4731/4125/4568 4723/4136/4579
f 4727/4132/4575 4735/4139/4582 4732/4124/4567 4725/4123/4566
f 4735/4139/4582 4730/4140/4583 4719/4127/4570 4732/4124/4567
f 4723/4136/4579 4731/4125/4568 4730/4140/4583 4720/4141/4584
f 4719/4127/4570 4730/4140/4583 4731/4125/4568 4722/4117/4560
f 4735/4139/4582 4727/4132/4575 4726/4129/4572 4736/4142/4585
f 4736/4142/4585 4734/4143/4586 4720/4141/4584
f 4720/4141/4584 4730/4140/4583 4735/4139/4582 4736/4142/4585
f 4746/4144/4587 4736/4142/4585 4726/4129/4572 4745/4128/4571
f 4734/4143/4586 4736/4142/4585 4746/4144/4587 4747/4145/4588
f 4679/4146/4589 4734/4143/4586 4747/4145/4588 4681/4147/4590
f 4720/4141/4584 4734/4143/4586 4679/4146/4589 4682/4148/4591
f 4682/4148/4591 4678/4137/4580 4723/4136/4579 4720/4141/4584
f 4702/4149/4592 4706/4150/4543 4705/4151/4542 4703/4152/4593
f 3771/3396/4594 4702/4149/4592 4703/4152/4593 3770/3397/4595
f 4728/4133/4576 4727/4132/4575 4725/4123/4566 4718/4153/4596
f 4721/4154/4597 4724/4121/4564 4738/4122/4565 4737/4155/4598
f 4718/4153/4596 4725/4123/4566 4724/4121/4564 4721/4154/4597
f 4743/4134/4577 4728/4133/4576 4718/4153/4596 3775/3398/4599
f 4721/4154/4597 4737/4155/4598 4684/4156/4600 3774/3401/3696
f 3775/3398/4599 4718/4153/4596 4721/4154/4597 3774/3401/3696
f 4684/4156/4600 4748/4157/4601 3773/3402/3697 3774/3401/3696
f 4756/4086/4602 4675/4089/4532 4674/4088/4531 4751/4087/4603
f 4757/4090/4604 4756/4086/4602 4751/4087/4603 4752/4091/4605
f 4758/4092/4606 4757/4090/4604 4752/4091/4605 4753/4093/4607
f 4753/4093/4607 4754/4095/4608 4759/4094/4609 4758/4092/4606
f 4754/4095/4608 4760/4096/4610 4759/4094/4609
f 4760/4096/4610 4754/4095/4608 4775/4098/4611 4776/4097/4612
f 4771/4099/4613 4761/4102/4614 4755/4101/4615 4772/4100/4616
f 4776/4097/4612 4775/4098/4611 4755/4101/4615 4761/4102/4614
f 4751/4087/4603 4674/4088/4531 4676/4104/4547 4762/4103/4617
f 4752/4091/4605 4751/4087/4603 4762/4103/4617 4763/4105/4618
f 4753/4093/4607 4752/4091/4605 4763/4105/4618 4764/4106/4619
f 4677/4107/4550 4777/4108/4620 4762/4103/4617 4676/4104/4547
f 4777/4108/4620 4778/4109/4621 4763/4105/4618 4762/4103/4617
f 4778/4109/4621 4779/4110/4622 4764/4106/4619 4763/4105/4618
f 4764/4106/4619 4765/4111/4623 4754/4095/4608 4753/4093/4607
f 4765/4111/4623 4774/4112/4624 4775/4098/4611 4754/4095/4608
f 4779/4110/4622 4780/4113/4625 4765/4111/4623 4764/4106/4619
f 4780/4113/4625 4781/4114/4626 4774/4112/4624 4765/4111/4623
f 4772/4100/4616 4755/4101/4615 4766/4115/4627 4773/4158/4628
f 4783/4116/4629 4782/4159/4630 4773/4158/4628 4766/4115/4627
f 4781/4114/4626 4783/4116/4629 4766/4115/4627 4774/4112/4624
f 4774/4112/4624 4766/4115/4627 4755/4101/4615 4775/4098/4611
f 4788/4160/4631 4795/4161/4632 4805/4162/4633 4806/4163/4634
f 4790/4164/4635 4804/4165/4636 4805/4162/4633 4795/4161/4632
f 4791/4166/4637 4790/4164/4635 4795/4161/4632 4798/4167/4638
f 4788/4160/4631 4806/4163/4634 4807/4168/4639 4797/4169/4640
f 4788/4160/4631 4785/4170/4641 4798/4167/4638 4795/4161/4632
f 4811/4171/4642 4810/4172/4643 4799/4173/4644 4792/4174/4645
f 4793/4175/4646 4792/4174/4645 4799/4173/4644 4794/4176/4647
f 4799/4173/4644 4810/4172/4643 4809/4177/4648 4794/4176/4647
f 4808/4178/4649 4680/4179/4581 4678/4180/4580 4789/4181/4650
f 4808/4178/4649 4789/4181/4650 4797/4169/4640 4807/4168/4639
f 4793/4175/4646 4791/4166/4637 4798/4167/4638 4801/4182/4651
f 4801/4182/4651 4798/4167/4638 4785/4170/4641 4796/4183/4652
f 4789/4181/4650 4786/4184/4653 4796/4183/4652 4797/4169/4640
f 4785/4170/4641 4788/4160/4631 4797/4169/4640 4796/4183/4652
f 4801/4182/4651 4802/4185/4654 4792/4174/4645 4793/4175/4646
f 4802/4185/4654 4786/4184/4653 4800/4186/4655
f 4786/4184/4653 4802/4185/4654 4801/4182/4651 4796/4183/4652
f 4812/4187/4656 4811/4171/4642 4792/4174/4645 4802/4185/4654
f 4800/4186/4655 4813/4188/4657 4812/4187/4656 4802/4185/4654
f 4679/4189/4589 4681/4190/4590 4813/4188/4657 4800/4186/4655
f 4786/4184/4653 4682/4191/4591 4679/4189/4589 4800/4186/4655
f 4682/4191/4591 4786/4184/4653 4789/4181/4650 4678/4180/4580
f 4768/4192/4658 4769/4193/4659 4771/4194/4613 4772/4195/4616
f 4816/4196/4660 4815/4197/4661 4769/4193/4659 4768/4192/4658
f 4794/4176/4647 4784/4198/4662 4791/4166/4637 4793/4175/4646
f 4787/4199/4663 4803/4200/4664 4804/4165/4636 4790/4164/4635
f 4784/4198/4662 4787/4199/4663 4790/4164/4635 4791/4166/4637
f 4809/4177/4648 4196/4201/4665 4784/4198/4662 4794/4176/4647
f 4787/4199/4663 4818/4202/4666 4750/4203/4667 4803/4200/4664
f 4196/4201/4668 4818/4202/4666 4787/4199/4663 4784/4198/4662
f 4750/4203/4667 4818/4202/4666 4819/4204/4669 4814/4205/4670
f 4825/4206/4671 4826/4207/4672 4193/4208/4673 4184/4209/4674
f 4826/4207/4672 4825/4206/4671 4822/4210/4675 4823/4211/4676
f 4816/4196/4677 4823/4211/4676 4822/4210/4675 4815/4197/4678
f 4826/4207/4672 4827/4212/4679 4196/4201/4680 4193/4208/4673
f 4818/4202/4666 4827/4212/4679 4819/4204/4669
f 4827/4212/4679 4818/4202/4666 4196/4201/4680
f 3766/3400/3695 3772/4213/4681 3771/3396/3691 3765/3394/3689
f 3777/3403/3698 3776/4214/4682 3766/3400/3695
f 3776/4214/4682 3772/4213/4681 3766/3400/3695
f 4706/4100/4543 4707/4158/4683 4700/4115/4558 4689/4101/4544
f 4717/4116/4559 4700/4115/4558 4707/4158/4683 4716/4159/4684
f 4702/4149/4592 4701/4215/4685 4707/4216/4683 4706/4150/4543
f 4716/4217/4684 4707/4216/4683 4701/4215/4685 4704/4218/4686
f 3772/4213/4687 4701/4215/4685 4702/4149/4592 3771/3396/4594
f 3777/3403/3698 4683/4219/4688 3776/4214/4682
f 4704/4218/4686 3776/4214/4682 4683/4219/4688
f 3777/3403/3698 3773/3402/3697 4748/4157/4601 4683/4219/4688
f 3772/4213/4687 3776/4214/4682 4704/4218/4686 4701/4215/4685
f 4768/4192/4658 4772/4195/4616 4773/4220/4628 4767/4221/4689
f 4782/4222/4630 4770/4223/4690 4767/4221/4689 4773/4220/4628
f 4817/4224/4691 4816/4196/4660 4768/4192/4658 4767/4221/4689
f 4821/4225/4692 4820/4226/4693 4749/4227/4694
f 4820/4226/4693 4770/4223/4690 4749/4227/4694
f 4814/4205/4670 4819/4204/4669 4821/4225/4692 4749/4227/4694
f 4824/4228/4695 4823/4211/4676 4816/4196/4677 4817/4224/4696
f 4824/4228/4695 4827/4212/4679 4826/4207/4672 4823/4211/4676
f 4821/4225/4692 4824/4228/4695 4820/4226/4693
f 4820/4226/4693 4824/4228/4695 4817/4224/4696
f 4821/4225/4692 4819/4204/4669 4827/4212/4679 4824/4228/4695
f 4770/4223/4690 4820/4226/4693 4817/4224/4691 4767/4221/4689
l 1 3
l 1 2
l 2 4
l 3 4
